verbatimScientificName,stateProvince,decimalLatitude,decimalLongitude,coordinateUncertaintyInMeters,eventDate
Trachemys scripta elegans,Texas,29.764617,-95.453697,10.0,2024-09-04T16:00
Trachemys scripta elegans,Texas,28.98356,-96.012085,228.0,2024-11-09T11:04
Trachemys scripta elegans,Texas,28.98356,-96.012085,228.0,2024-11-09T11:05
Trachemys scripta elegans,Texas,29.764506,-95.453683,15.0,2024-09-13T13:27
Trachemys scripta elegans,Texas,32.317042,-95.252815,1078.0,2024-09-09T12:02:54
Trachemys scripta elegans,Tennessee,35.061796,-85.065548,20.0,2024-11-04T12:45:54
Trachemys scripta elegans,Louisiana,30.408945,-91.173422,19.0,2024-09-25T17:18:02
Trachemys scripta elegans,Texas,29.716777,-95.392879,30.0,2024-06-10T10:08
Trachemys scripta elegans,Arkansas,36.354135,-94.218219,307.0,2024-04-15T10:13
Trachemys scripta elegans,Texas,29.614266,-94.538776,8.0,2023-04-25T12:32
Trachemys scripta elegans,Texas,29.806641,-95.765534,858.0,2015-05-04T17:57
Trachemys scripta elegans,Texas,29.613532,-94.534793,8.0,2023-04-25T12:17
Trachemys scripta elegans,Texas,30.368246,-95.461725,29382.0,2019-04-10T12:55:56
Trachemys scripta elegans,Missouri,36.732684,-91.177758,9604.0,2017-11-30T13:25:40
Trachemys scripta elegans,Arkansas,36.018058,-91.029966,23.0,2024-07-01T15:03:36
Trachemys scripta elegans,Illinois,37.721919,-89.028663,299.0,2018-06-24T08:18
Trachemys scripta elegans,Florida,29.962721,-82.705564,29433.0,2024-03-07T12:37:22
Trachemys scripta elegans,Louisiana,30.245153,-92.111794,5.0,2024-12-31T14:40
Trachemys scripta elegans,Texas,30.209377,-95.750782,3593.0,2024-09-15T16:34:08
Trachemys scripta elegans,Florida,30.287643,-81.654289,72.0,2024-08-13T14:16:38
Trachemys scripta elegans,Louisiana,29.956457,-93.757065,29433.0,2024-06-12T18:37:17
Trachemys scripta elegans,North Carolina,35.526778,-82.969565,667.0,2024-05-04T11:00
Trachemys scripta elegans,Texas,30.300265,-96.051458,4.0,2024-05-31T19:03:21
Trachemys scripta elegans,Kentucky,37.007905,-89.106616,24.0,2024-04-08T15:02
Trachemys scripta elegans,Florida,30.26986,-81.639595,200.0,2024-04-29T10:51
Trachemys scripta elegans,Texas,29.671882,-96.269393,31.0,2024-02-12T14:15
Trachemys scripta elegans,Tennessee,36.443527,-89.334075,244.0,2024-04-22T11:59
Trachemys scripta elegans,Florida,30.201187,-81.385545,4.0,2024-05-11T09:07:59
Trachemys scripta elegans,Tennessee,35.036958,-89.789312,,2023-07-26T11:38:02
Trachemys scripta elegans,Louisiana,30.005951,-90.093781,4.0,2023-06-29T19:47:44
Trachemys scripta elegans,Texas,31.214297,-93.660919,4.0,2023-05-17
Trachemys scripta elegans,Texas,30.076323,-94.801306,,2023-05-01T15:48:10
Trachemys scripta elegans,Texas,29.698907,-93.949066,147.0,2022-04-18T12:46
Trachemys scripta elegans,Texas,30.220306,-95.505776,7.0,2023-07-28T07:44:48
Trachemys scripta elegans,Tennessee,35.108914,-89.914918,29.0,2023-05-29T10:45:32
Trachemys scripta elegans,Texas,29.761897,-95.832869,10.0,2021-05-19T08:21
Trachemys scripta elegans,South Carolina,34.795975,-82.235625,4.0,2023-03-06T11:28:52
Trachemys scripta elegans,Virginia,36.872499,-81.516015,2.0,2022-04-30T14:19
Trachemys scripta elegans,Alabama,30.360436,-87.644505,28.0,2021-08-04T19:07:38Z
Trachemys scripta elegans,Texas,29.744527,-95.784881,29458.0,2019-04-20T16:32:26Z
Trachemys scripta elegans,Alabama,34.371657,-86.21138,70.0,2021-03-08T14:19
Trachemys scripta elegans,Arkansas,36.337124,-94.100646,360.0,2024-09-29T11:56
Trachemys scripta elegans,Texas,28.936228,-95.404367,4.0,2024-12-04T15:24:32
Trachemys scripta elegans,Texas,29.718879,-95.39246,58.0,2024-03-30T16:21:50
Trachemys scripta elegans,Texas,29.686803,-95.268559,247.0,2024-12-31T12:12
Trachemys scripta elegans,Texas,29.250618,-94.854564,731.0,2024-12-27T17:38
Trachemys scripta elegans,Louisiana,29.984915,-90.094902,13.0,2024-10-22T17:29
Trachemys scripta elegans,Louisiana,30.245153,-92.111794,5.0,2024-12-31T14:40
Trachemys scripta elegans,Texas,30.573618,-96.36412,31.0,2022-09-14T09:52
Trachemys scripta elegans,Arkansas,36.083456,-94.20974,,2024-12-15T11:59:47
Trachemys scripta elegans,Texas,32.634476,-95.460578,196.0,2024-12-19T14:42
Trachemys scripta elegans,Texas,29.806641,-95.765534,858.0,2015-03-25T02:00
Trachemys scripta elegans,Texas,29.587795,-95.592149,15.0,2024-12-24T08:42
Trachemys scripta elegans,Texas,29.634682,-95.662117,491.0,2024-12-17T08:45
Trachemys scripta elegans,Mississippi,30.788268,-89.807679,113.0,2024-12-15T13:13
Trachemys scripta elegans,Texas,29.780031,-95.462249,29458.0,2024-12-29T13:49:22
Trachemys scripta elegans,Louisiana,30.536218,-91.090742,4.0,2024-12-14T12:18
Trachemys scripta elegans,Texas,29.764884,-95.452022,9.0,2024-12-11T13:48:48
Trachemys scripta elegans,Texas,29.669185,-96.276163,,2024-03-29T09:48
Trachemys scripta elegans,Texas,29.714575,-95.386313,5.0,2024-12-21T15:37:17
Trachemys scripta elegans,Texas,29.526783,-95.799153,,2024-12-15T09:42
Trachemys scripta elegans,Texas,29.251059,-94.855901,80.0,2024-12-23T15:29
Trachemys scripta elegans,Texas,29.66393,-95.490871,66.0,2024-12-17T12:02:28
Trachemys scripta elegans,Texas,29.964535,-95.203782,29.0,2024-02-27T15:57:32
Trachemys scripta elegans,Texas,30.211175,-95.51387,14.0,2024-02-25T11:19:35
Trachemys scripta elegans,Texas,29.588209,-95.591936,20.0,2024-12-09T09:25
Trachemys scripta elegans,Texas,30.23478,-95.179322,45.0,2020-06-19T17:59:53Z
Trachemys scripta elegans,Texas,28.983887,-96.010403,2.0,2024-12-24T14:00
Trachemys scripta elegans,Texas,29.857768,-95.160229,188.0,2023-02-10T12:26
Trachemys scripta elegans,Texas,29.217613,-94.934444,143.0,2024-04-14T10:32
Trachemys scripta elegans,Texas,29.771467,-95.56955,8.0,2024-12-31T12:39:28
Trachemys scripta elegans,Texas,30.037797,-95.376892,14.0,2024-12-30T13:16:49
Trachemys scripta elegans,Texas,29.57442,-95.132532,101.0,2024-12-22T12:34
Trachemys scripta elegans,Oklahoma,36.088592,-95.921796,3.0,2024-12-29T13:58
Trachemys scripta elegans,Texas,29.671869,-96.269312,,2024-12-19T12:54
Trachemys scripta elegans,Louisiana,29.931426,-90.124101,31.0,2024-12-18T12:53
Trachemys scripta elegans,Louisiana,29.794761,-90.122576,244.0,2024-12-27T18:59
Trachemys scripta elegans,Mississippi,30.58588,-89.444976,4.0,2024-12-28T11:23:26
Trachemys scripta elegans,Texas,29.579373,-95.63507,9.0,2024-12-18T14:04:36
Trachemys scripta elegans,Texas,29.377299,-95.594349,104.0,2024-12-30T14:00:33
Trachemys scripta elegans,Texas,29.726845,-95.758797,939.0,2024-12-15T13:31
Trachemys scripta elegans,Mississippi,30.788268,-89.807679,113.0,2024-12-15T13:13
Trachemys scripta elegans,Texas,29.64053,-95.183922,,2024-12-28T10:21:05
Trachemys scripta elegans,Texas,29.98958,-95.562611,2.0,2024-12-27T14:28
Trachemys scripta elegans,Texas,29.33735,-95.288887,14.0,2024-12-27T11:06:13
Trachemys scripta elegans,Texas,29.430555,-95.71948,8.0,2024-12-14T10:48:58
Trachemys scripta elegans,Texas,30.600669,-96.323705,1.0,2024-12-15T13:18
Trachemys scripta elegans,Louisiana,30.415253,-91.116964,,2023-06-27T08:12
Trachemys scripta elegans,Arkansas,34.654126,-92.645216,28790.0,2022-11-22T15:16
Trachemys scripta elegans,Oklahoma,36.319464,-95.642202,22.0,2024-10-10T14:18
Trachemys scripta elegans,Texas,29.588161,-95.591903,,2024-12-09T09:24
Trachemys scripta elegans,Texas,28.98356,-96.012085,177.0,2024-12-01T12:49
Trachemys scripta elegans,Texas,29.587744,-95.591056,,2024-12-31T09:43
Trachemys scripta elegans,Texas,29.901131,-95.81459,1425.0,2023-05-29T17:43
Trachemys scripta elegans,Texas,28.982605,-96.013896,15.0,2024-12-14T10:27
Trachemys scripta elegans,Texas,29.574797,-95.017143,431.0,2024-12-21T12:29
Trachemys scripta elegans,Louisiana,29.998701,-92.791069,31.0,2024-12-16T14:22
Trachemys scripta elegans,Texas,29.372387,-95.624767,297.0,2022-05-06T12:09
Trachemys scripta elegans,Florida,29.214655,-82.052245,9.0,2024-12-16T13:32:36
Trachemys scripta elegans,Texas,29.602901,-94.555758,88.0,2024-12-06T13:26:57
Trachemys scripta elegans,Texas,29.718018,-95.391163,8.0,2022-04-02T10:38:48
Trachemys scripta elegans,Tennessee,36.384058,-87.144133,28563.0,2024-12-23T12:55
Trachemys scripta elegans,Georgia,33.202745,-81.80092,28984.0,2024-11-29T20:12
Trachemys scripta elegans,Texas,29.3818,-95.586882,2432.0,2024-11-30T22:51:26
Trachemys scripta elegans,Kentucky,37.887797,-87.553236,139.0,2023-06-07T11:36:26
Trachemys scripta elegans,Texas,31.37662,-94.725608,14.0,2022-05-08
Trachemys scripta elegans,Texas,30.393238,-95.690305,,2024-12-09T13:25:08
Trachemys scripta elegans,Texas,29.901231,-95.81364,823.0,2022-11-06T14:34
Trachemys scripta elegans,Oklahoma,36.31892,-95.640781,56.0,2024-08-22T13:04
Trachemys scripta elegans,Texas,29.725092,-95.785308,4.0,2024-12-01T12:32:13
Trachemys scripta elegans,Tennessee,35.08697,-85.305936,70.0,2020-06-07T14:04
Trachemys scripta elegans,Oklahoma,36.324562,-95.582025,5.0,2024-11-24T15:21:39
Trachemys scripta elegans,Florida,29.714931,-81.514728,196.0,2024-12-01T15:00
Trachemys scripta elegans,Texas,30.050916,-95.161518,499.0,2024-11-24T16:45
Trachemys scripta elegans,Texas,29.593001,-95.582152,,2024-11-29T09:56
Trachemys scripta elegans,Tennessee,36.503913,-87.372647,51.0,2024-12-01T14:24
Trachemys scripta elegans,Texas,29.699538,-95.875838,2.0,2024-11-26T13:07:25
Trachemys scripta elegans,Alabama,34.707496,-86.634037,601.0,2024-11-02T14:49
Trachemys scripta elegans,Texas,29.588239,-95.591978,,2024-11-29T09:19
Trachemys scripta elegans,Arkansas,34.263525,-92.091273,2879.0,2024-09-03T12:48
Trachemys scripta elegans,Texas,29.63367,-95.663828,34.0,2022-10-08T09:04
Trachemys scripta elegans,North Carolina,35.401445,-80.862647,40.0,2024-11-27T13:34:23
Trachemys scripta elegans,Texas,29.614062,-94.547579,4.0,2024-11-15T09:34
Trachemys scripta elegans,Florida,30.316187,-81.681122,15.0,2024-10-05T12:34:38
Trachemys scripta elegans,Texas,29.806641,-95.765534,858.0,2015-01-26T05:51
Trachemys scripta elegans,Oklahoma,36.088588,-95.921693,6.0,2024-11-27T12:00
Trachemys scripta elegans,Texas,29.696687,-95.886732,65.0,2021-09-28T13:30:42Z
Trachemys scripta elegans,Louisiana,30.335703,-92.057839,4.0,2024-11-25T16:44:24
Trachemys scripta elegans,Texas,29.806641,-95.765534,858.0,2015-01-21T00:18
Trachemys scripta elegans,Kentucky,37.891477,-87.539235,188.0,2018-05-16T12:29:10
Trachemys scripta elegans,Texas,32.585851,-95.415231,2.0,2024-12-02T13:47
Trachemys scripta elegans,Texas,29.628108,-95.665029,2541.0,2024-12-01T12:32:06
Trachemys scripta elegans,Texas,30.026398,-95.209133,,2023-08-07T14:34:23
Trachemys scripta elegans,Texas,32.557667,-94.963387,4.0,2023-05-10T10:58:53
Trachemys scripta elegans,Texas,29.633669,-95.663811,,2024-11-21T11:00
Trachemys scripta elegans,Texas,29.328651,-94.768845,,2024-11-11T12:37
Trachemys scripta elegans,Texas,32.851557,-95.994003,15.0,2023-07-07T08:44
Trachemys scripta elegans,Texas,29.371409,-95.625831,4.0,2024-10-22T10:58
Trachemys scripta elegans,South Carolina,33.335204,-81.844149,52.0,2024-05-26T06:46
Trachemys scripta elegans,Texas,29.673593,-96.271253,,2024-11-23T10:45
Trachemys scripta elegans,Texas,29.398665,-94.908963,29508.0,2023-10-13T09:45:18
Trachemys scripta elegans,Texas,32.411729,-96.187038,244.0,2024-11-22T14:13
Trachemys scripta elegans,Texas,29.780988,-95.402013,375.0,2024-04-26T19:35:28
Trachemys scripta elegans,Texas,30.904163,-95.305749,25.0,2024-11-17T12:24:13
Trachemys scripta elegans,Texas,29.370962,-95.631921,193.0,2024-05-24T21:32
Trachemys scripta elegans,Texas,30.60717,-96.286462,,2024-11-17T15:48:15
Trachemys scripta elegans,Georgia,34.054383,-84.066058,22.0,2024-09-30T17:08
Trachemys scripta elegans,Texas,30.904076,-95.306411,25.0,2024-11-17T12:24:46
Trachemys scripta elegans,Texas,31.373421,-94.729487,18.0,2024-11-21
Trachemys scripta elegans,Texas,29.526223,-95.800579,,2024-11-24T10:34
Trachemys scripta elegans,Texas,30.05002,-95.172489,,2023-08-13T16:32:06
Trachemys scripta elegans,Texas,29.718888,-95.392678,43.0,2024-11-25T10:07:41
Trachemys scripta elegans,Texas,32.411729,-96.187038,244.0,2024-11-22T14:13
Trachemys scripta elegans,Texas,33.287806,-96.250411,4.0,2023-06-23T09:10
Trachemys scripta elegans,Texas,29.766941,-95.432067,4.0,2024-11-16T15:41:23
Trachemys scripta elegans,Texas,29.588022,-95.591972,,2024-11-15T10:34
Trachemys scripta elegans,Texas,30.095458,-95.399217,4.0,2024-11-16T09:06:12
Trachemys scripta elegans,Texas,29.76689,-95.432128,4.0,2024-11-16T15:40:42
Trachemys scripta elegans,Texas,29.588128,-95.591872,5.0,2022-08-31T15:52
Trachemys scripta elegans,Texas,29.64447,-95.718734,,2024-10-12T10:15
Trachemys scripta elegans,Texas,32.037028,-95.597419,29146.0,2024-04-06T13:48
Trachemys scripta elegans,Texas,29.591644,-95.590829,,2024-11-15T10:46
Trachemys scripta elegans,Texas,30.153114,-95.567887,4.0,2024-04-15T14:53:33
Trachemys scripta elegans,Illinois,37.357368,-88.913607,99.0,2024-10-14T13:38:09
Trachemys scripta elegans,Oklahoma,35.967454,-95.892285,260.0,2024-11-11
Trachemys scripta elegans,Texas,29.76183,-95.450097,8.0,2021-10-24T14:47:54Z
Trachemys scripta elegans,Texas,29.819025,-95.503265,24.0,2024-11-18T10:39:03
Trachemys scripta elegans,Texas,29.518537,-95.089242,9.0,2024-03-02T12:40:17
Trachemys scripta elegans,Tennessee,36.505379,-87.371512,54.0,2024-11-16T14:45
Trachemys scripta elegans,Texas,29.719222,-95.392077,60.0,2024-03-30T16:13:18
Trachemys scripta elegans,Louisiana,30.408833,-91.173247,7.0,2024-11-11T08:55:33
Trachemys scripta elegans,Texas,29.217498,-94.934539,4.0,2024-11-16T10:38
Trachemys scripta elegans,Oklahoma,36.084488,-95.921985,1.0,2024-11-14T14:26
Trachemys scripta elegans,Louisiana,29.933864,-90.123896,4.0,2024-05-09T09:59
Trachemys scripta elegans,Tennessee,36.505326,-87.371471,53.0,2024-11-16T14:45
Trachemys scripta elegans,Texas,29.598181,-95.590564,,2024-09-20T09:23
Trachemys scripta elegans,Arkansas,35.072923,-92.484229,6062.0,2024-10-22T15:02:31
Trachemys scripta elegans,Oklahoma,36.087424,-95.921532,1.0,2024-11-11T12:13
Trachemys scripta elegans,Missouri,36.743836,-93.627933,1860.0,2024-09-29T12:02
Trachemys scripta elegans,Texas,29.953819,-95.49222,122.0,2024-11-05T12:28
Trachemys scripta elegans,Texas,30.124926,-95.687684,37.0,2021-06-09T13:53Z
Trachemys scripta elegans,Alabama,30.248042,-88.087014,4.0,2024-11-09T14:18:34
Trachemys scripta elegans,Texas,29.718918,-95.392342,398.0,2024-11-10T15:46:59
Trachemys scripta elegans,Texas,29.573117,-94.392409,294.0,2024-04-17T22:41
Trachemys scripta elegans,Louisiana,30.016219,-90.709838,3.0,2024-10-20T12:26:02
Trachemys scripta elegans,Texas,30.173637,-95.586028,112.0,2023-05-07T10:22:44
Trachemys scripta elegans,Texas,29.370939,-95.631868,24.0,2022-05-06T11:39
Trachemys scripta elegans,Texas,29.572505,-94.389918,306.0,2024-04-16T09:19
Trachemys scripta elegans,Texas,29.573612,-94.39173,381.0,2024-04-19T13:17:03
Trachemys scripta elegans,Texas,30.024667,-95.297027,4.0,2023-12-15T11:27:48
Trachemys scripta elegans,Oklahoma,36.312511,-95.61609,18240.0,2024-10-30T15:15:16
Trachemys scripta elegans,Alabama,32.693908,-87.25602,4.0,2024-11-04T13:32:26
Trachemys scripta elegans,Illinois,37.36185,-88.927018,3147.0,2024-10-25T12:02
Trachemys scripta elegans,Georgia,33.9444,-83.373962,65.0,2019-08-21T13:52:25
Trachemys scripta elegans,Texas,29.595672,-95.071102,201.0,2024-10-27T13:33
Trachemys scripta elegans,Texas,32.802065,-94.883334,18.0,2024-10-26T11:42
Trachemys scripta elegans,Texas,28.981783,-96.014046,4.0,2024-10-21T12:43
Trachemys scripta elegans,Texas,29.371411,-95.625848,2.0,2024-10-22T10:48
Trachemys scripta elegans,Texas,29.585368,-95.155647,199.0,2024-10-26T09:01:25
Trachemys scripta elegans,Texas,29.54535,-95.30832,10.0,2024-03-14T16:59:44
Trachemys scripta elegans,Texas,29.595672,-95.071102,201.0,2024-10-27T13:33
Trachemys scripta elegans,Oklahoma,36.260834,-95.588358,5.0,2024-10-25T09:21:08
Trachemys scripta elegans,Oklahoma,36.319083,-95.644225,3.0,2024-10-25T09:28:13
Trachemys scripta elegans,Texas,30.60706,-96.35229,,2024-10-20T09:55
Trachemys scripta elegans,Texas,28.982388,-96.013833,4.0,2024-10-21T12:51
Trachemys scripta elegans,Texas,29.896393,-95.574989,,2024-10-27T18:54:31
Trachemys scripta elegans,Texas,29.761156,-95.3731,5.0,2023-10-06T14:30
Trachemys scripta elegans,Texas,29.896678,-95.575878,4.0,2024-10-14T07:58
Trachemys scripta elegans,Oklahoma,36.319137,-95.643812,147.0,2024-10-25T09:53:39
Trachemys scripta elegans,Arkansas,36.350777,-94.29129,77.0,2024-10-28T09:18
Trachemys scripta elegans,Texas,28.982075,-96.013808,4.0,2024-10-21T12:43
Trachemys scripta elegans,Arkansas,35.304055,-93.156888,,2024-10-27T12:30:45
Trachemys scripta elegans,Oklahoma,36.261691,-95.589151,127.0,2024-10-25T09:13:25
Trachemys scripta elegans,Texas,30.641542,-96.32463,3.0,2024-10-22T11:48:45
Trachemys scripta elegans,Oklahoma,36.320907,-95.653919,2834.0,2024-10-25T09:13:26
Trachemys scripta elegans,North Carolina,35.903339,-81.52529,189.0,2024-10-24T13:58
Trachemys scripta elegans,Oklahoma,36.318958,-95.643617,3.0,2024-10-25T09:49:27
Trachemys scripta elegans,Tennessee,36.395027,-87.021879,28563.0,2024-10-23T12:00
Trachemys scripta elegans,Georgia,33.396856,-84.596343,9001.0,2024-10-06T11:12
Trachemys scripta elegans,Mississippi,30.345125,-89.143432,488.0,2024-10-19T12:19
Trachemys scripta elegans,Texas,29.67174,-96.269295,,2024-10-18T13:51
Trachemys scripta elegans,Texas,29.526783,-95.799147,,2024-10-20T11:27
Trachemys scripta elegans,Texas,29.376031,-95.595705,31.0,2024-10-21T12:07
Trachemys scripta elegans,North Carolina,35.589246,-80.912454,,2024-10-20T19:00:18
Trachemys scripta elegans,Tennessee,36.243965,-87.077563,28563.0,2024-10-16T13:48
Trachemys scripta elegans,Texas,30.603079,-96.360039,,2017-05-07T12:13:16
Trachemys scripta elegans,Texas,29.587733,-95.590964,,2024-10-14T09:54
Trachemys scripta elegans,Texas,29.829788,-94.742897,,2017-04-14T09:26:23
Trachemys scripta elegans,Texas,29.600712,-95.623817,2.0,2024-10-21T12:29:26
Trachemys scripta elegans,Texas,29.767236,-95.431269,148.0,2024-10-19T18:19:09
Trachemys scripta elegans,Texas,29.370962,-95.631921,193.0,2021-10-06T14:28
Trachemys scripta elegans,Oklahoma,36.087474,-95.921506,1.0,2024-10-16T14:17
Trachemys scripta elegans,Illinois,37.357311,-88.917111,,2024-10-13T13:19
Trachemys scripta elegans,Arkansas,36.18372,-94.540283,4.0,2024-10-19T09:06:30
Trachemys scripta elegans,Texas,29.782295,-95.648812,7.0,2024-08-17T18:38:04
Trachemys scripta elegans,Oklahoma,36.087454,-95.921514,1.0,2024-10-16T14:17
Trachemys scripta elegans,Texas,29.739788,-95.880294,52.0,2024-10-13T14:38
Trachemys scripta elegans,Texas,29.600875,-95.623458,2.0,2024-10-21T12:28:28
Trachemys scripta elegans,South Carolina,33.966388,-80.932762,3153.0,2024-10-11T10:50:30
Trachemys scripta elegans,North Carolina,35.089407,-80.88195,61.0,2024-10-09T16:09
Trachemys scripta elegans,Texas,32.191024,-96.102578,5.0,2024-10-12T08:17
Trachemys scripta elegans,Arkansas,35.140442,-93.087761,604.0,2024-10-09T16:01:27
Trachemys scripta elegans,Texas,33.521217,-95.608453,4.0,2024-09-05T13:07:09
Trachemys scripta elegans,Texas,32.191104,-96.102571,5.0,2024-10-12T11:24:43
Trachemys scripta elegans,Texas,29.89772,-95.80987,2.0,2024-10-10T18:51
Trachemys scripta elegans,Texas,29.660489,-95.149312,133.0,2024-10-08T15:41
Trachemys scripta elegans,Illinois,37.453008,-89.44352,28388.0,2024-10-08T18:11
Trachemys scripta elegans,Texas,29.587831,-95.590947,,2024-10-07T10:13
Trachemys scripta elegans,Texas,29.593607,-95.588317,,2024-10-11T08:34
Trachemys scripta elegans,Texas,29.637468,-95.661159,230.0,2023-03-03T14:30
Trachemys scripta elegans,Texas,32.191121,-96.102504,4.0,2024-10-11T13:50:08
Trachemys scripta elegans,Texas,29.714544,-95.859125,2369.0,2021-02-06T14:33
Trachemys scripta elegans,Illinois,37.285669,-88.966066,28417.0,2024-10-06T13:41
Trachemys scripta elegans,Texas,30.898308,-96.280412,,2015-05-28T16:05:06
Trachemys scripta elegans,Louisiana,30.363862,-90.992217,4.0,2024-09-25T09:17
Trachemys scripta elegans,Illinois,37.503353,-89.419681,28388.0,2024-10-04T14:54
Trachemys scripta elegans,Texas,29.632794,-95.664822,,2024-10-04T11:38
Trachemys scripta elegans,Texas,29.716672,-95.392989,15.0,2024-05-14T09:32
Trachemys scripta elegans,Louisiana,30.376496,-90.966615,29382.0,2024-09-23T08:21
Trachemys scripta elegans,Texas,29.587823,-95.590991,10.0,2024-09-25T14:31
Trachemys scripta elegans,Arkansas,35.571245,-91.604037,15.0,2023-02-27T12:39
Trachemys scripta elegans,Texas,29.598114,-95.590582,,2024-09-30T07:55
Trachemys scripta elegans,North Carolina,35.054685,-83.188573,8.0,2024-10-02T15:48
Trachemys scripta elegans,Texas,28.98341,-96.011206,184.0,2022-07-31T07:29
Trachemys scripta elegans,Alabama,34.710476,-86.632271,20.0,2024-09-30T11:16:34
Trachemys scripta elegans,Texas,29.983295,-95.572682,4.0,2024-09-27T13:34
Trachemys scripta elegans,Alabama,34.660942,-86.662366,28790.0,2023-04-28T14:15
Trachemys scripta elegans,Georgia,31.945789,-81.304923,4.0,2024-10-06T10:23
Trachemys scripta elegans,Missouri,37.947376,-91.178291,,2024-09-07T08:48:35
Trachemys scripta elegans,Texas,31.441084,-96.084772,10.0,2024-09-17T13:11
Trachemys scripta elegans,Texas,29.572889,-94.391358,30.0,2024-04-23T10:35
Trachemys scripta elegans,Texas,29.329331,-94.769549,,2024-10-02T15:53:30
Trachemys scripta elegans,Arkansas,33.1365,-92.0838,,2024-09-12T18:54
Trachemys scripta elegans,Texas,29.603793,-95.096351,202.0,2024-10-03T18:03
Trachemys scripta elegans,Texas,29.983484,-95.572582,8.0,2024-09-27T13:35
Trachemys scripta elegans,Texas,29.526279,-95.800624,,2024-09-29T10:29
Trachemys scripta elegans,Tennessee,36.503628,-87.374535,36.0,2024-09-21T15:09
Trachemys scripta elegans,Tennessee,36.505376,-87.371491,58.0,2024-09-21T15:13
Trachemys scripta elegans,Texas,29.605645,-95.603678,,2024-09-22T10:19
Trachemys scripta elegans,Louisiana,29.903539,-91.910398,32.0,2021-06-09T02:07:24
Trachemys scripta elegans,Tennessee,36.294653,-86.517564,3748.0,2024-08-23T09:46:15
Trachemys scripta elegans,Tennessee,36.505126,-87.371072,51.0,2024-09-21T14:09
Trachemys scripta elegans,Tennessee,36.503374,-87.373981,100.0,2024-09-21T15:24
Trachemys scripta elegans,Texas,29.766876,-95.45222,15.0,2024-04-12T13:36
Trachemys scripta elegans,Texas,29.766831,-95.450511,15.0,2024-03-29T11:07
Trachemys scripta elegans,Missouri,36.530218,-93.46185,2.0,2024-09-18T13:52
Trachemys scripta elegans,Tennessee,36.503301,-87.374223,8.0,2024-09-21T08:53
Trachemys scripta elegans,Louisiana,29.926948,-90.12696,77.0,2024-09-22T09:39:59
Trachemys scripta elegans,Tennessee,36.503576,-87.374473,45.0,2024-09-21T14:49
Trachemys scripta elegans,Texas,29.339088,-95.285758,6.0,2024-09-19T16:26:41
Trachemys scripta elegans,Texas,29.588136,-95.591987,,2024-09-25T14:25
Trachemys scripta elegans,Texas,29.767809,-95.432726,50.0,2024-04-02T09:28
Trachemys scripta elegans,Texas,29.370962,-95.631921,193.0,2024-06-23T09:05
Trachemys scripta elegans,Texas,29.473984,-95.247476,23.0,2024-09-19T12:36:21
Trachemys scripta elegans,Florida,30.25117,-81.53037,70.0,2024-03-09T13:20
Trachemys scripta elegans,Texas,30.102135,-93.751716,139.0,2024-04-24T13:53
Trachemys scripta elegans,Arkansas,34.555781,-92.617511,8.0,2024-09-21T15:30
Trachemys scripta elegans,Arkansas,36.052795,-94.117936,3.0,2024-09-23T14:29:43
Trachemys scripta elegans,Tennessee,36.505316,-87.371493,49.0,2024-09-21T14:14
Trachemys scripta elegans,Florida,29.192981,-81.038216,3.0,2022-05-11T11:41:30
Trachemys scripta elegans,Florida,29.787115,-82.362306,99012.0,2024-09-24T12:58:36
Trachemys scripta elegans,Louisiana,29.995876,-90.091517,30.0,2024-09-15T16:18:44
Trachemys scripta elegans,Texas,29.766909,-95.452172,15.0,2023-07-16T07:09
Trachemys scripta elegans,Texas,30.590329,-94.922246,195.0,2020-06-03T15:59:43
Trachemys scripta elegans,Louisiana,30.017226,-90.179063,4.0,2024-09-08T10:19:13
Trachemys scripta elegans,Texas,30.008471,-95.508293,81.0,2024-09-06T08:05:34
Trachemys scripta elegans,Florida,29.173177,-81.041851,100.0,2024-06-19T07:08
Trachemys scripta elegans,North Carolina,35.188961,-80.844655,174.0,2024-09-03T21:49
Trachemys scripta elegans,Texas,29.747091,-95.049082,98.0,2018-01-16T06:00:14
Trachemys scripta elegans,Texas,29.633749,-95.663918,,2024-09-14T08:16
Trachemys scripta elegans,Kentucky,37.718296,-87.119584,28359.0,2021-03-14T14:56
Trachemys scripta elegans,Louisiana,29.921058,-90.130625,1.0,2019-02-15T13:31
Trachemys scripta elegans,Florida,30.327606,-81.540268,35.0,2024-09-13T15:06:30
Trachemys scripta elegans,Texas,29.724992,-95.763488,143.0,2024-09-07T15:51
Trachemys scripta elegans,Tennessee,35.946782,-83.937173,257.0,2024-08-29T15:43
Trachemys scripta elegans,Texas,29.554938,-95.586099,10.0,2024-09-11T10:07
Trachemys scripta elegans,Texas,29.766733,-95.450613,30.0,2024-02-23T13:35
Trachemys scripta elegans,Texas,29.591738,-94.996159,,2024-09-07T09:14
Trachemys scripta elegans,Oklahoma,36.124415,-95.985038,6.0,2024-09-14T18:19:18
Trachemys scripta elegans,Arkansas,35.290295,-93.518075,4.0,2024-09-13T16:34:02
Trachemys scripta elegans,Georgia,34.473292,-84.428339,,2024-05-10T13:43:03
Trachemys scripta elegans,Texas,29.526789,-95.79919,,2024-09-08T12:03
Trachemys scripta elegans,Oklahoma,36.087416,-95.92153,1.0,2024-09-17T10:08
Trachemys scripta elegans,Arkansas,36.264941,-92.54416,218.0,2024-09-03T10:59
Trachemys scripta elegans,Tennessee,35.144142,-89.851538,193.0,2024-09-16T12:59
Trachemys scripta elegans,Arkansas,36.465629,-93.757641,855.0,2024-09-14
Trachemys scripta elegans,Texas,29.736877,-95.70647,54.0,2024-09-08T21:06
Trachemys scripta elegans,Arkansas,34.55564,-92.610919,2.0,2024-09-05T14:25
Trachemys scripta elegans,Missouri,36.547932,-93.289513,7.0,2024-09-07T16:40:57
Trachemys scripta elegans,Florida,29.645839,-82.347337,24.0,2024-09-13T16:51:39
Trachemys scripta elegans,Tennessee,35.092406,-89.861056,191.0,2024-09-11T18:42
Trachemys scripta elegans,Texas,29.581856,-95.401914,,2024-09-07T11:22
Trachemys scripta elegans,Texas,29.699492,-95.451687,96.0,2024-09-10T13:46
Trachemys scripta elegans,Texas,30.603053,-96.360062,4.0,2024-09-14T13:40:54
Trachemys scripta elegans,Arkansas,34.537362,-93.034583,4.0,2024-03-27T14:30:43
Trachemys scripta elegans,South Carolina,34.930264,-81.957658,143.0,2024-09-04T07:23:24
Trachemys scripta elegans,Texas,29.593169,-95.076761,318.0,2024-08-31T14:46
Trachemys scripta elegans,Texas,29.572883,-94.388439,100.0,2021-04-19T12:31
Trachemys scripta elegans,Texas,29.632882,-95.664735,133.0,2022-04-29T09:01
Trachemys scripta elegans,Texas,29.785777,-95.824509,6192.0,2024-02-02T16:43
Trachemys scripta elegans,Texas,29.525907,-95.798907,23.0,2023-04-28T13:32
Trachemys scripta elegans,Texas,29.545145,-95.307691,2.0,2022-12-29T14:52
Trachemys scripta elegans,Texas,29.544371,-95.309295,11.0,2023-04-29T18:28
Trachemys scripta elegans,Texas,29.544994,-95.308897,236.0,2023-02-26T12:51
Trachemys scripta elegans,Texas,29.598066,-95.114453,212.0,2024-04-26T11:17
Trachemys scripta elegans,Texas,29.856356,-95.164803,34.0,2024-04-27T16:39
Trachemys scripta elegans,Texas,29.63708,-95.660398,50.0,2022-04-30T10:32:16
Trachemys scripta elegans,Texas,29.563242,-95.120813,266.0,2024-02-20T13:43
Trachemys scripta elegans,Texas,29.837041,-94.758389,4.0,2023-04-28T10:54
Trachemys scripta elegans,Texas,29.543554,-95.308275,219.0,2021-10-10T13:58
Trachemys scripta elegans,Texas,32.880891,-96.029709,,2024-04-08T12:50:11
Trachemys scripta elegans,Texas,29.543564,-95.308349,236.0,2024-02-18T15:20
Trachemys scripta elegans,Texas,29.598066,-95.114453,212.0,2024-04-26T11:08
Trachemys scripta elegans,Louisiana,30.418188,-90.134995,137.0,2024-08-24T17:52:47
Trachemys scripta elegans,Texas,32.785737,-95.995108,34.0,2024-08-24T11:41:43
Trachemys scripta elegans,Texas,29.522536,-95.801814,27.0,2024-04-04T11:47
Trachemys scripta elegans,Texas,33.052111,-95.091628,4.0,2024-09-01T11:00:44
Trachemys scripta elegans,Texas,29.614037,-94.54767,116.0,2024-04-28T16:40
Trachemys scripta elegans,Georgia,32.884445,-83.611312,325.0,2024-08-24T13:15:27
Trachemys scripta elegans,Kentucky,37.903105,-84.365525,10.0,2019-05-20T12:13:57
Trachemys scripta elegans,Texas,29.567395,-95.117716,198.0,2024-07-31T18:20
Trachemys scripta elegans,Alabama,32.595117,-85.482963,208.0,2024-09-03T13:27:21
Trachemys scripta elegans,Texas,29.636063,-95.659967,13.0,2023-04-29T10:40
Trachemys scripta elegans,Texas,29.563578,-95.123023,57.0,2020-08-15T10:04
Trachemys scripta elegans,Texas,29.566437,-95.119324,15.0,2019-02-03
Trachemys scripta elegans,Texas,29.598066,-95.114453,212.0,2024-02-01T12:00
Trachemys scripta elegans,Arkansas,34.747716,-92.259614,8.0,2024-08-23T11:06
Trachemys scripta elegans,Texas,29.762389,-95.450032,8.0,2021-03-07T15:19
Trachemys scripta elegans,Texas,29.564153,-95.12073,4.0,2021-05-03T12:33
Trachemys scripta elegans,Texas,29.60488,-95.095338,164.0,2021-05-02T14:30
Trachemys scripta elegans,Texas,29.564542,-95.118919,5.0,2019-06-09T08:29:33Z
Trachemys scripta elegans,Texas,29.217613,-94.934444,143.0,2023-03-19T13:30
Trachemys scripta elegans,Texas,29.476097,-95.249341,934.0,2024-02-18T14:05
Trachemys scripta elegans,Texas,29.554946,-95.586102,,2024-08-29T09:39
Trachemys scripta elegans,Texas,29.648251,-95.128617,8.0,2020-04-26T18:36
Trachemys scripta elegans,Kentucky,37.903142,-84.365478,10.0,2019-05-20T12:13:29
Trachemys scripta elegans,Texas,29.37413,-95.615764,143.0,2024-04-28T10:07
Trachemys scripta elegans,Texas,30.199438,-95.48492,,2018-07-12T11:07:47
Trachemys scripta elegans,Louisiana,30.344035,-89.782757,234.0,2024-05-10T08:42:36
Trachemys scripta elegans,Louisiana,30.393355,-91.001306,4.0,2024-08-27T18:41:52
Trachemys scripta elegans,Texas,29.563875,-95.120479,8.0,2021-03-06T16:44
Trachemys scripta elegans,Louisiana,29.987362,-90.09243,4.0,2023-04-03T11:20:53
Trachemys scripta elegans,Texas,29.476097,-95.249341,934.0,2024-07-20T14:06
Trachemys scripta elegans,Louisiana,29.931153,-90.1242,4.0,2024-08-29T09:58:01
Trachemys scripta elegans,Texas,29.544994,-95.308897,236.0,2024-01-28T16:08
Trachemys scripta elegans,Texas,29.587988,-95.591977,,2024-09-02T08:08
Trachemys scripta elegans,Texas,29.564236,-95.123787,196.0,2024-04-28T13:17
Trachemys scripta elegans,Texas,29.598066,-95.114453,212.0,2024-02-02T13:22
Trachemys scripta elegans,Texas,29.526382,-95.80013,8.0,2020-11-21T10:30
Trachemys scripta elegans,Texas,29.76227,-95.450155,15.0,2019-12-31
Trachemys scripta elegans,Texas,29.598066,-95.114453,212.0,2020-04-10T16:28
Trachemys scripta elegans,Texas,29.771537,-95.570231,181.0,2022-10-22T12:58
Trachemys scripta elegans,Texas,29.595222,-95.072889,4.0,2022-04-02T10:09
Trachemys scripta elegans,Tennessee,36.508975,-87.370942,91.0,2024-08-24T08:55
Trachemys scripta elegans,Texas,29.571946,-94.389918,292.0,2022-05-14T14:31
Trachemys scripta elegans,Arkansas,34.558336,-92.61379,15.0,2024-08-22T13:43
Trachemys scripta elegans,Texas,29.564236,-95.123787,196.0,2021-10-31T14:31
Trachemys scripta elegans,Tennessee,36.063089,-86.80965,176.0,2024-04-22T13:48
Trachemys scripta elegans,Texas,29.608352,-94.550838,857.0,2022-11-13T14:56
Trachemys scripta elegans,Texas,29.612544,-95.127696,220.0,2024-05-22T17:11
Trachemys scripta elegans,Texas,29.829562,-95.026048,1218.0,2023-12-29T14:53
Trachemys scripta elegans,Texas,29.473555,-95.246977,8.0,2024-04-29T13:36
Trachemys scripta elegans,Texas,29.598066,-95.114453,212.0,2024-02-02T12:44
Trachemys scripta elegans,Oklahoma,36.721309,-95.377695,,2024-05-21T09:52
Trachemys scripta elegans,Texas,29.571946,-94.389918,200.0,2024-04-27T15:53
Trachemys scripta elegans,Texas,29.598066,-95.114453,212.0,2024-03-26T17:33
Trachemys scripta elegans,Texas,29.598066,-95.114453,212.0,2024-04-26T11:10
Trachemys scripta elegans,Texas,29.598066,-95.114453,212.0,2024-03-26T17:20
Trachemys scripta elegans,Texas,29.598066,-95.114453,212.0,2024-04-26T10:58
Trachemys scripta elegans,Texas,29.607583,-94.554894,8.0,2023-04-28T14:55
Trachemys scripta elegans,Texas,29.612544,-95.127696,220.0,2024-04-17T16:58
Trachemys scripta elegans,Texas,29.719202,-95.392101,27.0,2024-03-30T16:02:41
Trachemys scripta elegans,Texas,29.766907,-95.452179,3.0,2022-02-05T16:17
Trachemys scripta elegans,Texas,29.930009,-95.920704,,2023-01-17T10:27:12
Trachemys scripta elegans,Texas,29.567395,-95.117716,198.0,2024-07-31T18:19
Trachemys scripta elegans,Texas,29.751853,-95.77801,116.0,2022-05-01T15:49
Trachemys scripta elegans,Texas,29.564236,-95.123787,96.0,2022-09-26T18:46
Trachemys scripta elegans,Texas,29.767282,-95.431971,31.0,2024-04-27T16:24
Trachemys scripta elegans,Texas,29.563567,-95.286047,8329.0,2019-05-24T21:58
Trachemys scripta elegans,Texas,29.476097,-95.249341,934.0,2024-07-20T13:53
Trachemys scripta elegans,Arkansas,36.35012,-94.288147,5.0,2019-07-02T14:26:46Z
Trachemys scripta elegans,Texas,29.544994,-95.308897,236.0,2023-02-26T13:21
Trachemys scripta elegans,Texas,29.595444,-95.072815,8.0,2022-12-30T15:41
Trachemys scripta elegans,Texas,29.636429,-95.660276,2.0,2022-04-29T09:01
Trachemys scripta elegans,Texas,29.766907,-95.432016,4.0,2023-01-01T16:18
Trachemys scripta elegans,Texas,29.370627,-95.627218,196.0,2023-03-18T14:07
Trachemys scripta elegans,Texas,29.604626,-95.09548,4.0,2019-04-28
Trachemys scripta elegans,Arkansas,36.471912,-94.296128,45.0,2024-05-09
Trachemys scripta elegans,North Carolina,35.820719,-81.190381,193.0,2021-03-21T13:04
Trachemys scripta elegans,Texas,29.562803,-95.119601,61.0,2021-01-24T15:54
Trachemys scripta elegans,Texas,29.59648,-95.072069,4.0,2020-06-13T17:00
Trachemys scripta elegans,Texas,29.699133,-93.950928,44.0,2019-05-03T12:37:56
Trachemys scripta elegans,Texas,29.564236,-95.123787,196.0,2024-05-21T18:29
Trachemys scripta elegans,Texas,29.58633,-95.155067,15.0,2024-04-26T18:37
Trachemys scripta elegans,Louisiana,32.513165,-92.651347,,2023-03-30T16:11:53
Trachemys scripta elegans,Texas,31.13742,-96.091025,10.0,2023-05-13T11:26:08
Trachemys scripta elegans,Texas,29.571946,-94.389918,200.0,2024-04-27T15:52
Trachemys scripta elegans,Texas,29.596015,-95.250571,582.0,2021-10-03T14:07
Trachemys scripta elegans,Texas,29.765224,-95.45207,165.0,2023-04-30T13:10
Trachemys scripta elegans,Alabama,32.59504,-85.482907,6.0,2024-09-03T13:27:48
Trachemys scripta elegans,Kentucky,37.919,-85.661,100.0,2024-08-13T12:02
Trachemys scripta elegans,Texas,29.653167,-95.467878,15.0,2023-01-01T15:21
Trachemys scripta elegans,Texas,29.603793,-95.096351,202.0,2023-03-05T13:39
Trachemys scripta elegans,Texas,29.543602,-95.31078,36.0,2024-04-26T16:17
Trachemys scripta elegans,Texas,29.595428,-95.072731,3.0,2021-10-02T14:59
Trachemys scripta elegans,Texas,29.765224,-95.45207,165.0,2023-04-30T11:37
Trachemys scripta elegans,Arkansas,35.3475,-90.219564,2197.0,2024-04-20T11:03
Trachemys scripta elegans,Texas,29.526149,-95.799177,31.0,2022-05-02T13:12
Trachemys scripta elegans,Texas,29.564236,-95.123787,196.0,2023-12-06T17:52
Trachemys scripta elegans,Texas,29.563546,-95.122683,31.0,2019-07-21
Trachemys scripta elegans,Texas,29.544994,-95.308897,236.0,2024-01-28T15:12
Trachemys scripta elegans,Arkansas,35.3475,-90.219564,2197.0,2024-04-20T11:05
Trachemys scripta elegans,Florida,30.316064,-81.681332,22.0,2024-08-25T12:30
Trachemys scripta elegans,Texas,29.704261,-94.098153,,2022-02-16T10:35:15
Trachemys scripta elegans,Oklahoma,36.084345,-95.921984,1.0,2024-08-21T08:59
Trachemys scripta elegans,Texas,29.562219,-95.120453,5.0,2018-05-12
Trachemys scripta elegans,Texas,29.544994,-95.308897,236.0,2024-01-28T15:16
Trachemys scripta elegans,Texas,29.476097,-95.249341,934.0,2024-07-20T13:07
Trachemys scripta elegans,Florida,30.374432,-81.789336,61.0,2021-12-26T13:46
Trachemys scripta elegans,Texas,29.564236,-95.123787,196.0,2022-04-14T10:27
Trachemys scripta elegans,Texas,30.007135,-94.140788,215.0,2022-03-04T15:10:19
Trachemys scripta elegans,Texas,29.564236,-95.123787,196.0,2024-04-28T12:13
Trachemys scripta elegans,Texas,29.76837,-95.430874,8.0,2022-02-05T15:44
Trachemys scripta elegans,Texas,29.932007,-95.924113,,2021-12-10T10:29:24
Trachemys scripta elegans,Texas,29.593656,-95.588435,,2024-08-27T08:06
Trachemys scripta elegans,Arkansas,36.213702,-94.157394,67.0,2024-04-23T18:55
Trachemys scripta elegans,Texas,29.564236,-95.123787,196.0,2024-04-28T13:30
Trachemys scripta elegans,Texas,29.563242,-95.120813,266.0,2024-02-20T14:09
Trachemys scripta elegans,Arkansas,35.3475,-90.219564,2197.0,2024-04-20T11:36
Trachemys scripta elegans,Texas,29.567395,-95.117716,198.0,2024-03-15T13:31
Trachemys scripta elegans,Tennessee,36.195085,-87.934208,28592.0,2024-08-21T12:46
Trachemys scripta elegans,Texas,29.56637,-95.119343,4.0,2019-02-03
Trachemys scripta elegans,Texas,29.017881,-95.446197,8.0,2024-08-21T09:47:51
Trachemys scripta elegans,Texas,29.636791,-95.660309,34.0,2024-04-28T11:23
Trachemys scripta elegans,Texas,29.821994,-94.667169,40.0,2023-04-28T11:59
Trachemys scripta elegans,Texas,29.476097,-95.249341,934.0,2023-04-02T14:29
Trachemys scripta elegans,Texas,29.612611,-95.127799,221.0,2023-02-05T16:12
Trachemys scripta elegans,Texas,29.374009,-95.61499,61.0,2024-04-18T10:58
Trachemys scripta elegans,Texas,29.598066,-95.114453,212.0,2024-03-12T12:29
Trachemys scripta elegans,Oklahoma,36.0404,-96.069148,103.0,2024-08-22T09:15
Trachemys scripta elegans,Texas,29.612544,-95.127696,220.0,2024-05-22T17:14
Trachemys scripta elegans,Texas,29.598066,-95.114453,212.0,2024-04-26T10:57
Trachemys scripta elegans,Tennessee,36.50904,-87.368002,121.0,2024-08-24T09:10
Trachemys scripta elegans,Texas,29.60488,-95.095338,164.0,2020-05-02T13:41
Trachemys scripta elegans,Arkansas,36.34903,-94.291717,5.0,2019-07-02T13:59:33Z
Trachemys scripta elegans,Texas,30.609696,-96.337338,23.0,2024-08-21T11:50:56
Trachemys scripta elegans,Texas,29.735539,-96.309594,3.0,2023-04-21T15:59:16
Trachemys scripta elegans,Texas,29.572246,-95.129789,198.0,2024-03-14T12:06
Trachemys scripta elegans,Texas,29.476097,-95.249341,934.0,2024-07-20T14:01
Trachemys scripta elegans,Texas,29.563242,-95.120813,266.0,2024-02-20T13:43
Trachemys scripta elegans,Texas,29.927345,-95.922418,6.0,2024-05-04T10:08:17
Trachemys scripta elegans,Texas,29.715582,-95.387752,12.0,2023-04-30T18:43:35
Trachemys scripta elegans,Texas,29.588153,-95.591981,,2024-08-15T07:50
Trachemys scripta elegans,Arkansas,36.079946,-94.272499,28592.0,2016-06-27T10:55
Trachemys scripta elegans,Tennessee,36.287037,-82.40338,5.0,2022-06-19T18:46:25
Trachemys scripta elegans,Tennessee,36.508246,-87.369641,46.0,2024-08-18T15:15
Trachemys scripta elegans,Texas,29.538539,-95.375257,9.0,2023-04-25T16:20:21
Trachemys scripta elegans,Tennessee,36.504077,-87.37441,69.0,2024-08-18T14:55
Trachemys scripta elegans,Oklahoma,35.754959,-95.641205,,2024-08-14T09:32
Trachemys scripta elegans,Texas,29.764517,-95.453792,15.0,2024-02-02T12:59
Trachemys scripta elegans,Tennessee,36.503572,-87.374308,35.0,2024-08-18T14:38
Trachemys scripta elegans,Oklahoma,35.190735,-94.711555,73.0,2024-06-10T18:38:55
Trachemys scripta elegans,Tennessee,36.505158,-87.371658,144.0,2024-08-18T13:35
Trachemys scripta elegans,Tennessee,36.381958,-87.040564,28563.0,2024-08-17T10:29
Trachemys scripta elegans,Oklahoma,35.540929,-95.926182,4.0,2015-03-20T16:38
Trachemys scripta elegans,Louisiana,30.351396,-90.034309,15.0,2024-08-17T11:57:26
Trachemys scripta elegans,Tennessee,36.505119,-87.371669,37.0,2024-08-18T13:34
Trachemys scripta elegans,Georgia,33.944708,-83.373772,,2024-08-20T14:00:51
Trachemys scripta elegans,Texas,29.761917,-95.449997,11.0,2024-07-31T19:34:19
Trachemys scripta elegans,Texas,29.588218,-95.591955,,2024-08-13T08:38
Trachemys scripta elegans,Texas,29.718927,-95.392442,26.0,2024-03-30T16:13:52
Trachemys scripta elegans,Texas,29.766533,-95.45302,21.0,2024-07-30T19:31:55
Trachemys scripta elegans,Texas,29.766905,-95.452159,15.0,2024-02-09T12:51
Trachemys scripta elegans,Tennessee,36.150951,-86.813428,149.0,2024-04-06T14:33
Trachemys scripta elegans,Tennessee,36.505116,-87.371829,45.0,2024-08-18T13:35
Trachemys scripta elegans,Texas,31.373415,-94.7294,56.0,2023-06-15
Trachemys scripta elegans,Arkansas,34.791497,-92.249349,4.0,2024-04-04T15:56
Trachemys scripta elegans,Texas,30.142305,-95.164851,8.0,2023-04-28T14:46:35
Trachemys scripta elegans,Texas,30.182306,-95.4571,29407.0,2024-08-07T09:27:04
Trachemys scripta elegans,Oklahoma,36.029392,-95.911584,23.0,2023-09-13T18:06:55
Trachemys scripta elegans,Texas,29.525916,-95.799735,,2024-08-09T08:31
Trachemys scripta elegans,Texas,31.373127,-94.728204,28.0,2024-06-01
Trachemys scripta elegans,Oklahoma,36.091525,-95.791368,17221.0,2024-04-09T15:20:42
Trachemys scripta elegans,Texas,31.62403,-94.643105,16.0,2023-10-30T09:48:19
Trachemys scripta elegans,Florida,29.646442,-82.34726,16.0,2024-07-18T18:05:11
Trachemys scripta elegans,Oklahoma,36.093727,-95.74389,33.0,2022-06-11T18:39:19
Trachemys scripta elegans,Texas,29.52539,-95.800172,23.0,2023-05-02T13:02
Trachemys scripta elegans,Kentucky,36.807396,-88.108601,28476.0,2024-08-10T11:17
Trachemys scripta elegans,Texas,29.913232,-95.684181,8.0,2022-07-27T20:27
Trachemys scripta elegans,Texas,29.598115,-95.59055,,2024-08-06T09:46
Trachemys scripta elegans,Arkansas,36.222872,-94.535133,31.0,2024-05-27T13:24
Trachemys scripta elegans,Missouri,37.453406,-91.678397,,2024-08-11T14:03:36
Trachemys scripta elegans,Texas,29.703463,-95.861847,7409.0,2024-03-23T17:31:25
Trachemys scripta elegans,Texas,29.610981,-94.54621,18.0,2023-05-14T14:04
Trachemys scripta elegans,Texas,29.824109,-96.116848,64.0,2024-05-25T10:53:26
Trachemys scripta elegans,Louisiana,30.415361,-91.116455,76.0,2024-08-09T14:45
Trachemys scripta elegans,Texas,30.12825,-95.544883,48.0,2019-10-22T14:04:45
Trachemys scripta elegans,Texas,29.85749,-95.163083,320.0,2018-04-15T16:03
Trachemys scripta elegans,Louisiana,29.926848,-90.126894,1.0,2024-07-26T11:06
Trachemys scripta elegans,Texas,29.96913,-95.572891,4.0,2021-09-16T18:09:11Z
Trachemys scripta elegans,Texas,29.780928,-95.370739,,2024-08-11T09:09:12
Trachemys scripta elegans,Oklahoma,36.281949,-95.892683,4.0,2024-04-29T18:57:32
Trachemys scripta elegans,Texas,29.723184,-95.390113,7.0,2024-08-06T08:37:19
Trachemys scripta elegans,Illinois,37.707577,-89.225216,3.0,2022-08-26T10:53:33
Trachemys scripta elegans,Texas,29.559345,-95.089998,1693.0,2024-08-06T19:24
Trachemys scripta elegans,Texas,30.160042,-95.463829,428.0,2024-07-28T15:21:09
Trachemys scripta elegans,Texas,29.548317,-95.531518,29483.0,2022-03-24T10:24:08Z
Trachemys scripta elegans,Arkansas,36.213735,-94.158319,4.0,2024-05-17T12:31:49
Trachemys scripta elegans,Texas,29.433348,-95.272966,607.0,2022-05-05T12:30
Trachemys scripta elegans,Texas,30.146297,-95.575888,4.0,2022-06-10T18:03:47
Trachemys scripta elegans,Oklahoma,36.279089,-95.906933,28563.0,2023-06-18T18:46:11
Trachemys scripta elegans,Louisiana,30.033295,-89.963553,1.0,2024-08-06T11:00
Trachemys scripta elegans,Texas,29.593686,-95.588415,,2024-08-03T09:34
Trachemys scripta elegans,Texas,29.795917,-95.488932,,2024-04-10T16:13:26
Trachemys scripta elegans,Texas,29.601892,-95.622313,4.0,2024-08-04T10:30:09
Trachemys scripta elegans,North Carolina,35.63345,-82.556883,114.0,2024-07-19T16:44
Trachemys scripta elegans,Texas,29.857372,-95.163206,52.0,2021-08-06T10:10
Trachemys scripta elegans,Arkansas,36.417103,-94.132508,4.0,2024-07-13T17:16:23
Trachemys scripta elegans,Texas,29.718112,-95.391953,200.0,2024-03-30T16:53:22
Trachemys scripta elegans,Texas,30.176478,-95.543188,95.0,2024-08-04T12:26:28
Trachemys scripta elegans,Texas,29.598212,-95.590591,,2024-07-31T17:10
Trachemys scripta elegans,Texas,30.141654,-95.559428,7.0,2022-05-07T16:17:38
Trachemys scripta elegans,Oklahoma,35.76667,-95.420662,,2024-08-02T19:41
Trachemys scripta elegans,Texas,29.85749,-95.163083,320.0,2018-04-15T16:03
Trachemys scripta elegans,Florida,29.690558,-82.398353,10.0,2024-07-11T15:36:58
Trachemys scripta elegans,Texas,29.588207,-95.591926,,2024-07-31T15:48
Trachemys scripta elegans,Arkansas,35.26757,-91.582002,,2024-08-01T17:07:09
Trachemys scripta elegans,Arkansas,34.510438,-93.21347,4.0,2024-08-06T09:13:55
Trachemys scripta elegans,Arkansas,34.513776,-93.115374,8.0,2024-08-03T13:42:08
Trachemys scripta elegans,Texas,29.633639,-95.663969,50.0,2024-01-09T11:29
Trachemys scripta elegans,Texas,29.725211,-95.76315,,2024-03-24T18:21:06
Trachemys scripta elegans,Texas,29.598102,-95.590546,,2024-08-03T11:10
Trachemys scripta elegans,Arkansas,34.79451,-92.346145,20.0,2024-07-20T09:45
Trachemys scripta elegans,Texas,29.718036,-95.390816,46.0,2024-07-27T12:03:49
Trachemys scripta elegans,Texas,28.954118,-95.359662,9751.0,2024-07-29T09:03:15
Trachemys scripta elegans,South Carolina,34.779055,-82.356176,35.0,2024-07-26T10:34:16
Trachemys scripta elegans,Louisiana,29.791428,-90.128436,,2015-05-21
Trachemys scripta elegans,Texas,29.614026,-94.541161,337.0,2021-05-02T13:20Z
Trachemys scripta elegans,Illinois,37.445647,-88.894705,77.0,2024-06-01T17:25
Trachemys scripta elegans,Arkansas,36.083728,-94.143517,3.0,2024-07-28T11:26:44
Trachemys scripta elegans,Texas,29.671674,-96.267496,100.0,2022-04-09T13:07Z
Trachemys scripta elegans,Oklahoma,36.174135,-94.668537,186.0,2024-07-25T11:05
Trachemys scripta elegans,Texas,32.587175,-95.326171,2261.0,2023-04-10T11:55
Trachemys scripta elegans,Tennessee,35.969588,-87.934922,5.0,2024-07-16T11:06:59
Trachemys scripta elegans,Arkansas,34.434431,-93.087835,4.0,2024-07-24T14:29:55
Trachemys scripta elegans,Texas,29.988516,-95.563313,7.0,2023-04-28T16:02:44
Trachemys scripta elegans,Texas,29.950808,-95.622472,3.0,2024-05-18T11:34:35
Trachemys scripta elegans,Texas,29.657621,-94.546605,199.0,2022-04-30T19:07
Trachemys scripta elegans,Texas,29.61212,-94.533114,4.0,2024-04-15T08:56
Trachemys scripta elegans,Illinois,37.70737,-89.060562,1243.0,2024-05-09T12:01
Trachemys scripta elegans,Oklahoma,36.087445,-95.921476,1.0,2024-07-20T09:42
Trachemys scripta elegans,Texas,30.10988,-95.456605,,2021-11-16T14:55:54
Trachemys scripta elegans,Illinois,37.344779,-88.940102,194.0,2023-05-06T10:37
Trachemys scripta elegans,Georgia,32.902085,-83.395107,,2024-02-24T12:12:43
Trachemys scripta elegans,Alabama,30.700031,-88.18457,9.0,2024-07-18T16:48:04
Trachemys scripta elegans,Georgia,33.911775,-84.450282,12.0,2024-07-22T18:03
Trachemys scripta elegans,Oklahoma,36.075903,-95.913695,3.0,2024-07-20T08:19
Trachemys scripta elegans,Illinois,37.313648,-89.018161,190.0,2023-05-06T12:22
Trachemys scripta elegans,Oklahoma,35.732025,-95.447395,,2024-07-17T11:02
Trachemys scripta elegans,Texas,29.544439,-95.307144,,2024-07-21T10:36
Trachemys scripta elegans,Texas,29.339805,-95.286728,3152.0,2024-07-21T18:43:44
Trachemys scripta elegans,Texas,29.336446,-95.288719,32.0,2024-07-20T12:01:46
Trachemys scripta elegans,Texas,29.598185,-95.590582,,2024-07-20T08:22
Trachemys scripta elegans,Arkansas,34.434478,-93.087898,44.0,2024-06-13T14:33:27
Trachemys scripta elegans,Tennessee,35.762154,-88.778557,104.0,2024-07-18T13:45
Trachemys scripta elegans,Texas,29.588167,-95.591987,,2024-07-22T08:31
Trachemys scripta elegans,Tennessee,35.890184,-89.033362,28620.0,2024-07-06T18:57:48
Trachemys scripta elegans,Florida,29.623353,-82.364997,3.0,2024-07-05T09:26:41
Trachemys scripta elegans,Texas,30.10106,-93.750908,34.0,2024-06-27T12:18
Trachemys scripta elegans,Oklahoma,36.06439,-95.990835,73.0,2024-07-04T10:49
Trachemys scripta elegans,Texas,29.538324,-95.377324,9.0,2024-07-03T07:44:10
Trachemys scripta elegans,Texas,30.302668,-94.356871,9.0,2024-06-28T07:27:31
Trachemys scripta elegans,Texas,30.188005,-94.177869,279.0,2024-06-27T14:02
Trachemys scripta elegans,Georgia,32.511436,-84.910766,7.0,2024-06-13T08:20:29
Trachemys scripta elegans,Arkansas,33.389,-92.538825,17.0,2024-07-01T10:27:40
Trachemys scripta elegans,Louisiana,29.991382,-90.09436,7.0,2024-07-11T07:21:59
Trachemys scripta elegans,Texas,30.38796,-95.457825,210.0,2024-04-27T16:55
Trachemys scripta elegans,Texas,29.336446,-95.288719,32.0,2024-07-17T12:34:44
Trachemys scripta elegans,Texas,29.719345,-95.391862,4.0,2024-02-11T23:59:30
Trachemys scripta elegans,Louisiana,29.984695,-90.097343,83.0,2024-07-10T17:20:55
Trachemys scripta elegans,Tennessee,36.586581,-87.476938,31.0,2024-06-29T08:09
Trachemys scripta elegans,Texas,28.981491,-96.013865,4.0,2024-06-30T11:18
Trachemys scripta elegans,Texas,30.174545,-95.585013,4.0,2022-05-06T15:41:45
Trachemys scripta elegans,Louisiana,30.478812,-92.708307,177.0,2024-07-11T10:12
Trachemys scripta elegans,Texas,33.052762,-95.092787,62.0,2024-07-16T14:46:20
Trachemys scripta elegans,Oklahoma,35.828384,-95.750864,28620.0,2024-07-07T16:35
Trachemys scripta elegans,Texas,29.593635,-95.588348,,2024-07-06T09:44
Trachemys scripta elegans,Oklahoma,36.06439,-95.990835,73.0,2024-07-04T11:22
Trachemys scripta elegans,Texas,29.602375,-94.555805,61.0,2024-06-26T19:45
Trachemys scripta elegans,Oklahoma,36.318705,-95.644103,77.0,2024-07-06T14:39
Trachemys scripta elegans,Tennessee,35.150833,-89.992923,473.0,2024-06-01T13:40
Trachemys scripta elegans,Arkansas,34.937928,-92.396754,4.0,2024-06-20T12:36
Trachemys scripta elegans,Texas,29.598587,-95.591646,,2024-07-14T07:47
Trachemys scripta elegans,North Carolina,35.52822,-82.968284,244.0,2023-04-28T10:12
Trachemys scripta elegans,Louisiana,30.391878,-90.113922,14.0,2024-07-16T13:04
Trachemys scripta elegans,Arkansas,35.565362,-90.904267,4.0,2024-07-03T19:22:25
Trachemys scripta elegans,Oklahoma,36.037043,-96.146233,351.0,2024-03-10T13:51:08
Trachemys scripta elegans,Texas,30.442221,-94.532953,29356.0,2024-05-02T15:27:42
Trachemys scripta elegans,Texas,30.099167,-93.749043,181.0,2024-06-27T12:46
Trachemys scripta elegans,Tennessee,36.586614,-87.476795,45.0,2024-06-29T08:23
Trachemys scripta elegans,Texas,30.079941,-95.41716,11114.0,2022-06-27T14:15
Trachemys scripta elegans,Texas,29.371492,-95.62577,2.0,2024-07-01T10:04
Trachemys scripta elegans,North Carolina,35.325872,-80.902442,28706.0,2024-06-29T11:23:11
Trachemys scripta elegans,Alabama,33.487033,-86.775337,5.0,2024-07-04T12:29:58
Trachemys scripta elegans,Texas,30.159023,-95.523873,22.0,2023-11-05T01:04:59
Trachemys scripta elegans,Texas,30.100516,-93.750009,84.0,2024-06-27T12:24
Trachemys scripta elegans,Oklahoma,36.071736,-95.992846,50.0,2024-07-04T11:43
Trachemys scripta elegans,Texas,29.760195,-95.37117,,2024-05-02T17:14:21
Trachemys scripta elegans,Missouri,36.600471,-94.163843,5352.0,2024-07-05T18:44
Trachemys scripta elegans,Texas,29.583099,-94.531634,122.0,2024-06-27T08:45
Trachemys scripta elegans,Texas,28.981955,-96.011605,2.0,2024-06-30T11:22
Trachemys scripta elegans,Arkansas,33.346645,-93.181885,,2024-07-13T12:37
Trachemys scripta elegans,Tennessee,36.586671,-87.476793,31.0,2024-06-29T08:08
Trachemys scripta elegans,Texas,30.100516,-93.750009,84.0,2024-06-27T12:24
Trachemys scripta elegans,Arkansas,36.256076,-92.490484,930.0,2024-07-12T11:17
Trachemys scripta elegans,Texas,29.783178,-95.241463,4.0,2023-09-13T14:19:34
Trachemys scripta elegans,Oklahoma,35.885645,-95.786191,28620.0,2024-07-02T18:52
Trachemys scripta elegans,Texas,28.981909,-96.01377,4.0,2024-06-30T11:18
Trachemys scripta elegans,Texas,29.337355,-95.288872,18.0,2024-07-17T10:06:35
Trachemys scripta elegans,Missouri,37.007377,-90.147763,61.0,2024-06-21T12:48
Trachemys scripta elegans,Louisiana,32.507676,-92.167211,24.0,2024-07-04T09:33
Trachemys scripta elegans,Louisiana,29.926913,-90.126878,12.0,2024-07-13T12:16:06
Trachemys scripta elegans,Texas,29.802696,-94.841273,23.0,2024-06-28T17:06:56
Trachemys scripta elegans,Georgia,34.022907,-84.563946,158.0,2024-03-29T16:40
Trachemys scripta elegans,Texas,30.031664,-95.155533,4.0,2024-06-28T17:45
Trachemys scripta elegans,Texas,29.857014,-95.163319,,2024-03-19T11:38
Trachemys scripta elegans,Missouri,37.206742,-93.397387,28417.0,2024-06-22T19:47:18
Trachemys scripta elegans,Texas,29.751526,-96.250733,29458.0,2024-06-24T16:45
Trachemys scripta elegans,Texas,29.70393,-94.476003,8.0,2024-06-26T21:16:15
Trachemys scripta elegans,Texas,30.038098,-95.377009,15.0,2021-08-07T07:54Z
Trachemys scripta elegans,Texas,29.766679,-95.450902,,2024-03-05T12:12
Trachemys scripta elegans,Texas,30.218025,-95.527305,12.0,2024-06-25T11:35:11
Trachemys scripta elegans,Louisiana,30.415227,-90.04565,23.0,2023-06-22T12:22:22
Trachemys scripta elegans,Texas,29.766811,-95.450469,,2024-03-05T12:38
Trachemys scripta elegans,Texas,29.583095,-94.524912,4.0,2024-06-27T08:42:27
Trachemys scripta elegans,Oklahoma,36.36825,-95.130771,320.0,2024-06-28T18:58:18
Trachemys scripta elegans,Texas,30.288497,-95.712803,29382.0,2024-06-25T18:37:33
Trachemys scripta elegans,Oklahoma,36.08313,-96.004267,12.0,2024-06-23T07:50:50
Trachemys scripta elegans,Texas,31.81731,-96.13938,112.0,2024-06-28T13:16:46
Trachemys scripta elegans,Arkansas,36.376516,-94.19049,13.0,2021-06-29
Trachemys scripta elegans,Tennessee,36.065095,-86.799117,4.0,2024-04-28T10:34:22
Trachemys scripta elegans,Oklahoma,36.223988,-95.902375,16.0,2024-06-30T13:25:44
Trachemys scripta elegans,Arkansas,35.798117,-90.377808,,2024-07-01T13:13
Trachemys scripta elegans,Oklahoma,36.7445,-95.810812,3005.0,2015-05-11T17:55
Trachemys scripta elegans,Texas,32.371913,-95.703055,8.0,2021-07-30T08:03:23Z
Trachemys scripta elegans,Arkansas,35.724198,-90.411099,,2024-07-01T09:52
Trachemys scripta elegans,Arkansas,36.376252,-94.191842,213.0,2021-06-03
Trachemys scripta elegans,Louisiana,32.507058,-92.649672,4.0,2022-05-12T14:20:19
Trachemys scripta elegans,Louisiana,30.348836,-92.447136,,2024-06-15T08:33:41
Trachemys scripta elegans,Oklahoma,36.125645,-95.985803,11.0,2024-06-09T12:46:43
Trachemys scripta elegans,Arkansas,36.107112,-91.787868,11.0,2024-06-19T15:47:20
Trachemys scripta elegans,Oklahoma,35.836139,-95.494815,4989.0,2024-06-11
Trachemys scripta elegans,Louisiana,29.97481,-90.000077,,2024-06-14T12:29
Trachemys scripta elegans,Kansas,37.616172,-94.865425,4.0,2024-06-13T09:44:19
Trachemys scripta elegans,Alabama,34.840644,-86.996047,,2024-06-13T12:06:14
Trachemys scripta elegans,Tennessee,36.063319,-86.804984,42.0,2024-06-11T09:23
Trachemys scripta elegans,Texas,29.595685,-95.073517,,2024-04-27T10:27
Trachemys scripta elegans,Oklahoma,35.940736,-95.758291,28620.0,2024-06-12T17:12
Trachemys scripta elegans,Texas,29.608911,-94.55131,641.0,2024-04-12T12:06
Trachemys scripta elegans,Louisiana,29.991509,-90.094359,15.0,2024-06-25T07:10
Trachemys scripta elegans,Texas,30.300438,-95.805175,25.0,2024-06-23T11:49:33
Trachemys scripta elegans,Arkansas,34.487374,-91.53261,28818.0,2024-05-16T16:51:59
Trachemys scripta elegans,Arkansas,35.897744,-94.123104,28620.0,2024-06-08T10:44
Trachemys scripta elegans,Missouri,36.582958,-93.30967,4.0,2024-06-25T07:21:09
Trachemys scripta elegans,Texas,33.243135,-95.911146,167.0,2024-06-18T11:05:14
Trachemys scripta elegans,Kentucky,37.084167,-84.054796,175.0,2024-06-17T14:05
Trachemys scripta elegans,Missouri,37.506063,-94.529216,5.0,2024-06-18T07:36:27
Trachemys scripta elegans,Texas,30.179494,-95.5047,3.0,2024-06-19T13:31:10
Trachemys scripta elegans,Texas,29.770683,-95.568312,197.0,2024-06-20T21:10
Trachemys scripta elegans,Arkansas,34.434411,-93.088039,,2024-06-21T14:19:45
Trachemys scripta elegans,Texas,32.633972,-95.461558,2.0,2024-06-17T16:13
Trachemys scripta elegans,Missouri,37.456297,-91.683103,,2024-06-21T16:52:03
Trachemys scripta elegans,Arkansas,35.176184,-93.006993,4.0,2024-06-13T10:53:15
Trachemys scripta elegans,Texas,29.337363,-95.288975,22.0,2024-06-06T13:44:06
Trachemys scripta elegans,Georgia,33.944633,-83.373894,,2024-06-19T12:25:15
Trachemys scripta elegans,Texas,29.699503,-93.947844,,2023-04-26T08:56:30
Trachemys scripta elegans,Missouri,37.119729,-93.246106,122.0,2024-06-13T12:24
Trachemys scripta elegans,Texas,32.621845,-95.458802,,2024-04-14T11:38
Trachemys scripta elegans,Tennessee,35.110843,-89.917453,1.0,2024-05-20T12:48:45
Trachemys scripta elegans,Tennessee,36.215469,-89.276203,242.0,2024-06-07T11:46
Trachemys scripta elegans,Tennessee,36.017074,-89.250228,28592.0,2024-06-24T14:50:42
Trachemys scripta elegans,Oklahoma,35.43285,-94.985643,5127.0,2024-06-02T11:56
Trachemys scripta elegans,Texas,29.595205,-95.072663,,2024-06-13T17:37
Trachemys scripta elegans,Tennessee,36.441355,-88.079036,37.0,2024-06-23T12:38
Trachemys scripta elegans,Louisiana,29.933934,-90.123673,169.0,2024-06-05T16:40
Trachemys scripta elegans,Arkansas,34.938054,-92.396884,8.0,2024-06-20T12:01
Trachemys scripta elegans,Louisiana,30.134226,-92.845106,29407.0,2024-06-20T11:08:38
Trachemys scripta elegans,Texas,29.766012,-95.451553,21.0,2024-06-03T09:18:40
Trachemys scripta elegans,Texas,29.761055,-95.40163,66.0,2024-06-17T15:30
Trachemys scripta elegans,Texas,29.781128,-95.37085,,2024-06-15T08:30:53
Trachemys scripta elegans,Texas,30.179274,-95.504975,3.0,2024-06-19T13:33:58
Trachemys scripta elegans,Texas,30.094634,-95.387341,,2024-06-18T16:25:41
Trachemys scripta elegans,Arkansas,36.33778,-94.097983,4.0,2024-06-23T08:28:27
Trachemys scripta elegans,Arkansas,34.478986,-93.140917,,2024-06-17T09:07:41
Trachemys scripta elegans,Texas,29.337483,-95.289002,32.0,2024-06-06T13:52:44
Trachemys scripta elegans,Texas,29.524606,-95.800223,357.0,2024-04-19T09:07
Trachemys scripta elegans,Florida,30.269541,-81.508888,,2024-06-21T11:54:04
Trachemys scripta elegans,Florida,29.727184,-82.3604,29458.0,2024-06-17T12:32:17
Trachemys scripta elegans,Alabama,30.251104,-88.087412,206.0,2024-06-07T13:48
Trachemys scripta elegans,Arkansas,34.468367,-91.457578,28818.0,2024-05-16T15:17:18
Trachemys scripta elegans,Tennessee,36.308227,-84.219802,6.0,2023-11-25T13:54
Trachemys scripta elegans,Texas,32.186408,-94.267645,6.0,2024-06-06T18:52:08
Trachemys scripta elegans,Arkansas,35.264551,-92.809155,4.0,2024-06-08T13:05:26
Trachemys scripta elegans,Arkansas,34.569746,-91.529037,28818.0,2024-06-06T08:25:43
Trachemys scripta elegans,Arkansas,35.18086,-93.010971,5.0,2024-06-08T09:14:15
Trachemys scripta elegans,Texas,30.599868,-96.323161,,2024-06-06T09:22
Trachemys scripta elegans,Louisiana,29.780742,-90.075886,,2024-04-13T11:00
Trachemys scripta elegans,Arkansas,36.225376,-94.538592,945.0,2024-06-06T14:28
Trachemys scripta elegans,Arkansas,35.180964,-93.010858,6.0,2024-06-08T09:11:59
Trachemys scripta elegans,Texas,29.87767,-95.163488,,2024-06-02T14:35:37
Trachemys scripta elegans,Tennessee,35.839061,-86.388122,192.0,2024-06-02T11:00
Trachemys scripta elegans,Texas,32.669088,-94.140621,471.0,2024-06-09T12:57
Trachemys scripta elegans,Illinois,37.376175,-88.928483,4.0,2024-06-03T11:27:40
Trachemys scripta elegans,Texas,32.633943,-95.461581,144.0,2024-06-05T15:37:37
Trachemys scripta elegans,Oklahoma,35.979366,-95.795469,28620.0,2024-06-05T14:01
Trachemys scripta elegans,Texas,29.227922,-94.903679,5.0,2024-06-09T10:19:16
Trachemys scripta elegans,Texas,29.722023,-95.745882,23.0,2024-06-05T19:38:51
Trachemys scripta elegans,Illinois,37.672505,-89.223738,,2024-06-04T10:56:47
Trachemys scripta elegans,Texas,29.338522,-95.2882,16.0,2024-06-05T16:42:39
Trachemys scripta elegans,Oklahoma,35.897975,-95.11741,,2024-06-07T17:14:50
Trachemys scripta elegans,Arkansas,34.239716,-91.991905,17.0,2024-06-04T10:58:17
Trachemys scripta elegans,Arkansas,35.042964,-92.692642,4.0,2024-04-17T15:04:15
Trachemys scripta elegans,Louisiana,30.361167,-90.085858,15.0,2024-05-29T13:23
Trachemys scripta elegans,Arkansas,35.391614,-93.489806,3.0,2024-05-27T10:14:15
Trachemys scripta elegans,Texas,29.37506,-95.594965,328.0,2017-01-11T17:05:43
Trachemys scripta elegans,Texas,29.33745,-95.291017,22.0,2024-05-28T09:32
Trachemys scripta elegans,Texas,29.216451,-94.935472,,2024-05-30T11:24
Trachemys scripta elegans,Texas,29.573223,-94.390692,8.0,2024-04-14T09:09
Trachemys scripta elegans,Arkansas,36.111473,-90.689262,,2024-05-26T17:53:38
Trachemys scripta elegans,Illinois,37.376263,-88.928376,65.0,2024-06-03T11:27:18
Trachemys scripta elegans,Texas,29.84979,-95.490874,39.0,2024-05-06T13:04:33
Trachemys scripta elegans,Florida,30.270153,-81.637531,253.0,2024-06-02T09:41
Trachemys scripta elegans,Arkansas,33.598824,-93.68084,3.0,2024-05-28T17:53:01
Trachemys scripta elegans,Texas,29.879519,-95.55507,,2024-05-18T08:09:51
Trachemys scripta elegans,Texas,29.216602,-94.935164,15.0,2024-05-14T08:18
Trachemys scripta elegans,Texas,30.139542,-95.536147,9299.0,2024-05-30T08:50:19
Trachemys scripta elegans,Louisiana,29.979038,-90.068528,3832.0,2024-05-29T13:56:03
Trachemys scripta elegans,Texas,29.60565,-95.60369,10.0,2024-05-19T10:14
Trachemys scripta elegans,Georgia,31.618455,-81.91478,5.0,2024-05-27T15:16:31
Trachemys scripta elegans,Missouri,37.005228,-90.150207,50.0,2024-05-23T11:36
Trachemys scripta elegans,Arkansas,36.001981,-94.134361,4.0,2024-06-02T12:08:23
Trachemys scripta elegans,Louisiana,29.979038,-90.068528,3832.0,2024-05-29T13:56:25
Trachemys scripta elegans,Arkansas,36.09713,-90.686638,,2024-05-29T10:11:02
Trachemys scripta elegans,North Carolina,35.302058,-81.123485,28706.0,2024-05-25T15:37:42
Trachemys scripta elegans,Texas,29.805546,-95.819228,4.0,2024-05-06T16:45
Trachemys scripta elegans,Arkansas,36.234325,-94.457305,4.0,2024-05-25T10:08:53
Trachemys scripta elegans,Texas,29.766954,-95.431209,,2024-05-30T10:03
Trachemys scripta elegans,Missouri,37.32773,-94.448898,5.0,2024-06-02T08:15:35
Trachemys scripta elegans,Arkansas,35.84142,-90.68567,4.0,2024-06-02T11:35:49
Trachemys scripta elegans,Florida,30.475854,-81.407124,107619.0,2024-05-31T19:13:58
Trachemys scripta elegans,Arkansas,36.292154,-92.540233,104.0,2024-06-02T10:34:14
Trachemys scripta elegans,Arkansas,35.359745,-93.998067,15.0,2024-05-20T10:58
Trachemys scripta elegans,Oklahoma,36.223846,-95.907596,9.0,2024-05-27T07:56:49
Trachemys scripta elegans,Arkansas,35.104694,-92.434153,193.0,2024-05-18T12:53
Trachemys scripta elegans,Arkansas,36.258066,-92.479348,198.0,2024-05-26T08:28
Trachemys scripta elegans,Oklahoma,35.836139,-95.494815,4989.0,2024-05-27T10:05
Trachemys scripta elegans,Texas,28.94927,-95.436455,4.0,2024-05-27T19:32:15
Trachemys scripta elegans,Texas,29.69946,-93.948427,,2024-04-18T08:57
Trachemys scripta elegans,Oklahoma,36.223874,-95.897611,3.0,2024-05-27T10:15:20
Trachemys scripta elegans,Texas,30.603136,-96.302423,,2024-05-27T12:49
Trachemys scripta elegans,Arkansas,33.653668,-93.059637,,2024-05-24T08:39:42
Trachemys scripta elegans,Tennessee,36.163071,-85.538185,212.0,2024-05-22T11:19
Trachemys scripta elegans,Arkansas,33.085128,-93.714429,,2024-05-21T09:35:43
Trachemys scripta elegans,Arkansas,33.236374,-94.01091,,2024-05-26T12:00
Trachemys scripta elegans,Oklahoma,35.836139,-95.494815,4989.0,2024-05-27T12:54
Trachemys scripta elegans,Arkansas,35.104694,-92.434153,193.0,2024-05-18T13:01
Trachemys scripta elegans,Arkansas,33.096222,-92.073908,,2024-05-23T09:35:48
Trachemys scripta elegans,Tennessee,35.739821,-83.827906,6.0,2024-05-25T16:26:36
Trachemys scripta elegans,Missouri,37.00109,-90.150307,15.0,2024-05-23T11:30
Trachemys scripta elegans,Texas,31.061416,-95.998646,29278.0,2024-05-02T12:54
Trachemys scripta elegans,Arkansas,33.30741,-93.660702,,2024-05-21T11:13:23
Trachemys scripta elegans,Arkansas,33.675292,-93.089241,,2024-05-24T09:38:24
Trachemys scripta elegans,Missouri,36.966285,-90.16469,15.0,2024-05-23T15:31
Trachemys scripta elegans,Texas,29.45285,-94.632995,4.0,2024-05-23T16:22:36
Trachemys scripta elegans,Kentucky,37.150968,-86.099161,74.0,2024-05-19T15:42
Trachemys scripta elegans,Tennessee,36.287125,-82.403168,30.0,2022-05-28T17:02:14
Trachemys scripta elegans,Oklahoma,36.223402,-95.903943,7.0,2024-05-27T08:02:34
Trachemys scripta elegans,Texas,31.443911,-94.70424,25.0,2024-05-19
Trachemys scripta elegans,North Carolina,35.264578,-82.054571,28706.0,2024-05-24T15:32:45
Trachemys scripta elegans,Arkansas,35.104694,-92.434153,193.0,2024-05-18T13:03
Trachemys scripta elegans,Texas,29.425043,-94.958205,61.0,2024-05-14T10:19:51
Trachemys scripta elegans,Texas,29.937832,-95.747418,53.0,2024-05-01T10:13
Trachemys scripta elegans,Tennessee,35.867244,-89.187494,28620.0,2024-05-26T19:05:25
Trachemys scripta elegans,Texas,29.770683,-95.568312,317.0,2024-05-14T08:39
Trachemys scripta elegans,Texas,29.563131,-94.389923,1331.0,2024-04-27T17:20
Trachemys scripta elegans,Arkansas,35.713703,-91.62733,8.0,2024-05-16T09:22:44
Trachemys scripta elegans,Oklahoma,36.224257,-95.903475,8.0,2024-05-15T17:07:01
Trachemys scripta elegans,Oklahoma,35.84031,-95.731029,1604.0,2024-05-19T15:44
Trachemys scripta elegans,Oklahoma,36.125587,-95.985909,98.0,2024-04-25T18:02:26
Trachemys scripta elegans,Illinois,37.583647,-89.440577,215.0,2024-05-18T19:55
Trachemys scripta elegans,Kentucky,37.172926,-86.201162,,2024-05-21T08:44:28
Trachemys scripta elegans,Georgia,34.609692,-84.612636,,2024-05-15T17:03:06
Trachemys scripta elegans,Texas,29.21709,-94.934648,15.0,2024-05-14T09:28
Trachemys scripta elegans,Texas,29.657756,-94.546689,15.0,2024-05-14T12:51
Trachemys scripta elegans,Tennessee,36.551546,-87.30469,52.0,2024-05-14T12:10
Trachemys scripta elegans,Texas,31.443396,-94.704604,28.0,2024-05-15
Trachemys scripta elegans,Texas,30.194408,-95.513509,203.0,2024-05-10T18:48:15
Trachemys scripta elegans,Arkansas,34.617717,-93.179558,4.0,2024-05-17T11:13:15
Trachemys scripta elegans,Oklahoma,35.823079,-95.713181,1244.0,2024-05-16T12:14
Trachemys scripta elegans,Oklahoma,36.018994,-96.088197,,2024-05-16T16:32
Trachemys scripta elegans,Arkansas,36.191721,-94.391929,50.0,2021-07-27T16:13
Trachemys scripta elegans,Oklahoma,36.05279,-96.029723,68.0,2023-05-18T14:28:49
Trachemys scripta elegans,Texas,30.60621,-96.352278,,2024-05-18T09:48
Trachemys scripta elegans,Louisiana,29.985958,-90.094276,,2024-05-18T11:41:06
Trachemys scripta elegans,Arkansas,34.747887,-92.413972,21.0,2024-05-17T11:17:36
Trachemys scripta elegans,Texas,28.949303,-95.436333,6.0,2024-05-14T16:43:28
Trachemys scripta elegans,Texas,29.57327,-94.390504,40.0,2024-04-21T12:59
Trachemys scripta elegans,Kentucky,37.172935,-86.201158,,2024-05-21T08:44:24
Trachemys scripta elegans,Arkansas,36.244343,-90.496452,6.0,2023-09-17T16:36:43
Trachemys scripta elegans,Oklahoma,36.276155,-95.220259,,2024-05-17T13:57:29
Trachemys scripta elegans,Texas,30.220542,-95.522287,4.0,2024-05-15T14:22
Trachemys scripta elegans,Texas,30.29293,-95.320733,7.0,2024-05-21T10:16:02
Trachemys scripta elegans,Tennessee,35.757674,-83.972805,4.0,2024-05-09T17:46
Trachemys scripta elegans,Louisiana,29.881816,-91.784042,122.0,2024-05-11T07:18
Trachemys scripta elegans,Texas,29.76392,-95.453278,,2024-05-11T14:29:12
Trachemys scripta elegans,Arkansas,36.081784,-94.184284,,2024-05-07T16:31:04
Trachemys scripta elegans,Texas,29.770683,-95.568312,317.0,2024-05-14T08:39
Trachemys scripta elegans,Arkansas,36.140422,-94.126083,48.0,2024-05-16T11:07:11
Trachemys scripta elegans,Arkansas,36.336976,-94.101092,8.0,2024-05-20T12:32
Trachemys scripta elegans,Texas,29.728815,-95.725508,157.0,2024-05-14T18:44
Trachemys scripta elegans,Tennessee,35.148305,-89.991647,54.0,2024-05-02
Trachemys scripta elegans,Mississippi,34.164484,-89.890984,374.0,2024-05-19T08:31
Trachemys scripta elegans,Tennessee,35.943776,-83.937784,23.0,2024-05-10T14:57:38
Trachemys scripta elegans,Tennessee,35.757705,-83.972878,2.0,2024-05-09T16:15
Trachemys scripta elegans,Louisiana,32.25449,-93.53833,,2024-05-11T12:34:33
Trachemys scripta elegans,Texas,29.766856,-95.452599,537.0,2022-12-02T17:06:13
Trachemys scripta elegans,Arkansas,35.468182,-94.146439,5.0,2024-05-11T09:05:01
Trachemys scripta elegans,Missouri,37.173275,-93.322751,52.0,2024-04-29T18:03:37
Trachemys scripta elegans,Texas,29.723314,-95.745179,21.0,2024-04-29T10:25
Trachemys scripta elegans,Texas,29.572977,-94.389969,109.0,2024-05-04T13:26
Trachemys scripta elegans,Texas,28.982049,-96.01381,4.0,2024-05-01T07:56
Trachemys scripta elegans,North Carolina,35.108758,-80.834473,13.0,2024-05-10T18:48:34
Trachemys scripta elegans,Oklahoma,35.755085,-95.628937,,2024-05-09T10:44
Trachemys scripta elegans,Tennessee,36.059631,-86.804132,43.0,2024-05-06T11:58
Trachemys scripta elegans,Arkansas,35.576438,-92.219653,61.0,2024-05-11T11:26
Trachemys scripta elegans,Arkansas,35.447911,-94.168298,4.0,2024-05-07T16:20:56
Trachemys scripta elegans,Oklahoma,35.742286,-95.328388,68.0,2024-05-08T11:09
Trachemys scripta elegans,Texas,31.15879,-95.893959,4.0,2024-05-02T14:48
Trachemys scripta elegans,Texas,29.592974,-95.582122,20.0,2024-05-06T08:52
Trachemys scripta elegans,Tennessee,35.757702,-83.97287,2.0,2024-05-09T16:15
Trachemys scripta elegans,Texas,31.159158,-95.893011,8.0,2024-05-02T18:38
Trachemys scripta elegans,Texas,33.298585,-94.157801,4.0,2024-04-27T13:38:29
Trachemys scripta elegans,Texas,30.393622,-95.690298,24.0,2024-05-11T17:41:51
Trachemys scripta elegans,Texas,30.869113,-94.175087,8.0,2024-05-03T15:23
Trachemys scripta elegans,Texas,31.377205,-94.725904,111.0,2024-05-11
Trachemys scripta elegans,Texas,30.86912,-94.175084,8.0,2024-05-03T15:23
Trachemys scripta elegans,Texas,30.869094,-94.174994,8.0,2024-05-03T15:23
Trachemys scripta elegans,Texas,29.766815,-95.450557,,2024-04-28T12:31:14
Trachemys scripta elegans,Texas,29.655225,-95.47395,,2024-04-26T14:14:45
Trachemys scripta elegans,Texas,31.182823,-95.975125,2.0,2024-05-02T12:53
Trachemys scripta elegans,Texas,31.359109,-94.725634,14.0,2024-05-14
Trachemys scripta elegans,Texas,31.161839,-95.876804,2.0,2024-05-02T19:22
Trachemys scripta elegans,Texas,31.358448,-94.725374,56.0,2024-05-10
Trachemys scripta elegans,Texas,31.152915,-95.948681,8.0,2024-05-02T15:26
Trachemys scripta elegans,Texas,31.158739,-95.894082,8.0,2024-05-02T18:37
Trachemys scripta elegans,Texas,29.813453,-96.107901,2.0,2024-05-01T15:21
Trachemys scripta elegans,Texas,30.85302,-94.169431,4.0,2024-05-03T19:13
Trachemys scripta elegans,Texas,30.07642,-94.801339,,2024-05-10T07:07:33
Trachemys scripta elegans,Texas,30.860653,-94.179914,4.0,2024-05-03T19:24
Trachemys scripta elegans,North Carolina,35.64723,-82.299094,78.0,2024-05-08T09:03:47
Trachemys scripta elegans,Texas,28.931988,-95.432105,3.0,2024-05-10T11:57:52
Trachemys scripta elegans,Texas,30.143453,-95.472663,65.0,2024-05-09T10:34:59
Trachemys scripta elegans,Texas,29.901131,-95.81459,753.0,2024-05-10T22:31
Trachemys scripta elegans,Texas,30.967003,-95.917357,15.0,2024-05-02T11:30
Trachemys scripta elegans,Tennessee,35.945291,-83.936756,23.0,2024-05-10T13:35:40
Trachemys scripta elegans,Kentucky,37.199408,-88.27597,4.0,2024-05-07T17:12:24
Trachemys scripta elegans,Tennessee,35.757703,-83.972864,2.0,2024-05-09T16:15
Trachemys scripta elegans,Virginia,36.872209,-81.517251,2.0,2022-04-30T14:31
Trachemys scripta elegans,Texas,29.336446,-95.288719,32.0,2024-04-28T12:28:37
Trachemys scripta elegans,Tennessee,36.448416,-87.287866,28534.0,2024-05-04T17:35
Trachemys scripta elegans,Virginia,36.891258,-81.756641,28476.0,2016-06-06
Trachemys scripta elegans,Texas,30.827974,-94.138345,29304.0,2024-05-03T19:23:04
Trachemys scripta elegans,Missouri,37.822698,-90.02904,11436.0,2024-05-05T17:43
Trachemys scripta elegans,Texas,30.135846,-95.16785,35.0,2024-04-29T08:37:50
Trachemys scripta elegans,Texas,30.025595,-95.635545,3.0,2024-04-30T17:58:33
Trachemys scripta elegans,Arkansas,36.09632,-94.135034,,2024-04-22T16:05:48
Trachemys scripta elegans,Louisiana,30.369859,-91.107306,15.0,2024-05-04T08:19
Trachemys scripta elegans,Texas,31.376786,-94.725846,28.0,2024-05-04
Trachemys scripta elegans,Texas,29.766853,-95.450364,8.0,2024-04-29T14:17
Trachemys scripta elegans,Texas,31.159043,-95.836608,29278.0,2024-05-02T11:39:34
Trachemys scripta elegans,Texas,29.336446,-95.288719,32.0,2024-04-28T12:46:53
Trachemys scripta elegans,Tennessee,36.550868,-87.304662,117.0,2024-05-06T14:46
Trachemys scripta elegans,Texas,29.503452,-95.513472,38.0,2024-04-29T14:10:55
Trachemys scripta elegans,Texas,30.076509,-94.801281,4.0,2024-05-01T08:56:45
Trachemys scripta elegans,Texas,29.59356,-95.588387,28.0,2021-09-06
Trachemys scripta elegans,Tennessee,36.551623,-87.305559,31.0,2024-05-06T13:46
Trachemys scripta elegans,Texas,29.637075,-95.660059,38.0,2024-05-01T15:52:06
Trachemys scripta elegans,Texas,29.572897,-94.391332,4.0,2024-04-23T15:35
Trachemys scripta elegans,Virginia,36.873551,-81.771573,2.0,2022-04-21T14:10
Trachemys scripta elegans,Texas,31.36876,-96.340062,20.0,2024-04-28T14:00:37
Trachemys scripta elegans,Virginia,36.872298,-81.516347,2.0,2022-04-23T13:34
Trachemys scripta elegans,Tennessee,36.563368,-87.354108,28534.0,2024-05-04T18:18
Trachemys scripta elegans,Texas,29.714392,-95.38643,5.0,2021-09-18T09:02:31
Trachemys scripta elegans,Texas,29.996349,-95.585366,29433.0,2024-04-28T15:42:57
Trachemys scripta elegans,Texas,31.105448,-95.913295,29278.0,2024-05-02T14:59:19
Trachemys scripta elegans,Texas,29.374192,-95.614593,,2024-04-27T11:17
Trachemys scripta elegans,Tennessee,36.551693,-87.305093,48.0,2024-05-06T11:58
Trachemys scripta elegans,Texas,29.573392,-94.390014,200.0,2024-05-04T13:40
Trachemys scripta elegans,Texas,31.37515,-94.728399,400.0,2022-05-28
Trachemys scripta elegans,Texas,29.820567,-95.612092,17.0,2022-11-10T15:52:59
Trachemys scripta elegans,Tennessee,36.551625,-87.304781,122.0,2024-05-06T14:07
Trachemys scripta elegans,Virginia,36.886865,-81.52213,2.0,2021-09-23T13:13Z
Trachemys scripta elegans,Texas,30.007166,-95.519125,16.0,2021-08-15T19:29:57Z
Trachemys scripta elegans,Virginia,36.872426,-81.5162,2.0,2022-04-23T13:33
Trachemys scripta elegans,Virginia,36.873357,-81.77217,2.0,2023-02-07T16:02
Trachemys scripta elegans,Texas,30.364225,-95.525562,441.0,2021-09-11T17:56:08Z
Trachemys scripta elegans,Virginia,36.873423,-81.767213,2.0,2021-07-27T10:12Z
Trachemys scripta elegans,Texas,29.557858,-95.087122,,2024-05-01T16:19:14
Trachemys scripta elegans,Texas,29.584748,-95.418463,4.0,2024-04-29T12:36
Trachemys scripta elegans,Louisiana,32.601418,-92.049681,153.0,2024-04-27T11:38
Trachemys scripta elegans,Illinois,37.259195,-88.845207,1378.0,2024-05-01T13:53
Trachemys scripta elegans,Texas,32.983738,-96.332795,36.0,2024-05-02T12:25:17
Trachemys scripta elegans,Florida,29.624778,-82.366803,17.0,2024-05-02T16:55
Trachemys scripta elegans,Tennessee,36.551702,-87.304808,45.0,2024-05-06T11:54
Trachemys scripta elegans,Florida,30.592405,-86.754302,29356.0,2024-05-07T10:59:07
Trachemys scripta elegans,Virginia,36.872353,-81.516568,2.0,2022-04-23T13:34
Trachemys scripta elegans,Louisiana,30.255342,-90.956201,9.0,2024-04-27T10:17:39
Trachemys scripta elegans,Texas,30.672366,-96.287537,201.0,2024-04-29T18:07:57
Trachemys scripta elegans,Texas,32.364809,-96.003106,92.0,2024-05-01T10:46:50
Trachemys scripta elegans,Virginia,36.87324,-81.767637,2.0,2021-07-27T10:13Z
Trachemys scripta elegans,Texas,30.600778,-96.360423,,2024-04-22T16:46
Trachemys scripta elegans,Virginia,36.872517,-81.515691,2.0,2022-04-30T14:15
Trachemys scripta elegans,Virginia,36.858123,-81.531559,4128.0,2018-06-06
Trachemys scripta elegans,Texas,29.971403,-95.572925,58.0,2024-04-29T17:01
Trachemys scripta elegans,Texas,29.760622,-95.608094,,2022-12-07T13:26
Trachemys scripta elegans,Oklahoma,35.839729,-95.717178,,2024-04-26T13:21:56
Trachemys scripta elegans,Oklahoma,36.229499,-95.888513,3.0,2024-04-30T16:41:21
Trachemys scripta elegans,Texas,29.763074,-95.441403,82.0,2024-05-03T13:33:53
Trachemys scripta elegans,Texas,29.971333,-95.572648,64.0,2024-04-29T16:43
Trachemys scripta elegans,Virginia,36.872547,-81.515857,2.0,2022-04-23T13:32
Trachemys scripta elegans,Tennessee,35.13707,-89.821817,839.0,2024-04-28T08:26
Trachemys scripta elegans,Texas,31.40996,-95.423272,78.0,2022-10-22T13:04:13
Trachemys scripta elegans,Virginia,36.872589,-81.514361,2.0,2022-04-30T14:14
Trachemys scripta elegans,Virginia,36.872379,-81.51631,2.0,2022-04-23T13:32
Trachemys scripta elegans,Virginia,36.87255,-81.515713,2.0,2022-03-18T14:30Z
Trachemys scripta elegans,Virginia,36.873437,-81.77204,2.0,2023-03-29T13:46
Trachemys scripta elegans,Tennessee,36.551576,-87.304259,43.0,2024-05-06T14:10
Trachemys scripta elegans,Virginia,36.873384,-81.772057,2.0,2023-03-29T12:58
Trachemys scripta elegans,Texas,29.65762,-94.546604,200.0,2024-05-04T19:05:01
Trachemys scripta elegans,Arkansas,35.250581,-93.046002,,2024-04-17T12:52:44
Trachemys scripta elegans,Texas,29.164037,-95.455278,23.0,2024-05-04T12:53:06
Trachemys scripta elegans,Arkansas,36.103397,-94.203413,4.0,2024-04-28T13:52
Trachemys scripta elegans,Virginia,36.887818,-81.522299,2.0,2023-05-05T09:59
Trachemys scripta elegans,Virginia,36.887047,-81.521665,2.0,2021-09-23T13:13Z
Trachemys scripta elegans,Tennessee,36.551309,-87.304407,65.0,2024-05-06T14:05
Trachemys scripta elegans,Texas,31.054576,-95.937869,29278.0,2024-05-02T15:36:33
Trachemys scripta elegans,Texas,30.38796,-95.457825,210.0,2024-04-27T16:55
Trachemys scripta elegans,Arkansas,35.104694,-92.434153,194.0,2024-05-02T12:02:26
Trachemys scripta elegans,Texas,32.633266,-95.466324,2.0,2024-04-27T10:34
Trachemys scripta elegans,Texas,33.495422,-94.104133,19.0,2024-04-27T10:47:43
Trachemys scripta elegans,Texas,32.634476,-95.460578,196.0,2024-04-27T10:17
Trachemys scripta elegans,Texas,32.633317,-95.466338,2.0,2024-04-27T09:18
Trachemys scripta elegans,Texas,29.378463,-95.62628,20.0,2024-04-27T11:17
Trachemys scripta elegans,Arkansas,36.218292,-93.050864,14.0,2024-04-28T12:53:31
Trachemys scripta elegans,Tennessee,35.151581,-89.870737,4.0,2024-04-28T09:10:04
Trachemys scripta elegans,Texas,29.718122,-95.39215,4.0,2024-04-28T18:43:58
Trachemys scripta elegans,Texas,30.290344,-95.413611,1040.0,2024-04-27T12:35:51
Trachemys scripta elegans,Texas,32.699614,-95.487491,365.0,2024-04-27T12:36:39
Trachemys scripta elegans,Tennessee,36.435517,-89.358279,244.0,2024-04-21T13:23
Trachemys scripta elegans,Texas,29.719364,-95.391088,,2024-03-28T14:02
Trachemys scripta elegans,Texas,29.557472,-95.65615,11.0,2024-04-23T14:24:54
Trachemys scripta elegans,Texas,32.634295,-95.458826,2.0,2024-04-21T14:51
Trachemys scripta elegans,Tennessee,36.445598,-89.350383,244.0,2024-04-22T11:59
Trachemys scripta elegans,Texas,29.7668,-95.450583,4.0,2024-04-26T15:47
Trachemys scripta elegans,Texas,32.692344,-94.17914,10.0,2024-04-22T16:24
Trachemys scripta elegans,Texas,29.58087,-95.635059,141.0,2024-04-26T11:59:46
Trachemys scripta elegans,Louisiana,30.391684,-90.115926,12.0,2024-04-25T14:13
Trachemys scripta elegans,Texas,29.974436,-95.167952,23.0,2024-04-23T13:56:18
Trachemys scripta elegans,Texas,29.526284,-95.80076,10.0,2024-04-15T11:51
Trachemys scripta elegans,Texas,29.968945,-95.572626,82.0,2024-01-19T15:39
Trachemys scripta elegans,Texas,29.572514,-94.390908,141.0,2024-04-23T11:33
Trachemys scripta elegans,Texas,30.56365,-96.220903,24.0,2024-03-10T15:16:11
Trachemys scripta elegans,Texas,29.628422,-94.524266,28356.0,2024-04-13T15:41
Trachemys scripta elegans,Florida,30.242363,-81.379937,8.0,2024-04-24T10:38:57
Trachemys scripta elegans,Arkansas,36.055145,-94.060036,3.0,2024-04-16T13:24:35
Trachemys scripta elegans,Texas,29.901131,-95.81459,753.0,2024-04-24T05:25
Trachemys scripta elegans,Oklahoma,36.341352,-95.32343,28563.0,2024-04-12T12:20
Trachemys scripta elegans,Texas,30.918767,-95.665531,17.0,2024-04-06T12:03
Trachemys scripta elegans,Texas,33.77433,-95.452867,12.0,2024-04-20T14:57:58
Trachemys scripta elegans,Texas,29.889855,-95.757898,299446.0,2021-09-28T13:30:12Z
Trachemys scripta elegans,South Carolina,34.674292,-82.82277,10.0,2024-04-20T12:30
Trachemys scripta elegans,Texas,29.572626,-94.390685,4.0,2024-04-20T11:21:23
Trachemys scripta elegans,Oklahoma,35.838287,-95.719055,,2024-04-18T15:53
Trachemys scripta elegans,Texas,29.718196,-95.39174,72.0,2024-04-07T10:02
Trachemys scripta elegans,Oklahoma,36.202486,-95.397693,28563.0,2024-04-13T10:43
Trachemys scripta elegans,Texas,30.285618,-95.675071,29.0,2024-04-12T15:23
Trachemys scripta elegans,Oklahoma,36.392747,-95.369301,28563.0,2024-04-13T11:20
Trachemys scripta elegans,Texas,29.523775,-95.803381,,2024-04-29T12:58:55
Trachemys scripta elegans,Louisiana,31.180075,-92.415228,8.0,2024-04-19T16:21:13
Trachemys scripta elegans,Texas,29.218388,-94.880569,29508.0,2024-04-19T18:33:20
Trachemys scripta elegans,Arkansas,36.054595,-94.062091,243.0,2024-03-06T16:22
Trachemys scripta elegans,Illinois,37.713424,-89.222523,112.0,2024-04-18T11:50:13
Trachemys scripta elegans,Texas,29.76664,-95.450824,25.0,2024-04-17T16:17:15
Trachemys scripta elegans,Texas,29.614189,-94.555242,,2024-04-07T10:48
Trachemys scripta elegans,Texas,29.371006,-95.626144,,2024-04-12T08:46
Trachemys scripta elegans,Texas,29.572217,-94.391037,4.0,2024-04-17T15:55:25
Trachemys scripta elegans,Texas,29.371893,-95.625165,,2024-03-22T08:15
Trachemys scripta elegans,Texas,29.371006,-95.626144,,2024-04-12T08:47
Trachemys scripta elegans,Texas,31.624542,-94.645027,224.0,2024-04-30T12:51:51
Trachemys scripta elegans,Texas,29.682218,-95.2718,2000.0,2024-04-29T14:12:52
Trachemys scripta elegans,Tennessee,35.954417,-83.94641,139.0,2024-03-03T10:12
Trachemys scripta elegans,Texas,29.713553,-95.632481,,2024-04-29T13:08
Trachemys scripta elegans,Texas,29.571946,-94.389918,395.0,2022-04-20T11:15
Trachemys scripta elegans,Texas,29.38173,-95.575668,2977.0,2024-04-27T12:37
Trachemys scripta elegans,Texas,29.767112,-95.43127,1.0,2024-04-27T14:47:15
Trachemys scripta elegans,Louisiana,30.415107,-91.116724,,2024-04-28T08:42:31
Trachemys scripta elegans,Texas,30.212265,-95.179418,9.0,2024-04-27T17:29:41
Trachemys scripta elegans,Louisiana,30.225503,-92.045693,7.0,2024-04-24T13:44:11
Trachemys scripta elegans,Texas,29.372804,-95.627709,28.0,2015-07-19T09:54
Trachemys scripta elegans,Texas,29.718772,-95.392472,3.0,2024-03-18T16:22:24
Trachemys scripta elegans,Texas,29.716783,-95.393203,3.0,2024-04-24T19:17:25
Trachemys scripta elegans,Texas,29.766986,-95.432154,8.0,2024-04-28T18:11:29
Trachemys scripta elegans,Texas,29.647083,-95.472153,4.0,2024-04-27T16:12:31
Trachemys scripta elegans,Texas,29.598443,-95.622552,8142.0,2024-02-23T10:44
Trachemys scripta elegans,Texas,29.770683,-95.568312,317.0,2024-04-29T15:27
Trachemys scripta elegans,Texas,29.717277,-95.392795,25.0,2024-04-07T10:11
Trachemys scripta elegans,Texas,32.519945,-96.052753,718.0,2024-04-08T10:27
Trachemys scripta elegans,Texas,29.717425,-95.392335,19.0,2024-04-28T09:55:31
Trachemys scripta elegans,Florida,30.238752,-81.700666,213.0,2024-04-26T12:47
Trachemys scripta elegans,Texas,29.866762,-95.64606,125.0,2024-04-27T16:07
Trachemys scripta elegans,Texas,30.121937,-95.134798,8.0,2024-04-27T09:25:38
Trachemys scripta elegans,Texas,30.655787,-96.337202,14595.0,2024-04-29T17:28
Trachemys scripta elegans,Mississippi,30.381566,-89.057247,,2024-04-24T12:55
Trachemys scripta elegans,Alabama,34.553921,-86.777099,82.0,2024-04-27T12:21:37
Trachemys scripta elegans,Texas,29.769549,-95.361248,190.0,2024-04-26T09:27
Trachemys scripta elegans,Texas,29.760271,-95.432605,4.0,2024-04-28T12:37:07
Trachemys scripta elegans,Texas,29.657068,-94.513279,25172.0,2024-04-13T10:45
Trachemys scripta elegans,Texas,29.901131,-95.81459,753.0,2024-03-27T06:36
Trachemys scripta elegans,Texas,29.911474,-95.660899,198.0,2024-04-26T11:22
Trachemys scripta elegans,Oklahoma,36.273017,-95.396957,28563.0,2024-04-13T09:51
Trachemys scripta elegans,Texas,29.733869,-95.65939,2.0,2015-07-25
Trachemys scripta elegans,Louisiana,30.879506,-91.307665,83.0,2024-04-26T07:01:53
Trachemys scripta elegans,Texas,29.598443,-95.622552,8142.0,2024-04-29T15:23
Trachemys scripta elegans,Tennessee,36.43096,-89.362914,244.0,2024-04-22T11:52
Trachemys scripta elegans,Texas,29.633659,-95.663815,,2024-04-16T11:22
Trachemys scripta elegans,Texas,29.632812,-95.639787,8.0,2024-04-28T14:53
Trachemys scripta elegans,Texas,30.601612,-96.360478,,2024-04-29T16:34
Trachemys scripta elegans,Oklahoma,35.839134,-95.71344,,2024-04-18T16:42
Trachemys scripta elegans,Texas,29.767112,-95.431192,31.0,2024-04-28T17:21:53
Trachemys scripta elegans,Texas,32.634476,-95.460578,196.0,2024-04-27T10:20
Trachemys scripta elegans,Texas,29.554892,-95.585433,,2024-04-27T10:54:22
Trachemys scripta elegans,Texas,29.770683,-95.568312,317.0,2024-04-29T15:17
Trachemys scripta elegans,Louisiana,29.934442,-90.124625,12.0,2024-04-24T10:32:26
Trachemys scripta elegans,Texas,29.595405,-95.070897,,2024-04-28T13:21
Trachemys scripta elegans,Texas,29.598443,-95.622552,8142.0,2024-02-23T10:50
Trachemys scripta elegans,Texas,32.63366,-95.466265,2.0,2024-04-27T09:07
Trachemys scripta elegans,Tennessee,35.24895,-89.7469,,2024-04-27T09:20
Trachemys scripta elegans,Texas,29.702888,-95.578562,4.0,2024-04-29T19:31:53
Trachemys scripta elegans,Texas,29.597028,-95.674872,91.0,2024-04-28T16:27:45
Trachemys scripta elegans,Oklahoma,35.841687,-95.718398,1599.0,2024-04-17T11:55
Trachemys scripta elegans,Texas,31.356149,-94.726338,70.0,2024-04-30
Trachemys scripta elegans,Texas,30.648444,-96.371039,,2024-04-10T16:57:53
Trachemys scripta elegans,Texas,29.594634,-95.071823,,2024-04-27T10:46:14
Trachemys scripta elegans,Texas,29.717392,-95.392883,4.0,2024-02-23T11:09:46
Trachemys scripta elegans,Texas,29.374261,-95.610666,,2024-04-18T11:45
Trachemys scripta elegans,Texas,29.53764,-95.375785,7.0,2024-04-26T18:58:01
Trachemys scripta elegans,Texas,29.766617,-95.450536,13.0,2024-04-28T12:27:42
Trachemys scripta elegans,Louisiana,30.370666,-91.107333,15.0,2024-04-27T11:57
Trachemys scripta elegans,Texas,29.572613,-94.390725,4.0,2024-04-20T11:21:13
Trachemys scripta elegans,Texas,29.805421,-95.819256,21.0,2024-04-27T09:46
Trachemys scripta elegans,Texas,29.595767,-95.134103,6.0,2024-04-16T08:03:32
Trachemys scripta elegans,Texas,29.718883,-95.392054,,2024-03-28T14:11
Trachemys scripta elegans,Texas,29.58637,-95.155045,31.0,2024-04-28T16:54
Trachemys scripta elegans,Kentucky,37.007776,-89.106729,31.0,2024-04-08T12:01
Trachemys scripta elegans,Texas,29.673683,-96.270793,17.0,2024-04-14T15:10
Trachemys scripta elegans,Texas,29.821969,-94.667174,90.0,2024-04-15T11:04
Trachemys scripta elegans,Texas,29.66252,-95.486558,4.0,2024-04-27T15:03:44
Trachemys scripta elegans,Texas,30.563617,-96.220803,6.0,2024-03-10T15:14:42
Trachemys scripta elegans,Arkansas,35.043031,-92.692528,5.0,2024-04-17T14:46:38
Trachemys scripta elegans,Texas,29.713559,-95.39021,122.0,2024-04-26T19:58
Trachemys scripta elegans,Oklahoma,35.827549,-95.719559,,2024-04-26T14:22
Trachemys scripta elegans,Texas,29.766573,-95.450631,7.0,2024-04-28T12:15:45
Trachemys scripta elegans,Oklahoma,33.727789,-94.642211,,2024-04-28T12:36:14
Trachemys scripta elegans,Texas,30.627881,-95.537514,4.0,2024-04-26T17:40
Trachemys scripta elegans,Texas,29.473982,-95.249659,,2024-04-26T19:04
Trachemys scripta elegans,Tennessee,35.144968,-89.83896,425.0,2024-04-26T13:05
Trachemys scripta elegans,Texas,33.778992,-95.451653,6.0,2024-04-19T20:47:09
Trachemys scripta elegans,Arkansas,36.224883,-91.441544,,2024-04-28T10:05
Trachemys scripta elegans,Texas,29.657621,-94.546605,199.0,2024-04-13T11:06
Trachemys scripta elegans,Alabama,30.248054,-88.087048,,2024-04-16T14:07:30
Trachemys scripta elegans,Texas,30.563587,-96.220755,6.0,2024-03-10T15:13:50
Trachemys scripta elegans,Texas,29.478235,-95.731546,29483.0,2024-04-26T13:27:46
Trachemys scripta elegans,Louisiana,30.370673,-91.107548,4.0,2024-04-26T17:05:02
Trachemys scripta elegans,Texas,29.7675,-95.35933,4.0,2024-04-26T11:20:03
Trachemys scripta elegans,Louisiana,30.400039,-91.128039,,2024-04-26T07:15
Trachemys scripta elegans,Texas,29.478972,-94.57933,73.0,2024-04-17T08:06:52
Trachemys scripta elegans,Texas,29.724622,-93.868987,2356.0,2024-04-16T12:37:19
Trachemys scripta elegans,Texas,31.623375,-94.64218,5.0,2022-03-03T14:07:54Z
Trachemys scripta elegans,Texas,29.770683,-95.568312,317.0,2024-04-29T15:57
Trachemys scripta elegans,Texas,30.585552,-96.301336,4.0,2024-04-26T10:14:08
Trachemys scripta elegans,Texas,29.765955,-95.429297,4.0,2024-04-28T13:58:33
Trachemys scripta elegans,Texas,29.374158,-95.614794,,2024-04-27T11:17
Trachemys scripta elegans,Texas,29.373942,-95.621528,3.0,2024-04-27T11:35:53
Trachemys scripta elegans,Texas,30.582525,-94.379707,14.0,2024-04-22T17:12:21
Trachemys scripta elegans,Texas,29.960557,-95.722761,151.0,2024-04-23T16:36:43
Trachemys scripta elegans,Oklahoma,36.74556,-95.935352,1745.0,2024-04-29T13:46:38
Trachemys scripta elegans,Texas,30.175525,-95.585245,4.0,2024-04-28T09:27:11
Trachemys scripta elegans,Texas,29.974458,-95.167895,12.0,2024-04-23T14:01:29
Trachemys scripta elegans,Texas,29.58637,-95.155045,31.0,2024-04-28T16:54
Trachemys scripta elegans,Texas,29.770683,-95.568312,497.0,2024-04-20T14:05
Trachemys scripta elegans,Oklahoma,36.191095,-95.887087,35.0,2024-04-08T19:00:16
Trachemys scripta elegans,Texas,30.924281,-95.665702,12.0,2024-04-26T13:28
Trachemys scripta elegans,Texas,29.768112,-95.453629,1414.0,2024-04-26T14:12:13
Trachemys scripta elegans,Texas,29.604473,-95.623587,,2024-04-24T14:35
Trachemys scripta elegans,Texas,30.201102,-95.541367,26.0,2024-04-29T11:58
Trachemys scripta elegans,Texas,29.590216,-94.535252,32604.0,2024-04-13T12:12
Trachemys scripta elegans,Texas,29.572711,-94.389553,44.0,2024-04-20T09:04
Trachemys scripta elegans,Texas,29.374026,-95.618748,14.0,2015-07-19T08:25
Trachemys scripta elegans,Texas,29.766587,-95.450616,5.0,2024-04-28T12:19:08
Trachemys scripta elegans,Texas,29.713134,-95.338851,,2024-04-03T10:42:57
Trachemys scripta elegans,Texas,30.67207,-96.2408,9.0,2024-04-21T10:08:53
Trachemys scripta elegans,South Carolina,34.9344,-81.019067,4.0,2024-04-24T14:40:24
Trachemys scripta elegans,Alabama,34.78154,-86.636011,28790.0,2024-04-23T14:06:52
Trachemys scripta elegans,Texas,29.766912,-95.452208,4.0,2024-04-28T14:07:25
Trachemys scripta elegans,Arkansas,35.04297,-92.692695,3.0,2024-04-17T14:42:24
Trachemys scripta elegans,Texas,32.84378,-95.811737,7.0,2024-04-27T11:43:48
Trachemys scripta elegans,Missouri,36.911773,-93.926982,,2024-04-21T10:54:05
Trachemys scripta elegans,Alabama,30.700114,-88.18446,52.0,2024-04-06T15:11
Trachemys scripta elegans,Texas,29.718886,-95.391926,14.0,2024-04-07T10:20
Trachemys scripta elegans,Texas,29.713275,-95.386867,128.0,2024-03-29T18:56:29
Trachemys scripta elegans,Texas,29.593629,-95.588408,,2024-04-24T08:48
Trachemys scripta elegans,Arkansas,36.351177,-94.296263,205.0,2024-04-20T15:49
Trachemys scripta elegans,Texas,29.766937,-95.452164,4.0,2024-04-26T14:11:10
Trachemys scripta elegans,Texas,30.121997,-95.134711,200.0,2024-04-27T09:24:51
Trachemys scripta elegans,North Carolina,35.502052,-80.854973,,2024-04-13T11:10:19
Trachemys scripta elegans,Texas,29.571946,-94.389918,200.0,2024-04-19T17:38
Trachemys scripta elegans,Texas,29.598443,-95.622552,8142.0,2024-04-29T15:23
Trachemys scripta elegans,Texas,29.766819,-95.45056,6.0,2024-04-28T12:31:04
Trachemys scripta elegans,Georgia,33.873086,-84.338429,5912.0,2024-04-23T15:44:32
Trachemys scripta elegans,Texas,29.770683,-95.568312,497.0,2024-04-20T14:05
Trachemys scripta elegans,Oklahoma,35.964361,-95.732986,28620.0,2024-04-17T20:09
Trachemys scripta elegans,Alabama,32.596089,-85.482869,23.0,2024-04-18T16:24:38
Trachemys scripta elegans,Tennessee,35.103308,-89.7751,4.0,2024-04-30T10:56:43
Trachemys scripta elegans,Texas,29.68242,-95.266294,8.0,2024-04-29T14:13:38
Trachemys scripta elegans,Louisiana,30.014029,-93.204384,,2024-04-26T16:12:07
Trachemys scripta elegans,Texas,32.841137,-95.821442,5.0,2024-04-27T09:39:13
Trachemys scripta elegans,South Carolina,34.674358,-82.822997,301.0,2024-04-16T16:56:13
Trachemys scripta elegans,Missouri,37.281617,-93.342087,1314.0,2024-04-14T10:19:24
Trachemys scripta elegans,Alabama,32.597275,-85.484353,4.0,2024-04-16T11:39:25
Trachemys scripta elegans,Texas,29.766905,-95.450538,4.0,2024-04-14T16:54:06
Trachemys scripta elegans,Texas,29.216537,-94.935172,4.0,2024-04-05T15:44:07
Trachemys scripta elegans,Oklahoma,36.020279,-95.740498,8.0,2024-04-12T12:00
Trachemys scripta elegans,Texas,30.366533,-95.606163,4.0,2024-04-13T15:32:56
Trachemys scripta elegans,Arkansas,36.267329,-92.544836,218.0,2024-04-13T13:46
Trachemys scripta elegans,Texas,31.624445,-94.644478,4.0,2024-04-12T16:48
Trachemys scripta elegans,Louisiana,30.482097,-91.131614,20.0,2024-03-19T22:54:29
Trachemys scripta elegans,Arkansas,34.68293,-92.464012,5.0,2024-04-15T17:56:57
Trachemys scripta elegans,Texas,30.061382,-95.226951,,2024-04-09T14:46:04
Trachemys scripta elegans,Texas,29.718903,-95.392449,44.0,2024-03-30T16:21:36
Trachemys scripta elegans,Texas,29.725799,-95.315044,21686.0,2023-11-26T00:55:14
Trachemys scripta elegans,Florida,30.379912,-81.403228,5.0,2021-02-27T11:01:40
Trachemys scripta elegans,Alabama,30.248038,-88.086993,23.0,2024-04-16T10:04:23
Trachemys scripta elegans,Georgia,33.944629,-83.373902,3.0,2024-04-16T12:37
Trachemys scripta elegans,Alabama,32.597301,-85.484366,4.0,2024-04-16T11:38:24
Trachemys scripta elegans,Texas,29.633667,-95.663819,,2024-04-15T11:42
Trachemys scripta elegans,Louisiana,30.598589,-91.007052,2.0,2024-04-11T12:58
Trachemys scripta elegans,Louisiana,30.450622,-90.953653,4.0,2024-02-23T17:28:49
Trachemys scripta elegans,Texas,29.673536,-96.269446,12.0,2024-04-14T14:30
Trachemys scripta elegans,Texas,32.519897,-96.053367,100.0,2024-04-07T17:00:52
Trachemys scripta elegans,Alabama,33.29871,-87.673481,61.0,2024-04-12T12:02
Trachemys scripta elegans,Mississippi,31.360843,-91.416135,8.0,2024-04-14T14:19
Trachemys scripta elegans,Texas,30.026581,-95.294947,420.0,2024-04-12T11:03:49
Trachemys scripta elegans,Florida,30.294497,-81.604947,28.0,2024-04-12T14:00
Trachemys scripta elegans,Texas,29.658892,-96.265372,20.0,2024-04-02T17:23
Trachemys scripta elegans,Texas,32.16631,-96.20672,29146.0,2024-04-14T17:58:25
Trachemys scripta elegans,Texas,29.719878,-95.342245,2662.0,2024-04-08T16:29:33
Trachemys scripta elegans,South Carolina,34.94185,-82.365342,15.0,2024-04-14T17:24:16
Trachemys scripta elegans,Texas,29.604453,-95.62967,3.0,2023-12-22T22:52:52
Trachemys scripta elegans,Texas,29.590263,-94.391121,3.0,2022-04-05T15:30:01
Trachemys scripta elegans,Oklahoma,36.300217,-94.683975,8.0,2024-04-07T12:51:17
Trachemys scripta elegans,Arkansas,36.212983,-94.156655,178.0,2024-04-13T09:52
Trachemys scripta elegans,Arkansas,36.267329,-92.544836,218.0,2024-04-13T13:37
Trachemys scripta elegans,Texas,29.713527,-95.389952,2377.0,2024-04-08T14:08:06
Trachemys scripta elegans,Texas,29.857639,-95.162438,352.0,2024-04-09T10:24
Trachemys scripta elegans,Texas,29.524392,-95.800824,,2024-04-04T09:00
Trachemys scripta elegans,Oklahoma,36.268794,-95.310244,,2024-04-11T15:25:07
Trachemys scripta elegans,Texas,30.067567,-95.740933,309.0,2024-04-09T10:05
Trachemys scripta elegans,Oklahoma,36.124306,-95.984938,9.0,2024-04-13T10:35:41
Trachemys scripta elegans,Texas,30.870077,-94.176044,40.0,2024-03-30T17:21
Trachemys scripta elegans,Texas,30.603067,-96.360057,,2024-04-03T16:54:09
Trachemys scripta elegans,Arkansas,34.767241,-92.305953,451.0,2024-04-13T15:07:40
Trachemys scripta elegans,Texas,29.698928,-93.948975,3.0,2024-04-09T11:47
Trachemys scripta elegans,Oklahoma,35.840665,-95.730581,1566.0,2024-04-06T14:52
Trachemys scripta elegans,Tennessee,36.551158,-87.305528,49.0,2024-03-31T10:00
Trachemys scripta elegans,Texas,28.983194,-96.010456,21.0,2024-03-30T16:08
Trachemys scripta elegans,Texas,29.525869,-95.802404,487.0,2024-04-04T09:23
Trachemys scripta elegans,Arkansas,36.083645,-94.143372,4.0,2024-04-10T11:25:57
Trachemys scripta elegans,Tennessee,35.139105,-89.809521,839.0,2024-04-04T12:32
Trachemys scripta elegans,Texas,29.858329,-95.160922,,2024-04-03T10:20
Trachemys scripta elegans,Texas,29.526578,-95.801237,10.0,2024-04-03T10:54
Trachemys scripta elegans,Texas,29.593009,-95.582151,,2024-03-30T14:27
Trachemys scripta elegans,Arkansas,35.305953,-93.145467,198.0,2024-04-02
Trachemys scripta elegans,Georgia,31.993388,-81.084764,34.0,2024-04-06T16:13:36
Trachemys scripta elegans,Oklahoma,36.096076,-95.774026,44.0,2024-04-04T16:33:38
Trachemys scripta elegans,Texas,29.328656,-94.768848,,2024-03-28T14:14
Trachemys scripta elegans,Texas,29.526539,-95.801236,,2024-04-03T10:54
Trachemys scripta elegans,Texas,29.718054,-95.392011,200.0,2024-03-30T16:54:46
Trachemys scripta elegans,Tennessee,36.290217,-87.089797,61.0,2024-03-26T16:23
Trachemys scripta elegans,Texas,29.857467,-95.162664,429.0,2023-05-08T11:32
Trachemys scripta elegans,Florida,30.243457,-81.38176,13.0,2023-04-19T19:11:08
Trachemys scripta elegans,Texas,29.718926,-95.39245,52.0,2024-03-30T16:25:41
Trachemys scripta elegans,Missouri,37.180279,-91.1724,30.0,2024-04-08T11:31:17
Trachemys scripta elegans,Texas,29.892653,-95.342078,4.0,2024-03-30T12:53:20
Trachemys scripta elegans,Texas,29.857467,-95.162664,429.0,2023-05-08T11:32
Trachemys scripta elegans,Louisiana,30.416194,-91.116254,35.0,2024-03-29T14:29:52
Trachemys scripta elegans,Arkansas,36.055054,-94.064109,24.0,2024-04-08T17:21:15
Trachemys scripta elegans,Texas,29.718914,-95.39245,49.0,2024-03-30T16:23:13
Trachemys scripta elegans,Texas,29.718112,-95.391787,200.0,2024-03-30T16:54:23
Trachemys scripta elegans,Texas,29.718903,-95.39246,47.0,2024-03-30T16:22:26
Trachemys scripta elegans,Texas,29.587808,-95.590976,,2024-03-29T10:06
Trachemys scripta elegans,Texas,30.394038,-95.691267,198.0,2023-06-17T13:03
Trachemys scripta elegans,Florida,30.270281,-81.506192,180.0,2024-04-09T10:42
Trachemys scripta elegans,Oklahoma,36.223692,-95.899033,535.0,2024-03-20T14:57
Trachemys scripta elegans,Texas,30.52493,-96.271562,4.0,2024-04-08T18:27:53
Trachemys scripta elegans,Texas,29.728918,-95.778673,40.0,2024-04-07T09:13
Trachemys scripta elegans,Texas,29.328584,-94.768851,,2024-04-09T16:09
Trachemys scripta elegans,Texas,29.583376,-96.336991,63.0,2024-04-07T15:49
Trachemys scripta elegans,Texas,29.857467,-95.162664,429.0,2023-05-08T11:32
Trachemys scripta elegans,Texas,29.855744,-95.164885,,2024-03-19T12:14
Trachemys scripta elegans,Texas,29.373383,-95.622887,4.0,2024-03-28T12:30:53
Trachemys scripta elegans,Oklahoma,36.22353,-95.902725,3.0,2024-04-07T12:58:06
Trachemys scripta elegans,Texas,29.374169,-95.607358,4.0,2024-04-07T10:03:24
Trachemys scripta elegans,Texas,29.698678,-93.948142,5.0,2019-04-10T09:14
Trachemys scripta elegans,Arkansas,36.419704,-92.914198,1713.0,2024-03-28T12:16
Trachemys scripta elegans,Texas,29.718136,-95.391906,200.0,2024-03-30T16:53:05
Trachemys scripta elegans,Texas,28.981569,-96.013888,29.0,2024-03-30T16:55
Trachemys scripta elegans,Mississippi,34.476078,-90.556056,3906.0,2021-05-08T16:38
Trachemys scripta elegans,Missouri,37.241837,-92.009449,8.0,2024-03-27T11:42
Trachemys scripta elegans,North Carolina,35.103659,-81.02679,2.0,2024-03-21T10:24
Trachemys scripta elegans,Texas,29.698187,-93.948067,5.0,2019-04-10T11:01
Trachemys scripta elegans,Georgia,33.584644,-84.061734,6.0,2022-05-06T12:03:51
Trachemys scripta elegans,Missouri,37.938812,-91.805929,2.0,2024-04-04T15:14
Trachemys scripta elegans,North Carolina,35.148604,-80.852058,1.0,2024-03-21T13:54
Trachemys scripta elegans,Missouri,36.966997,-90.214548,192.0,2024-03-31T08:18:05
Trachemys scripta elegans,Louisiana,32.25342,-91.582715,23.0,2024-04-03T16:49:13
Trachemys scripta elegans,Oklahoma,35.82707,-95.730967,968.0,2024-03-31T18:18
Trachemys scripta elegans,Texas,29.635849,-95.66037,4.0,2024-04-02T13:32:36
Trachemys scripta elegans,Arkansas,35.762517,-91.633688,5.0,2024-03-30T12:08:55
Trachemys scripta elegans,Texas,29.718832,-95.392424,,2024-03-30T17:09:39
Trachemys scripta elegans,Missouri,37.045348,-90.098043,6931.0,2024-03-31T07:40:49
Trachemys scripta elegans,Texas,29.72036,-95.390803,,2024-04-05T14:33:28
Trachemys scripta elegans,Texas,29.984624,-95.627327,4.0,2024-03-08T18:21:13
Trachemys scripta elegans,Oklahoma,35.929897,-95.926636,,2024-03-31T12:45
Trachemys scripta elegans,Texas,29.718105,-95.391887,200.0,2024-03-30T16:54:01
Trachemys scripta elegans,Texas,29.718095,-95.391992,200.0,2024-03-30T16:54:27
Trachemys scripta elegans,Texas,29.718145,-95.391894,200.0,2024-03-30T16:53:11
Trachemys scripta elegans,Louisiana,30.409581,-91.174486,58.0,2024-04-09T21:11:57
Trachemys scripta elegans,Texas,29.723987,-95.340867,4.0,2024-04-04T13:11:58
Trachemys scripta elegans,Louisiana,30.391965,-90.115746,31.0,2024-04-04T13:36
Trachemys scripta elegans,Oklahoma,33.997567,-96.34752,4.0,2024-04-08T11:34:03
Trachemys scripta elegans,Texas,29.765224,-95.452071,165.0,2024-03-30T14:58:48
Trachemys scripta elegans,Louisiana,30.356523,-91.0952,18.0,2024-03-29T11:23
Trachemys scripta elegans,Alabama,32.597492,-85.484458,13.0,2024-03-27T12:25:37
Trachemys scripta elegans,Tennessee,36.150172,-86.811802,197.0,2022-04-14T02:20
Trachemys scripta elegans,Tennessee,36.297025,-87.10517,164.0,2024-03-26T12:18
Trachemys scripta elegans,Tennessee,35.139105,-89.809521,839.0,2024-03-29T10:54
Trachemys scripta elegans,Texas,29.857768,-95.160229,188.0,2023-05-06T10:30
Trachemys scripta elegans,Texas,30.142322,-95.164869,7.0,2023-04-28T14:47:41
Trachemys scripta elegans,Texas,30.668308,-94.870199,1470.0,2021-10-01T06:25
Trachemys scripta elegans,Texas,29.890256,-95.351697,1316.0,2023-05-08T10:23
Trachemys scripta elegans,Oklahoma,36.21322,-95.907885,16.0,2024-03-21T11:21
Trachemys scripta elegans,Alabama,34.707496,-86.634037,601.0,2024-03-24T22:30
Trachemys scripta elegans,Louisiana,30.369396,-91.104765,15.0,2024-03-23T09:00:43
Trachemys scripta elegans,Texas,30.057352,-95.71855,29407.0,2024-03-25T14:10:38
Trachemys scripta elegans,Texas,29.336446,-95.288719,32.0,2024-03-25T16:46:38
Trachemys scripta elegans,Louisiana,30.001849,-92.898313,707.0,2023-03-01T03:05
Trachemys scripta elegans,Texas,30.618104,-96.304107,27.0,2024-03-25T15:21:03
Trachemys scripta elegans,Tennessee,36.056756,-86.797805,22.0,2024-03-19T12:53:14
Trachemys scripta elegans,Tennessee,36.056764,-86.797837,6.0,2024-03-19T12:53:19
Trachemys scripta elegans,Texas,29.767308,-95.432638,13.0,2024-03-17T15:20:56
Trachemys scripta elegans,Arkansas,35.30453,-93.165664,4.0,2024-03-23T13:28:20
Trachemys scripta elegans,Alabama,33.997521,-85.448408,28902.0,2024-03-20T13:59:13
Trachemys scripta elegans,Texas,30.292545,-95.333437,3.0,2024-03-23T10:51:57
Trachemys scripta elegans,Texas,29.779138,-96.171946,4.0,2024-03-22T13:27
Trachemys scripta elegans,Texas,29.98565,-95.56777,7.0,2024-03-17T12:16:16
Trachemys scripta elegans,Texas,29.586687,-95.184315,2000.0,2023-10-16T14:49
Trachemys scripta elegans,Louisiana,30.538958,-90.935783,11.0,2024-03-16T16:33:32
Trachemys scripta elegans,Georgia,33.926863,-83.384637,8.0,2024-03-20T16:27:38
Trachemys scripta elegans,Tennessee,35.496172,-89.265486,31.0,2024-03-21T12:00
Trachemys scripta elegans,Louisiana,29.985109,-90.095016,375.0,2024-03-24T00:00
Trachemys scripta elegans,Florida,30.228882,-81.717723,319.0,2024-03-25T13:12
Trachemys scripta elegans,Tennessee,35.9426,-86.376787,210.0,2022-04-23
Trachemys scripta elegans,Missouri,37.123994,-93.238199,1470.0,2024-03-19T17:49
Trachemys scripta elegans,Arkansas,35.457078,-93.4739,3.0,2024-03-23T12:32:10
Trachemys scripta elegans,Oklahoma,33.787962,-94.757453,4.0,2024-03-23T12:09:55
Trachemys scripta elegans,Louisiana,30.370377,-91.107758,22.0,2024-03-23T09:42:38
Trachemys scripta elegans,Kentucky,36.979992,-86.350808,5.0,2023-09-29T11:20:40
Trachemys scripta elegans,Illinois,37.366163,-88.834588,28417.0,2024-03-23T15:34
Trachemys scripta elegans,Texas,29.718063,-95.390847,4.0,2024-02-21T10:57
Trachemys scripta elegans,Louisiana,30.137271,-91.931097,177.0,2024-03-23T16:35:59
Trachemys scripta elegans,Georgia,31.185933,-81.384863,5.0,2019-03-25T15:51
Trachemys scripta elegans,Texas,29.538556,-95.375263,8.0,2024-03-22T14:03:37
Trachemys scripta elegans,Texas,29.373785,-95.619641,15.0,2024-03-20T13:12
Trachemys scripta elegans,Alabama,33.681246,-85.645212,28930.0,2024-03-20T16:17:15
Trachemys scripta elegans,Oklahoma,34.933422,-95.769713,5650.0,2024-03-19T16:34:23
Trachemys scripta elegans,Texas,31.393433,-95.158609,31.0,2023-10-08T11:04
Trachemys scripta elegans,Louisiana,30.4813,-90.98465,749.0,2024-03-18T14:51:16
Trachemys scripta elegans,Texas,29.591768,-95.260356,16.0,2024-03-18T12:45
Trachemys scripta elegans,West Virginia,37.95674,-82.063836,28329.0,2024-03-13T16:26:29
Trachemys scripta elegans,Louisiana,32.507513,-92.166663,4.0,2024-03-18T12:30
Trachemys scripta elegans,Texas,29.216682,-94.935134,,2024-03-07T14:08
Trachemys scripta elegans,Arkansas,34.244641,-91.990669,,2024-03-16T12:19:59
Trachemys scripta elegans,Texas,29.766914,-95.452231,10.0,2023-09-15T08:25
Trachemys scripta elegans,Arkansas,35.96941,-94.359981,474.0,2024-03-16T11:54
Trachemys scripta elegans,Texas,29.32864,-94.768843,,2024-03-06T13:29
Trachemys scripta elegans,Texas,29.216384,-94.935353,,2024-03-07T13:00
Trachemys scripta elegans,Arkansas,35.768745,-90.704416,691.0,2024-03-19T14:38:04
Trachemys scripta elegans,Texas,29.984785,-95.572353,116.0,2024-03-12T17:46:26
Trachemys scripta elegans,Arkansas,36.265748,-92.510665,122.0,2024-03-13T12:32
Trachemys scripta elegans,Tennessee,36.002273,-89.186924,61.0,2024-03-13T15:24
Trachemys scripta elegans,Texas,30.201039,-95.541311,10.0,2024-03-14T11:10
Trachemys scripta elegans,Texas,29.717367,-95.392913,4.0,2024-02-13T11:09
Trachemys scripta elegans,Missouri,37.56646,-92.026609,229.0,2024-03-10T12:04:48
Trachemys scripta elegans,Alabama,32.343825,-86.208586,19.0,2024-03-10T11:56:21
Trachemys scripta elegans,Texas,31.414661,-95.575561,1436.0,2024-03-11T05:35:36
Trachemys scripta elegans,Louisiana,29.237509,-89.995032,31.0,2024-03-11T12:07
Trachemys scripta elegans,Louisiana,30.231384,-92.652925,1931.0,2024-03-11T15:26:59
Trachemys scripta elegans,Texas,29.717413,-95.392875,4.0,2024-02-23T11:09:25
Trachemys scripta elegans,Texas,29.739684,-95.776536,8.0,2024-03-12T09:39
Trachemys scripta elegans,Arkansas,36.265748,-92.510665,122.0,2024-03-13T12:42
Trachemys scripta elegans,North Carolina,35.50069,-80.843587,35.0,2024-03-11T13:15:37
Trachemys scripta elegans,Texas,29.762334,-95.450089,24.0,2024-03-14T15:55:35
Trachemys scripta elegans,Louisiana,30.231384,-92.652925,1931.0,2024-03-11T15:19:12
Trachemys scripta elegans,Texas,29.971545,-95.618713,8.0,2024-03-03T13:49:43
Trachemys scripta elegans,Georgia,32.018334,-80.84539,102.0,2024-03-10T12:46
Trachemys scripta elegans,Arkansas,36.04607,-94.187233,3.0,2024-03-03T17:52:11
Trachemys scripta elegans,Texas,29.719216,-95.392099,22.0,2024-03-10T16:26:27
Trachemys scripta elegans,Texas,29.598089,-95.590565,,2024-03-07T07:26
Trachemys scripta elegans,Tennessee,35.778465,-86.413027,31.0,2024-03-04T11:55
Trachemys scripta elegans,Tennessee,35.760079,-83.969505,3.0,2024-03-03T12:17
Trachemys scripta elegans,Missouri,37.281422,-92.008961,50.0,2024-03-11T11:46:56
Trachemys scripta elegans,Tennessee,35.140495,-89.834011,54.0,2024-02-03
Trachemys scripta elegans,Tennessee,36.509884,-82.61197,15.0,2023-07-02T15:08
Trachemys scripta elegans,Texas,29.968486,-95.409709,5.0,2024-03-07T19:15:17
Trachemys scripta elegans,Tennessee,35.839263,-86.388591,2.0,2024-02-23T13:35
Trachemys scripta elegans,Tennessee,36.550753,-87.30509,72.0,2024-03-06T13:41
Trachemys scripta elegans,South Carolina,34.288811,-82.078743,194.0,2024-02-25T12:32:33
Trachemys scripta elegans,Florida,30.672075,-81.432117,23.0,2024-03-06T10:42:08
Trachemys scripta elegans,Texas,29.633021,-95.671686,9.0,2021-07-07T10:47:02Z
Trachemys scripta elegans,Georgia,33.637971,-84.150227,8.0,2024-03-17T11:38
Trachemys scripta elegans,Florida,30.374432,-81.789336,61.0,2024-03-17T09:17
Trachemys scripta elegans,Texas,29.545475,-95.308342,,2024-03-18T12:27
Trachemys scripta elegans,Kentucky,37.914281,-85.669273,23.0,2024-03-16
Trachemys scripta elegans,Tennessee,35.839197,-86.388471,1.0,2024-03-10T15:11
Trachemys scripta elegans,Texas,29.827108,-95.626721,12.0,2024-03-19T11:31
Trachemys scripta elegans,Texas,29.336446,-95.288719,32.0,2024-03-14T14:14:30
Trachemys scripta elegans,Louisiana,30.391556,-90.113624,16.0,2024-03-19T14:39
Trachemys scripta elegans,Florida,30.316312,-81.681207,49.0,2024-03-17T12:45
Trachemys scripta elegans,Texas,29.846695,-95.5952,,2024-02-27T11:41:31
Trachemys scripta elegans,Arkansas,36.339351,-94.095025,530.0,2024-03-16T12:21
Trachemys scripta elegans,Texas,29.714481,-95.386272,15.0,2023-09-02T06:41
Trachemys scripta elegans,Texas,29.589223,-95.592654,,2024-03-10T08:49
Trachemys scripta elegans,Texas,29.588161,-95.59193,,2024-03-15T13:58
Trachemys scripta elegans,Arkansas,34.989363,-92.38253,4.0,2024-03-14T11:55:53
Trachemys scripta elegans,Oklahoma,36.015067,-96.016067,4.0,2024-03-14T10:28:20
Trachemys scripta elegans,Texas,29.723892,-95.340667,3.0,2024-03-13T18:48:36
Trachemys scripta elegans,Texas,29.767437,-95.452867,3.0,2024-03-14T11:00:47
Trachemys scripta elegans,Arkansas,36.265748,-92.510665,122.0,2024-03-13T12:38
Trachemys scripta elegans,Tennessee,36.551564,-87.304499,15.0,2024-03-12T10:12
Trachemys scripta elegans,Arkansas,36.265748,-92.510665,122.0,2024-03-13T12:42
Trachemys scripta elegans,Tennessee,36.551564,-87.304499,15.0,2024-03-12T10:21
Trachemys scripta elegans,Arkansas,36.265748,-92.510665,122.0,2024-03-13T12:34
Trachemys scripta elegans,Georgia,33.911043,-84.325264,23.0,2024-03-13T09:37:30
Trachemys scripta elegans,Texas,29.626509,-95.665123,,2024-03-12T10:01
Trachemys scripta elegans,Texas,29.718792,-95.392487,4.0,2024-02-23T11:25
Trachemys scripta elegans,Texas,29.55494,-95.586122,4.0,2024-03-11T13:32:27
Trachemys scripta elegans,Texas,30.124818,-93.712757,,2024-03-11T11:49:51
Trachemys scripta elegans,Texas,29.671913,-96.26922,35.0,2024-03-10T17:22
Trachemys scripta elegans,Louisiana,30.086225,-89.867022,5228.0,2024-03-09T14:30
Trachemys scripta elegans,Tennessee,36.464458,-85.419336,61.0,2024-03-10T12:14
Trachemys scripta elegans,Texas,29.771483,-95.569472,4.0,2024-03-11T14:41:06
Trachemys scripta elegans,Arkansas,35.90324,-94.447389,28620.0,2024-03-06T12:10:43
Trachemys scripta elegans,Texas,29.785006,-94.965239,48.0,2024-03-07T08:53:20
Trachemys scripta elegans,Texas,29.947383,-95.701728,4.0,2024-03-08T11:33:46
Trachemys scripta elegans,Louisiana,30.40913,-91.174601,,2024-03-07T09:09
Trachemys scripta elegans,Texas,29.785083,-94.965434,35.0,2024-03-07T08:52:29
Trachemys scripta elegans,Tennessee,35.760242,-83.969849,4.0,2024-03-04T14:23
Trachemys scripta elegans,Florida,30.672068,-81.432126,33.0,2024-03-06T10:43:26
Trachemys scripta elegans,Texas,29.374353,-95.61365,,2024-03-05T10:29
Trachemys scripta elegans,Florida,29.661906,-81.212356,31.0,2024-02-22T14:45
Trachemys scripta elegans,Louisiana,30.803999,-92.287866,4.0,2024-03-03T10:05:14
Trachemys scripta elegans,Oklahoma,36.075122,-95.994632,89.0,2024-03-04T14:54
Trachemys scripta elegans,Texas,33.334727,-96.203737,28984.0,2024-02-29T11:18:33
Trachemys scripta elegans,Louisiana,30.00361,-92.782154,2.0,2024-02-27T12:26
Trachemys scripta elegans,Texas,32.62927,-95.463884,2.0,2024-02-27T12:18
Trachemys scripta elegans,Louisiana,31.291305,-92.545591,29252.0,2024-01-26T13:13
Trachemys scripta elegans,Texas,29.717363,-95.392883,4.0,2024-02-21T11:09
Trachemys scripta elegans,Texas,29.593645,-95.588378,3.0,2024-02-29T16:40:17
Trachemys scripta elegans,Texas,29.712712,-95.339242,4.0,2024-03-01T16:08:25
Trachemys scripta elegans,Alabama,30.762695,-88.326453,3.0,2024-02-27T10:16:29
Trachemys scripta elegans,Tennessee,36.088373,-86.741416,5.0,2024-02-29T13:02
Trachemys scripta elegans,Texas,31.270112,-94.399728,4.0,2024-02-22T09:07:04
Trachemys scripta elegans,Louisiana,30.164523,-92.811942,8.0,2024-02-26T23:59
Trachemys scripta elegans,Louisiana,30.003359,-92.782241,2.0,2024-02-27T12:31
Trachemys scripta elegans,South Carolina,34.675083,-82.820708,4.0,2024-03-04T16:12:43
Trachemys scripta elegans,Texas,30.304438,-95.691008,4.0,2024-03-03T14:02:46
Trachemys scripta elegans,Oklahoma,36.075127,-95.994461,96.0,2024-03-04T14:54
Trachemys scripta elegans,Texas,29.534993,-95.376222,37.0,2024-02-02T11:52:09
Trachemys scripta elegans,Louisiana,29.962766,-90.068767,2.0,2024-02-26T12:19
Trachemys scripta elegans,South Carolina,34.675062,-82.820954,22.0,2024-03-03T18:06:41
Trachemys scripta elegans,Texas,30.284784,-95.663059,159.0,2024-03-03T10:09:15
Trachemys scripta elegans,Mississippi,34.545526,-89.485967,8.0,2024-03-02T14:30:25
Trachemys scripta elegans,Louisiana,29.962496,-90.06823,2.0,2024-02-26T12:25
Trachemys scripta elegans,Alabama,30.248178,-88.086798,,2024-02-25T11:04
Trachemys scripta elegans,Texas,29.760557,-95.402042,1.0,2024-02-23T10:24
Trachemys scripta elegans,Texas,29.767553,-95.359353,4.0,2024-02-26T11:32:57
Trachemys scripta elegans,Texas,28.982686,-96.013957,8.0,2024-02-24T09:10
Trachemys scripta elegans,Texas,30.301959,-93.743408,31.0,2024-02-25T13:27
Trachemys scripta elegans,Texas,28.982683,-96.013948,2.0,2024-02-24T09:11
Trachemys scripta elegans,South Carolina,34.675025,-82.820992,4.0,2024-02-28T16:16:36
Trachemys scripta elegans,Texas,30.618206,-96.304314,16.0,2023-11-24T13:32
Trachemys scripta elegans,Texas,29.588056,-95.588931,,2024-02-26T14:45
Trachemys scripta elegans,Texas,29.964174,-96.132566,3.0,2024-02-04T11:31:53
Trachemys scripta elegans,Texas,28.948712,-95.437683,9.0,2024-02-22T13:39:05
Trachemys scripta elegans,Texas,29.432127,-95.646173,29483.0,2024-02-25T11:20
Trachemys scripta elegans,Texas,29.412518,-95.752493,29483.0,2024-02-25T11:15
Trachemys scripta elegans,Texas,29.418147,-95.615242,29483.0,2024-02-25T11:20
Trachemys scripta elegans,Texas,29.613797,-94.545299,10.0,2024-02-21T14:04
Trachemys scripta elegans,Tennessee,35.954834,-83.947183,553.0,2024-02-26T16:14
Trachemys scripta elegans,Texas,30.209233,-95.26597,3.0,2024-02-26T15:12:39
Trachemys scripta elegans,Texas,29.336446,-95.288719,32.0,2024-02-26T14:31:30
Trachemys scripta elegans,Texas,30.510158,-95.662072,3.0,2024-02-20T12:26
Trachemys scripta elegans,Florida,30.435802,-84.27629,,2024-02-24T14:39:09
Trachemys scripta elegans,Texas,29.781492,-95.370903,,2024-02-24T09:26:40
Trachemys scripta elegans,Texas,29.328708,-94.768937,,2024-02-26T15:03
Trachemys scripta elegans,Texas,29.671938,-96.26925,21.0,2024-02-12T14:12
Trachemys scripta elegans,Louisiana,30.079824,-89.860941,150.0,2024-02-15T21:18
Trachemys scripta elegans,Texas,30.618356,-96.303967,4.0,2024-02-23T12:54
Trachemys scripta elegans,Texas,30.42317,-94.898392,4.0,2024-02-21T11:02
Trachemys scripta elegans,Florida,30.494835,-84.309412,223.0,2024-02-19T12:44
Trachemys scripta elegans,Louisiana,30.356462,-91.095239,2.0,2024-02-23T14:02
Trachemys scripta elegans,Oklahoma,36.123359,-95.967954,309.0,2024-02-21T11:06:49
Trachemys scripta elegans,Texas,29.717428,-95.392708,3.0,2024-02-23T11:09:25
Trachemys scripta elegans,Kentucky,37.823436,-87.756144,8.0,2024-02-20T14:29
Trachemys scripta elegans,Texas,29.716873,-95.391644,66.0,2022-04-02T10:39:14
Trachemys scripta elegans,Texas,29.586903,-95.712623,29483.0,2024-02-25T11:19
Trachemys scripta elegans,Texas,29.768468,-95.443278,244.0,2021-05-03T17:05
Trachemys scripta elegans,Texas,29.717256,-95.392963,25.0,2022-04-02T14:51:56
Trachemys scripta elegans,Texas,29.587477,-95.772882,29483.0,2024-02-25T11:21
Trachemys scripta elegans,Texas,29.570837,-95.600482,29483.0,2024-02-25T11:15
Trachemys scripta elegans,Texas,29.405751,-95.756713,29483.0,2024-02-25T11:15
Trachemys scripta elegans,Texas,29.556884,-95.641294,29483.0,2024-02-25T11:20
Trachemys scripta elegans,South Carolina,34.669464,-82.826903,76.0,2024-02-24T14:40:54
Trachemys scripta elegans,Texas,29.737312,-95.705969,2.0,2024-02-24T11:33
Trachemys scripta elegans,Arkansas,35.995527,-94.133366,8.0,2024-02-25T14:03
Trachemys scripta elegans,Oklahoma,36.223289,-95.902091,8.0,2024-02-25T13:46
Trachemys scripta elegans,Oklahoma,36.095998,-95.774168,4.0,2024-02-21T15:30
Trachemys scripta elegans,Texas,29.530595,-95.038405,6.0,2024-02-21T18:47:09
Trachemys scripta elegans,Texas,30.27844,-94.74666,5.0,2024-02-21T11:41
Trachemys scripta elegans,Tennessee,36.152679,-82.41362,356.0,2024-02-22T17:25
Trachemys scripta elegans,South Carolina,34.930663,-82.441195,5.0,2024-02-20T15:08:33
Trachemys scripta elegans,Texas,29.715318,-95.387853,375.0,2024-02-09T11:34:51
Trachemys scripta elegans,Florida,30.281693,-81.630416,36.0,2024-02-21T16:15
Trachemys scripta elegans,Tennessee,36.498814,-82.48721,193.0,2024-02-21T10:13
Trachemys scripta elegans,Louisiana,29.96963,-89.988835,380.0,2024-02-23T16:42
Trachemys scripta elegans,Tennessee,36.152679,-82.41362,356.0,2024-02-22T17:24
Trachemys scripta elegans,Texas,29.7188,-95.392455,4.0,2024-02-23T10:49:06
Trachemys scripta elegans,Texas,30.026465,-95.294933,16.0,2022-04-06
Trachemys scripta elegans,Louisiana,32.446913,-93.6725,,2023-11-18T17:04
Trachemys scripta elegans,Texas,29.716705,-95.393051,20.0,2022-04-02T15:17:35
Trachemys scripta elegans,Louisiana,30.4087,-91.183,4.0,2024-02-14T16:50:22
Trachemys scripta elegans,Louisiana,30.217602,-91.913713,31.0,2024-02-13T10:20
Trachemys scripta elegans,Texas,29.474453,-95.2463,3.0,2024-02-19T11:32:14
Trachemys scripta elegans,Louisiana,30.408717,-91.183022,4.0,2024-02-14T16:50:11
Trachemys scripta elegans,Texas,29.251822,-94.86618,18.0,2024-02-15T13:48
Trachemys scripta elegans,Louisiana,30.598114,-91.006834,2.0,2024-02-14T13:45
Trachemys scripta elegans,Texas,32.573463,-95.44698,2.0,2024-02-15T12:59
Trachemys scripta elegans,Tennessee,36.577706,-87.04909,556.0,2021-06-03T14:00:24
Trachemys scripta elegans,Louisiana,30.598128,-91.006828,4.0,2024-02-14T13:46
Trachemys scripta elegans,Mississippi,33.472321,-88.79245,,2024-02-13T10:32:51
Trachemys scripta elegans,Alabama,30.700049,-88.184623,23.0,2024-02-14T15:48
Trachemys scripta elegans,Florida,29.811984,-81.264891,402.0,2023-12-26T11:11:38
Trachemys scripta elegans,Texas,31.356161,-94.727385,106.0,2024-02-14
Trachemys scripta elegans,Texas,29.587823,-95.591101,4.0,2024-02-14T11:23
Trachemys scripta elegans,Louisiana,30.419934,-91.166163,63.0,2024-02-14T15:47
Trachemys scripta elegans,Texas,29.767021,-95.43187,153.0,2024-02-13T13:00
Trachemys scripta elegans,Texas,29.767021,-95.43187,153.0,2024-02-13T13:00
Trachemys scripta elegans,Illinois,37.522,-89.505436,28388.0,2023-05-03T13:50:56
Trachemys scripta elegans,Texas,29.764925,-95.451981,,2023-07-01T13:09
Trachemys scripta elegans,Alabama,33.555717,-86.696838,29.0,2022-12-04T18:21
Trachemys scripta elegans,Alabama,32.400387,-87.946938,29093.0,2021-03-18T11:23:39
Trachemys scripta elegans,North Carolina,35.28348,-81.109375,3.0,2022-07-01T18:12:33
Trachemys scripta elegans,Florida,29.693785,-82.306602,29458.0,2024-02-11T11:40
Trachemys scripta elegans,Texas,29.336446,-95.288719,32.0,2024-02-12T09:15:14
Trachemys scripta elegans,Tennessee,36.094048,-86.662745,28592.0,2024-02-03T14:59
Trachemys scripta elegans,Texas,29.909976,-95.68321,8.0,2024-02-10T12:43
Trachemys scripta elegans,South Carolina,33.486994,-81.975225,29.0,2024-02-11T12:28
Trachemys scripta elegans,Texas,29.717669,-95.39257,176.0,2024-02-09T11:34:47
Trachemys scripta elegans,Texas,29.715377,-95.387825,375.0,2024-02-09T10:41:29
Trachemys scripta elegans,Texas,29.716797,-95.390412,3.0,2024-02-09T10:41:57
Trachemys scripta elegans,Louisiana,30.39116,-90.115956,15.0,2024-02-09T12:41
Trachemys scripta elegans,Texas,32.783097,-95.987075,10.0,2024-02-07T16:25:47
Trachemys scripta elegans,Louisiana,30.390485,-90.113587,11.0,2024-02-09T12:51
Trachemys scripta elegans,Texas,30.560526,-96.221433,3.0,2024-02-06T14:17:33
Trachemys scripta elegans,Texas,29.328664,-94.768862,15.0,2024-02-06T14:40
Trachemys scripta elegans,Texas,29.527582,-95.169121,372.0,2024-02-07T13:43:58
Trachemys scripta elegans,Texas,29.556791,-95.425239,29483.0,2023-12-30T13:18
Trachemys scripta elegans,Texas,29.487545,-95.548157,29483.0,2023-12-30T14:00
Trachemys scripta elegans,Texas,29.028277,-95.470656,,2021-06-15T12:00:06
Trachemys scripta elegans,Texas,33.209989,-95.837863,334.0,2023-12-26T12:03:35
Trachemys scripta elegans,Texas,30.139955,-95.536733,65.0,2021-06-23T09:44:46Z
Trachemys scripta elegans,Texas,28.982392,-96.009625,2.0,2024-02-02T14:50
Trachemys scripta elegans,Texas,29.698105,-93.947971,461.0,2018-04-28T10:49
Trachemys scripta elegans,Texas,29.336446,-95.288719,32.0,2024-02-03T14:05:09
Trachemys scripta elegans,Texas,29.530283,-95.472375,29483.0,2023-12-30T14:09
Trachemys scripta elegans,Texas,29.765202,-95.452103,73.0,2016-02-10T16:01
Trachemys scripta elegans,Mississippi,34.483933,-89.597521,2.0,2024-02-02T15:56
Trachemys scripta elegans,Texas,30.019908,-95.492772,408.0,2024-02-04T10:19:15
Trachemys scripta elegans,Texas,29.336446,-95.288719,32.0,2024-02-03T12:45:26
Trachemys scripta elegans,Georgia,33.806058,-84.35675,4.0,2024-02-03T16:36:07
Trachemys scripta elegans,Texas,29.328631,-94.768826,,2024-02-01T14:37
Trachemys scripta elegans,Texas,29.336446,-95.288719,32.0,2024-02-03T14:04:35
Trachemys scripta elegans,Texas,29.336446,-95.288719,32.0,2024-01-31T13:18:38
Trachemys scripta elegans,Texas,29.336446,-95.288719,32.0,2024-02-02T14:29:52
Trachemys scripta elegans,Texas,30.34654,-94.888922,29382.0,2024-02-01T12:13:12
Trachemys scripta elegans,Louisiana,30.598087,-91.006874,4.0,2024-02-02T12:49
Trachemys scripta elegans,Texas,29.328585,-94.768941,,2024-02-01T14:29
Trachemys scripta elegans,Texas,29.336446,-95.288719,32.0,2024-01-31T13:18:19
Trachemys scripta elegans,Missouri,37.030113,-93.205922,133.0,2024-01-31T13:12:19
Trachemys scripta elegans,Texas,29.524622,-95.801076,15.0,2024-02-01T13:11
Trachemys scripta elegans,Texas,29.589398,-95.591826,118.0,2024-02-01T08:11
Trachemys scripta elegans,Texas,29.336446,-95.288719,32.0,2024-01-30T14:33:15
Trachemys scripta elegans,Tennessee,36.063089,-86.80965,177.0,2024-01-30T13:52
Trachemys scripta elegans,Louisiana,30.391965,-90.115746,31.0,2024-01-31T11:39
Trachemys scripta elegans,Florida,30.328821,-81.796967,6.0,2022-05-07T18:04:26
Trachemys scripta elegans,Texas,29.336446,-95.288719,32.0,2024-01-30T15:42:24
Trachemys scripta elegans,Texas,29.336446,-95.288719,32.0,2024-01-30T16:20:18
Trachemys scripta elegans,Louisiana,30.598078,-91.006876,2.0,2024-01-31T14:02
Trachemys scripta elegans,Texas,29.767403,-95.431747,3.0,2021-06-06T02:26:32
Trachemys scripta elegans,Tennessee,35.759829,-83.970248,9.0,2024-01-26T14:40
Trachemys scripta elegans,Tennessee,35.75887,-83.977638,15.0,2024-01-26T15:06
Trachemys scripta elegans,Louisiana,29.575873,-90.589489,1604.0,2020-08-28
Trachemys scripta elegans,Texas,29.251014,-94.866628,,2024-01-19T14:01
Trachemys scripta elegans,Louisiana,29.575828,-90.589509,1545.0,2023-04-03T19:00:09
Trachemys scripta elegans,Texas,29.58278,-95.408487,49.0,2024-01-19T12:40
Trachemys scripta elegans,Texas,30.136417,-95.575783,4.0,2023-10-06T11:13:35
Trachemys scripta elegans,Texas,29.61537,-95.513346,6.0,2024-01-25T15:29
Trachemys scripta elegans,Florida,29.643261,-82.358938,142.0,2024-01-27T17:32:06
Trachemys scripta elegans,Arkansas,34.924462,-93.058334,10.0,2023-08-15T12:03
Trachemys scripta elegans,Texas,29.337521,-95.28904,22.0,2024-01-19T11:35:13
Trachemys scripta elegans,Texas,29.763613,-95.623298,22.0,2021-05-29T17:35:59
Trachemys scripta elegans,Louisiana,29.986038,-90.0923,4.0,2022-12-03T14:32:51
Trachemys scripta elegans,Florida,30.264874,-81.641655,112.0,2022-04-20T13:27:10
Trachemys scripta elegans,Texas,29.167483,-95.630495,65.0,2021-06-03T12:10:25
Trachemys scripta elegans,Texas,29.505094,-94.977552,7.0,2024-01-26T10:00:53
Trachemys scripta elegans,Texas,29.76798,-95.453523,172.0,2023-04-28T12:13:13
Trachemys scripta elegans,Texas,30.490667,-96.245828,4.0,2024-01-29T13:22:39
Trachemys scripta elegans,Texas,29.37408,-95.618278,4.0,2023-08-31T18:51:18
Trachemys scripta elegans,Texas,29.55561,-95.586332,25.0,2024-01-25T13:40
Trachemys scripta elegans,Florida,30.472959,-84.261359,32.0,2022-03-05T13:54
Trachemys scripta elegans,Texas,28.948872,-95.437003,4.0,2024-01-25T09:51:16
Trachemys scripta elegans,Tennessee,35.759675,-83.969227,2.0,2024-01-26T14:34
Trachemys scripta elegans,Texas,29.72389,-95.768486,1.0,2024-01-26T13:44
Trachemys scripta elegans,Texas,31.373726,-94.729321,56.0,2024-01-26
Trachemys scripta elegans,Tennessee,36.55197,-87.305421,10.0,2024-01-26T13:35
Trachemys scripta elegans,Texas,29.728473,-95.63011,,2024-01-25T09:36
Trachemys scripta elegans,Florida,30.250076,-81.599614,47.0,2024-01-21T12:24
Trachemys scripta elegans,Texas,30.011452,-95.532328,10.0,2021-05-31T09:01:11Z
Trachemys scripta elegans,Texas,29.759756,-95.718357,2.0,2024-01-19T14:02
Trachemys scripta elegans,Louisiana,31.056413,-93.219412,5.0,2020-05-20T15:58:04Z
Trachemys scripta elegans,Florida,30.514256,-87.219188,23.0,2023-12-28T11:51:21
Trachemys scripta elegans,Texas,29.725707,-95.706657,,2023-12-31T10:01
Trachemys scripta elegans,Louisiana,30.369492,-91.104964,16.0,2023-04-14T15:51:47
Trachemys scripta elegans,Texas,29.009231,-95.622467,10.0,2024-01-13T11:43:11
Trachemys scripta elegans,Texas,29.766558,-95.449587,4.0,2024-01-11T15:01:03
Trachemys scripta elegans,Mississippi,30.398057,-88.790089,16.0,2023-12-28T23:45
Trachemys scripta elegans,Texas,30.224649,-95.441409,57.0,2024-01-12T16:33:51
Trachemys scripta elegans,Louisiana,29.930004,-90.124434,94.0,2024-01-09T11:48
Trachemys scripta elegans,Louisiana,29.987185,-90.099169,122.0,2024-01-10T09:11
Trachemys scripta elegans,Texas,29.63367,-95.663833,4.0,2023-12-29T16:12:36
Trachemys scripta elegans,Texas,29.71873,-95.624931,198.0,2023-12-31T10:22
Trachemys scripta elegans,Texas,29.764436,-95.453706,15.0,2023-08-20T11:14
Trachemys scripta elegans,Texas,29.589398,-95.591826,118.0,2024-01-01T09:00
Trachemys scripta elegans,Texas,29.907195,-95.140083,8.0,2024-01-06T14:27
Trachemys scripta elegans,Texas,29.725257,-95.763192,2.0,2024-01-04T10:35
Trachemys scripta elegans,Alabama,30.246572,-88.088083,15.0,2024-01-04T07:13
Trachemys scripta elegans,Texas,29.770089,-95.448772,15.0,2023-07-18T09:10
Trachemys scripta elegans,Texas,30.006164,-95.519372,10.0,2023-12-30T12:01:41
Trachemys scripta elegans,Texas,29.580671,-96.336803,97.0,2023-12-28T16:25
Trachemys scripta elegans,Louisiana,29.786833,-90.119,,2016-03-25T11:20:12
Trachemys scripta elegans,Texas,29.574988,-95.635292,4.0,2023-12-29T11:37:08
Trachemys scripta elegans,Texas,30.45463,-94.113596,50.0,2023-10-09T12:35
Trachemys scripta elegans,Texas,30.029597,-95.294395,4.0,2023-12-30T15:19:06
Trachemys scripta elegans,Texas,30.590107,-94.233562,29356.0,2023-09-04T13:43
Trachemys scripta elegans,Texas,29.580687,-96.336747,4.0,2023-12-28T15:28:23
Trachemys scripta elegans,Tennessee,35.205678,-84.920374,607.0,2022-05-06T12:05:15
Trachemys scripta elegans,Mississippi,34.482207,-89.599289,4.0,2023-12-19T15:03
Trachemys scripta elegans,Arkansas,36.255713,-94.270957,50.0,2019-08-28T11:13
Trachemys scripta elegans,Louisiana,30.04536,-89.968178,,2023-12-23T13:09
Trachemys scripta elegans,Texas,29.584994,-95.004833,,2023-12-19T11:36
Trachemys scripta elegans,Texas,29.673547,-96.269488,15.0,2023-12-20T12:41
Trachemys scripta elegans,Texas,29.76704,-95.432046,38.0,2023-12-17T12:16:04
Trachemys scripta elegans,Texas,29.375433,-95.594733,,2023-12-23T11:26:47
Trachemys scripta elegans,Texas,29.579659,-96.322317,110.0,2023-12-25T10:46
Trachemys scripta elegans,Texas,32.18712,-95.84621,,2023-12-24T19:44
Trachemys scripta elegans,Texas,29.671338,-96.261359,53.0,2023-12-20T13:10
Trachemys scripta elegans,Georgia,32.35168,-81.31395,4.0,2023-02-22T18:33:12
Trachemys scripta elegans,Texas,29.782436,-95.370328,,2023-12-16T09:31:55
Trachemys scripta elegans,Texas,29.54543,-95.307701,207.0,2023-06-12T19:21
Trachemys scripta elegans,Texas,29.534525,-95.10029,2.0,2023-12-15T11:11:44
Trachemys scripta elegans,Texas,29.397726,-94.998731,372.0,2023-12-09T13:22:37
Trachemys scripta elegans,Texas,29.736405,-95.704842,4.0,2023-12-14T15:05:30
Trachemys scripta elegans,Texas,32.482141,-95.283415,33.0,2023-12-13T20:17
Trachemys scripta elegans,Texas,29.261097,-94.870639,200.0,2023-12-15T09:10
Trachemys scripta elegans,Florida,29.651926,-82.324826,16713.0,2022-04-01T15:30:08
Trachemys scripta elegans,Texas,32.697351,-94.110765,37.0,2020-09-12T11:30
Trachemys scripta elegans,Texas,29.761143,-95.401492,,2023-12-18T13:43
Trachemys scripta elegans,Texas,30.620722,-95.530779,136.0,2023-12-16T12:24:31
Trachemys scripta elegans,Texas,31.374818,-94.728152,,2023-12-16
Trachemys scripta elegans,Texas,29.737128,-95.70645,,2023-12-12T09:45
Trachemys scripta elegans,Texas,32.9316,-95.581645,3.0,2023-12-09T11:21
Trachemys scripta elegans,Louisiana,32.601085,-92.049927,,2023-11-25T15:01
Trachemys scripta elegans,Louisiana,32.601048,-92.049583,,2023-11-25T14:59
Trachemys scripta elegans,Tennessee,36.55183,-87.305291,11.0,2023-12-08T11:16
Trachemys scripta elegans,Tennessee,36.551613,-87.304468,3.0,2023-12-08T11:12
Trachemys scripta elegans,Louisiana,30.003488,-92.782144,2.0,2023-12-04T14:45
Trachemys scripta elegans,Tennessee,36.551582,-87.304568,42.0,2023-12-04T12:05
Trachemys scripta elegans,Texas,29.725001,-95.769324,59.0,2023-12-09T10:01
Trachemys scripta elegans,Louisiana,30.390839,-90.115958,4.0,2023-12-06T12:26
Trachemys scripta elegans,Louisiana,30.003468,-92.782088,2.0,2023-12-04T14:48
Trachemys scripta elegans,North Carolina,35.633283,-82.557259,157.0,2023-04-21T04:52
Trachemys scripta elegans,South Carolina,33.821698,-80.817722,,2023-07-22T15:56
Trachemys scripta elegans,Texas,29.724023,-95.767442,350.0,2023-12-09T10:03
Trachemys scripta elegans,Texas,29.572674,-95.7312,4.0,2023-12-04T08:50:58
Trachemys scripta elegans,Texas,32.179591,-96.069494,41.0,2023-12-05T11:52:06
Trachemys scripta elegans,Arkansas,35.829262,-90.714645,7491.0,2023-12-07T19:23
Trachemys scripta elegans,Louisiana,30.003507,-92.78195,2.0,2023-12-04T14:37
Trachemys scripta elegans,Louisiana,30.003597,-92.781904,2.0,2023-12-04T14:43
Trachemys scripta elegans,Louisiana,30.003578,-92.78194,2.0,2023-12-04T14:38
Trachemys scripta elegans,Florida,29.883631,-81.320255,5040.0,2023-03-26T06:26
Trachemys scripta elegans,Tennessee,36.551851,-87.305291,20.0,2023-12-08T11:17
Trachemys scripta elegans,Tennessee,36.551617,-87.304465,3.0,2023-12-08T11:12
Trachemys scripta elegans,South Carolina,34.726071,-82.871356,28790.0,2023-03-28T15:50:11
Trachemys scripta elegans,Florida,30.189952,-84.379896,,2023-05-30T08:51:49
Trachemys scripta elegans,Florida,30.36335,-81.4073,,2023-05-03T14:43
Trachemys scripta elegans,Louisiana,29.976484,-90.089634,488.0,2023-12-03T13:41
Trachemys scripta elegans,Alabama,33.330875,-86.751035,,2022-02-09T11:25
Trachemys scripta elegans,Texas,30.571201,-96.332246,1585.0,2023-12-01T15:48:09
Trachemys scripta elegans,Texas,29.060311,-95.267905,4.0,2023-06-11T11:14:22
Trachemys scripta elegans,Texas,29.71892,-95.392169,25.0,2023-11-27T10:45
Trachemys scripta elegans,Missouri,36.010678,-90.089732,,2023-10-22T09:01
Trachemys scripta elegans,Tennessee,36.058083,-86.801208,16.0,2021-05-14T11:41:21
Trachemys scripta elegans,Texas,29.585368,-95.155647,198.0,2023-11-17T12:27
Trachemys scripta elegans,Texas,29.72493,-95.628797,,2023-11-26T13:53
Trachemys scripta elegans,North Carolina,35.52822,-82.968284,244.0,2023-04-28T10:01
Trachemys scripta elegans,Missouri,36.958593,-89.382745,,2023-10-22T16:51
Trachemys scripta elegans,Texas,31.373496,-94.729392,56.0,2023-11-28
Trachemys scripta elegans,Texas,31.37356,-94.72915,107.0,2023-11-27
Trachemys scripta elegans,Texas,30.037725,-95.376338,,2023-10-29T14:16
Trachemys scripta elegans,Tennessee,36.551605,-87.304487,28.0,2023-11-25T14:37
Trachemys scripta elegans,Texas,29.609252,-94.554738,198.0,2023-11-24T11:13
Trachemys scripta elegans,Texas,29.974449,-95.167895,6.0,2023-11-25T13:44:15
Trachemys scripta elegans,Texas,31.373416,-94.729429,28.0,2023-11-24
Trachemys scripta elegans,North Carolina,35.52822,-82.968284,244.0,2023-04-28T10:05
Trachemys scripta elegans,Texas,32.75104,-95.006865,152.0,2023-06-17T09:04:34
Trachemys scripta elegans,Texas,29.397572,-95.620163,4.0,2023-11-17T17:33:16
Trachemys scripta elegans,Illinois,37.79807,-89.414172,15.0,2023-06-07T10:06
Trachemys scripta elegans,Texas,33.755303,-95.996168,28930.0,2021-05-29T14:14:55Z
Trachemys scripta elegans,Texas,29.635167,-95.660529,201.0,2023-11-22T09:53
Trachemys scripta elegans,Texas,29.69718,-95.44735,3.0,2023-11-22T11:46:40
Trachemys scripta elegans,Louisiana,30.00515,-90.519583,,2015-05-12
Trachemys scripta elegans,Texas,30.685097,-94.099098,2200.0,2023-11-19T10:05:44
Trachemys scripta elegans,Texas,29.374094,-95.625644,193.0,2023-10-08T13:37
Trachemys scripta elegans,Texas,29.702854,-95.860846,31.0,2023-11-20T13:52
Trachemys scripta elegans,Tennessee,35.78271,-83.988294,8.0,2023-11-18T12:14
Trachemys scripta elegans,Texas,29.733838,-95.767275,8.0,2023-11-17T15:45
Trachemys scripta elegans,Oklahoma,35.795033,-94.855128,2756.0,2023-09-18T13:30
Trachemys scripta elegans,Texas,29.370962,-95.631921,193.0,2023-11-17T10:24
Trachemys scripta elegans,Tennessee,36.551602,-87.304483,11.0,2023-11-18T12:39
Trachemys scripta elegans,Texas,29.783188,-95.611488,5.0,2023-11-15T09:56:57
Trachemys scripta elegans,Texas,29.880495,-95.398353,4.0,2023-11-19T10:43:05
Trachemys scripta elegans,Texas,29.75168,-95.778754,454.0,2023-11-15T12:38:55
Trachemys scripta elegans,Arkansas,34.769593,-91.909332,166.0,2023-11-17T12:17
Trachemys scripta elegans,Florida,29.645831,-82.347131,32.0,2023-11-08T12:36:18
Trachemys scripta elegans,Texas,33.051913,-95.094,46.0,2023-11-07T10:55
Trachemys scripta elegans,Texas,29.987403,-95.562634,8.0,2023-11-15T14:19
Trachemys scripta elegans,Texas,29.595913,-95.598135,198.0,2023-11-19T11:28
Trachemys scripta elegans,Arkansas,36.094739,-94.509209,50.0,2019-02-01T10:45
Trachemys scripta elegans,Texas,31.35729,-94.725989,41.0,2023-11-09
Trachemys scripta elegans,Missouri,37.883672,-92.064097,1716.0,2023-07-31T11:39:30
Trachemys scripta elegans,Texas,29.581511,-95.415697,4.0,2023-05-13T16:41:01
Trachemys scripta elegans,Louisiana,30.027687,-93.340175,,2023-03-27T11:10
Trachemys scripta elegans,Texas,32.187968,-95.846073,,2023-07-22T14:54
Trachemys scripta elegans,Louisiana,29.933167,-90.122978,4.0,2023-11-09T14:32:11
Trachemys scripta elegans,Alabama,34.709087,-86.632828,18.0,2023-10-18T10:52:49
Trachemys scripta elegans,Louisiana,30.369185,-91.104813,8.0,2023-11-04T12:49:26
Trachemys scripta elegans,Louisiana,30.269309,-89.761604,375.0,2023-11-04T11:28:35
Trachemys scripta elegans,Texas,29.329723,-94.769412,,2023-11-01T13:34
Trachemys scripta elegans,North Carolina,35.608813,-82.428947,2.0,2023-11-07T14:05:23
Trachemys scripta elegans,Texas,29.572246,-95.129789,198.0,2023-10-26T17:52
Trachemys scripta elegans,Illinois,37.376737,-88.93035,,2022-06-05T15:40:58
Trachemys scripta elegans,Texas,29.722383,-95.768938,8.0,2023-11-03T11:27
Trachemys scripta elegans,Georgia,33.988233,-84.325947,18.0,2022-06-12T09:03
Trachemys scripta elegans,Illinois,37.374116,-88.928611,,2023-10-17T17:01:49
Trachemys scripta elegans,Oklahoma,35.967454,-95.892285,260.0,2023-10-26T12:41
Trachemys scripta elegans,Oklahoma,35.967454,-95.892285,260.0,2023-10-26T12:41
Trachemys scripta elegans,Florida,30.317615,-86.333333,29382.0,2023-10-25T17:08
Trachemys scripta elegans,Mississippi,30.376022,-88.716317,4.0,2023-10-29T15:24
Trachemys scripta elegans,Tennessee,35.759659,-83.969277,15.0,2023-10-20T12:21
Trachemys scripta elegans,Texas,29.750373,-95.779137,4.0,2023-10-21T09:00
Trachemys scripta elegans,Louisiana,30.243472,-92.012381,8.0,2023-10-21T12:24:38
Trachemys scripta elegans,Texas,29.371402,-95.625751,,2023-10-18T13:33
Trachemys scripta elegans,Texas,30.170933,-95.47075,5.0,2023-08-03T20:03:16
Trachemys scripta elegans,Kentucky,36.825138,-88.005622,4.0,2023-10-19T15:20:43
Trachemys scripta elegans,Texas,31.624163,-94.643306,35.0,2023-10-16T14:05:30
Trachemys scripta elegans,Texas,29.918116,-95.501153,198.0,2023-10-15T12:48:42
Trachemys scripta elegans,Illinois,37.309906,-88.956248,,2023-10-17T12:55:51
Trachemys scripta elegans,Texas,33.009592,-94.70022,61.0,2023-10-08T11:30
Trachemys scripta elegans,Texas,30.096658,-95.83927,5.0,2023-10-17T11:58:31
Trachemys scripta elegans,Louisiana,30.248104,-92.667079,7.0,2023-10-13T10:09:33
Trachemys scripta elegans,South Carolina,34.927474,-82.440068,1696.0,2023-10-12T11:21
Trachemys scripta elegans,Tennessee,35.968978,-87.930468,8.0,2023-10-10T12:28
Trachemys scripta elegans,South Carolina,34.929214,-82.440708,678.0,2023-10-11T08:50
Trachemys scripta elegans,Georgia,33.792983,-84.44929,32.0,2022-06-12T09:02
Trachemys scripta elegans,Texas,29.752415,-95.77928,2.0,2023-10-23T14:15
Trachemys scripta elegans,Georgia,33.786224,-84.374001,80.0,2023-04-11T14:27:53
Trachemys scripta elegans,Texas,29.737188,-95.705987,,2023-10-18T09:48
Trachemys scripta elegans,Arkansas,34.74752,-92.333237,3.0,2023-10-22T13:13:20
Trachemys scripta elegans,Tennessee,35.759425,-83.970492,4.0,2023-10-20T11:53
Trachemys scripta elegans,Louisiana,30.243397,-92.012228,9.0,2023-10-21T12:20:31
Trachemys scripta elegans,Texas,29.725237,-95.763182,4.0,2023-10-19T08:23
Trachemys scripta elegans,Missouri,37.324531,-92.005752,87.0,2015-04-20T15:03
Trachemys scripta elegans,Tennessee,36.063089,-86.80965,177.0,2023-10-06T14:37:57
Trachemys scripta elegans,Texas,29.737496,-95.767951,8.0,2023-10-18T10:34
Trachemys scripta elegans,Texas,32.634019,-95.466405,2.0,2023-10-16T14:18
Trachemys scripta elegans,South Carolina,34.927474,-82.440068,1696.0,2023-10-12T11:16
Trachemys scripta elegans,Louisiana,30.24883,-92.665837,15.0,2023-10-13T10:02:33
Trachemys scripta elegans,South Carolina,34.927474,-82.440068,1696.0,2023-10-12T08:31
Trachemys scripta elegans,South Carolina,34.927474,-82.440068,1696.0,2023-10-12T11:18
Trachemys scripta elegans,Tennessee,35.969359,-87.929908,15.0,2023-10-10T12:20
Trachemys scripta elegans,Arkansas,33.346872,-93.201035,,2023-10-09T14:28
Trachemys scripta elegans,Kentucky,36.560224,-88.041199,53615.0,2023-09-23T12:36:13
Trachemys scripta elegans,Texas,30.392688,-95.651179,24.0,2023-08-15T19:14
Trachemys scripta elegans,Arkansas,36.264542,-92.544419,188.0,2023-10-03T13:35
Trachemys scripta elegans,Arkansas,35.298603,-93.140271,2.0,2023-06-24T12:01
Trachemys scripta elegans,Texas,29.770683,-95.568312,229.0,2023-05-22T14:28
Trachemys scripta elegans,Arkansas,36.264542,-92.544419,188.0,2023-10-03T12:46
Trachemys scripta elegans,Texas,29.856228,-95.165103,20.0,2023-04-09T11:09
Trachemys scripta elegans,Arkansas,33.550983,-93.615394,,2023-09-09T10:57:43
Trachemys scripta elegans,Arkansas,36.264542,-92.544419,188.0,2023-10-03T12:46
Trachemys scripta elegans,Texas,29.681561,-95.459508,15.0,2023-04-20T06:13
Trachemys scripta elegans,Texas,30.006437,-95.519184,1.0,2023-06-10T09:16
Trachemys scripta elegans,Louisiana,30.390136,-90.11374,7.0,2023-10-03T12:21
Trachemys scripta elegans,Arkansas,35.363966,-90.251758,2.0,2023-08-05T10:57
Trachemys scripta elegans,Texas,29.724332,-95.769953,261.0,2023-09-30T08:55
Trachemys scripta elegans,Texas,30.006439,-95.519171,2.0,2023-06-10T09:10
Trachemys scripta elegans,Texas,30.006003,-95.514153,,2023-06-10T09:46
Trachemys scripta elegans,Texas,32.475538,-95.291357,,2023-09-26T11:03
Trachemys scripta elegans,Texas,29.657621,-94.546605,199.0,2018-01-21T12:27
Trachemys scripta elegans,Kentucky,37.231527,-88.062762,15.0,2022-02-11T09:15
Trachemys scripta elegans,Arkansas,36.325131,-94.358346,28563.0,2023-09-27T17:12:16
Trachemys scripta elegans,Tennessee,35.962295,-87.950585,122.0,2022-08-09T15:47
Trachemys scripta elegans,Illinois,37.673823,-89.415164,15.0,2020-05-20T12:50
Trachemys scripta elegans,Tennessee,36.314253,-87.14972,31.0,2023-01-18T13:00
Trachemys scripta elegans,Tennessee,36.551606,-87.304457,11.0,2023-09-24T14:16
Trachemys scripta elegans,Tennessee,36.313907,-87.147637,31.0,2023-01-18T12:40
Trachemys scripta elegans,Missouri,37.255508,-92.000733,5.0,2019-09-07T12:59:02
Trachemys scripta elegans,Illinois,37.415222,-88.981856,,2023-09-21T14:03:28
Trachemys scripta elegans,Florida,30.40083,-86.595793,15.0,2023-09-18
Trachemys scripta elegans,Texas,29.669988,-95.483024,4232.0,2023-09-24T12:51:25
Trachemys scripta elegans,Texas,29.761826,-95.450074,,2023-09-24T18:09
Trachemys scripta elegans,Arkansas,36.263998,-92.534278,218.0,2023-09-21T14:51
Trachemys scripta elegans,Arkansas,35.438212,-90.806034,130.0,2023-09-23T09:56:39
Trachemys scripta elegans,Mississippi,30.426082,-88.42458,31.0,2022-05-11T10:52:59
Trachemys scripta elegans,Mississippi,30.353519,-89.136805,4.0,2022-10-30T09:13:43
Trachemys scripta elegans,Mississippi,30.353547,-89.136773,86.0,2017-08-30T12:21:18
Trachemys scripta elegans,Arkansas,36.246656,-92.836541,192.0,2023-09-23T12:02
Trachemys scripta elegans,Mississippi,30.54261,-89.619775,32.0,2022-04-27T15:47:08
Trachemys scripta elegans,Mississippi,30.379096,-89.616368,85.0,2022-04-15T15:11:13
Trachemys scripta elegans,Mississippi,30.379962,-89.617434,74.0,2022-04-27T10:15:12
Trachemys scripta elegans,Florida,29.171024,-82.119417,9.0,2023-09-20T10:22:30
Trachemys scripta elegans,Arkansas,35.260261,-91.574287,,2023-09-22T09:27
Trachemys scripta elegans,Texas,30.5606,-96.221467,12.0,2023-09-17T11:32
Trachemys scripta elegans,Texas,29.699097,-95.451545,3.0,2023-09-12T12:39:13
Trachemys scripta elegans,Texas,29.338495,-95.287628,13.0,2023-09-16T11:52:53
Trachemys scripta elegans,Tennessee,36.585843,-87.477423,53.0,2023-09-10T13:08
Trachemys scripta elegans,Tennessee,36.585871,-87.477447,21.0,2023-09-10T12:59
Trachemys scripta elegans,Alabama,30.248018,-88.087069,89.0,2023-09-09T18:49:07
Trachemys scripta elegans,Tennessee,36.585883,-87.477445,28.0,2023-09-10T13:11
Trachemys scripta elegans,Arkansas,36.256792,-92.472835,31.0,2023-09-08T11:12
Trachemys scripta elegans,Louisiana,32.595405,-92.057005,16.0,2023-05-15T11:14:59
Trachemys scripta elegans,Arkansas,36.256913,-92.472878,31.0,2023-09-08T11:12
Trachemys scripta elegans,Tennessee,36.585309,-87.478308,83.0,2023-09-10T12:59
Trachemys scripta elegans,Louisiana,30.24833,-92.666847,4.0,2023-09-08T10:30:43
Trachemys scripta elegans,Texas,32.634476,-95.460579,196.0,2022-05-27
Trachemys scripta elegans,Mississippi,30.397903,-88.79013,4.0,2021-12-05T12:44:52
Trachemys scripta elegans,Missouri,36.961626,-90.179042,50.0,2023-08-16T12:16
Trachemys scripta elegans,Louisiana,29.985254,-90.095993,356.0,2023-07-16T14:52
Trachemys scripta elegans,Missouri,37.002841,-90.201308,150.0,2023-08-16T16:54
Trachemys scripta elegans,Louisiana,32.604225,-91.995987,12683.0,2023-05-20T09:57:47
Trachemys scripta elegans,Louisiana,30.414327,-91.15809,7.0,2023-09-03T07:29:47
Trachemys scripta elegans,Tennessee,36.440858,-88.079224,31.0,2023-09-04T08:42
Trachemys scripta elegans,Georgia,34.058453,-84.04849,431.0,2023-09-02T11:04
Trachemys scripta elegans,Texas,30.393341,-95.690556,24.0,2023-09-04T13:10:55
Trachemys scripta elegans,Tennessee,35.75931,-83.970764,8.0,2023-09-02T10:19
Trachemys scripta elegans,Georgia,34.245946,-84.669269,28846.0,2023-08-16T13:03
Trachemys scripta elegans,Texas,29.723728,-95.771676,246.0,2023-08-31T08:27
Trachemys scripta elegans,Oklahoma,36.213751,-95.903485,3047.0,2023-09-02T13:27:53
Trachemys scripta elegans,Tennessee,36.440778,-88.079196,23.0,2023-09-04T12:26
Trachemys scripta elegans,Texas,29.732882,-95.785761,62.0,2023-09-02T08:06
Trachemys scripta elegans,Florida,29.647498,-82.344576,7.0,2023-08-31T11:52:13
Trachemys scripta elegans,Tennessee,35.757997,-83.972353,5.0,2023-09-02T10:37
Trachemys scripta elegans,Alabama,34.707515,-86.63408,273.0,2023-08-30
Trachemys scripta elegans,Texas,29.728405,-95.778027,369.0,2023-08-31T08:59
Trachemys scripta elegans,Texas,29.698963,-93.948937,210.0,2022-04-19T10:56
Trachemys scripta elegans,Alabama,34.707496,-86.634037,467.0,2023-08-30
Trachemys scripta elegans,Texas,29.371706,-95.622897,,2023-08-12T18:11
Trachemys scripta elegans,Texas,29.992219,-95.579945,4.0,2023-09-03T10:24
Trachemys scripta elegans,Texas,30.719529,-94.136728,4.0,2023-08-29T11:13:15
Trachemys scripta elegans,Texas,32.217015,-95.760215,,2023-08-26T11:49
Trachemys scripta elegans,Texas,31.338117,-95.657892,85.0,2023-08-28T14:36:37
Trachemys scripta elegans,Texas,28.98199,-96.015081,8.0,2023-08-24T01:45
Trachemys scripta elegans,Texas,31.373163,-94.728388,28.0,2023-08-15
Trachemys scripta elegans,North Carolina,35.07492,-80.842103,50.0,2020-03-21T12:16:29
Trachemys scripta elegans,Texas,29.06692,-95.267599,8.0,2023-08-20T11:42
Trachemys scripta elegans,Louisiana,30.879361,-91.307762,23.0,2023-08-21T18:42:01
Trachemys scripta elegans,Tennessee,35.759391,-83.970627,4.0,2023-08-15T12:20
Trachemys scripta elegans,Tennessee,35.010134,-85.364585,199.0,2023-08-14T17:21:13
Trachemys scripta elegans,Tennessee,36.30402,-86.915999,13.0,2023-08-19T12:10
Trachemys scripta elegans,West Virginia,37.762424,-81.028409,28359.0,2023-08-17T18:57:34
Trachemys scripta elegans,Alabama,32.536208,-85.496583,4.0,2023-04-11T17:54:57
Trachemys scripta elegans,Tennessee,35.758424,-83.97175,15.0,2023-08-15T12:02
Trachemys scripta elegans,Texas,29.952235,-95.620171,4.0,2023-08-21T07:49:25
Trachemys scripta elegans,Missouri,36.951883,-90.200048,50.0,2023-08-16T11:46
Trachemys scripta elegans,Tennessee,35.758576,-83.971604,32.0,2023-04-29T11:03
Trachemys scripta elegans,Oklahoma,36.224811,-95.898222,1.0,2023-08-16T10:18
Trachemys scripta elegans,Kansas,37.41738,-94.716238,1.0,2023-03-28T14:49:16
Trachemys scripta elegans,Texas,29.371553,-95.621309,621.0,2020-09-13T14:31
Trachemys scripta elegans,Louisiana,30.391309,-90.115978,11.0,2023-08-16T13:07
Trachemys scripta elegans,Texas,29.473905,-95.249756,4.0,2023-08-14T11:45
Trachemys scripta elegans,Oklahoma,35.823355,-95.4999,4.0,2023-08-14T12:04:15
Trachemys scripta elegans,Texas,31.373154,-94.728249,28.0,2023-08-11
Trachemys scripta elegans,Louisiana,30.407681,-91.166109,7.0,2023-08-12T09:33:13
Trachemys scripta elegans,Texas,29.709118,-95.216536,17.0,2023-08-10T11:12
Trachemys scripta elegans,Missouri,37.283445,-93.528228,3.0,2023-08-14T16:17:51
Trachemys scripta elegans,Arkansas,35.350497,-94.38092,3.0,2023-05-22T15:38:35
Trachemys scripta elegans,Arkansas,35.35037,-94.38047,147.0,2023-05-22T15:38:25
Trachemys scripta elegans,Arkansas,36.354728,-94.221345,4.0,2023-08-09T19:04:13
Trachemys scripta elegans,Alabama,30.263489,-87.642159,40.0,2023-08-10T15:07:42
Trachemys scripta elegans,Texas,28.98139,-95.99582,4.0,2023-08-09T10:35
Trachemys scripta elegans,Florida,29.634727,-82.3681,158.0,2022-04-19T12:21:02
Trachemys scripta elegans,Texas,31.528646,-95.880052,32.0,2023-08-05T10:43:40
Trachemys scripta elegans,Texas,29.808755,-96.108527,5.0,2023-08-11T19:04:48
Trachemys scripta elegans,Missouri,36.499583,-90.477897,10.0,2023-06-21T12:21:44
Trachemys scripta elegans,Texas,30.02642,-95.20913,5.0,2023-08-07T14:35:10
Trachemys scripta elegans,Louisiana,30.78974,-92.287761,198.0,2023-04-02T11:07
Trachemys scripta elegans,Texas,29.401417,-95.065303,281.0,2023-08-01T12:52:26
Trachemys scripta elegans,Florida,29.249621,-82.094387,29508.0,2023-07-29T14:02:05
Trachemys scripta elegans,Oklahoma,35.841576,-95.714615,,2023-05-13T07:54
Trachemys scripta elegans,Arkansas,36.368222,-94.196777,,2023-07-30
Trachemys scripta elegans,Missouri,36.994048,-90.156925,19716.0,2023-08-03T16:11:28
Trachemys scripta elegans,Missouri,36.999782,-90.193996,7641.0,2023-08-03T16:11:18
Trachemys scripta elegans,Tennessee,36.496314,-82.480464,24.0,2023-07-31T15:22:56
Trachemys scripta elegans,Oklahoma,35.744884,-95.325722,,2023-04-19T10:42
Trachemys scripta elegans,Arkansas,34.978358,-92.369513,4.0,2023-08-08T11:47:29
Trachemys scripta elegans,Mississippi,30.397928,-88.790147,5.0,2023-05-25T10:46:17
Trachemys scripta elegans,Texas,29.724394,-95.340958,,2023-07-27T11:34:30
Trachemys scripta elegans,Texas,29.780735,-95.511192,4.0,2023-07-23T12:32
Trachemys scripta elegans,Tennessee,36.315793,-87.160627,117.0,2023-07-16T10:42
Trachemys scripta elegans,Texas,29.658329,-95.750056,25.0,2023-07-25T10:48:41
Trachemys scripta elegans,Texas,30.41389,-94.79117,122.0,2023-07-16T15:17
Trachemys scripta elegans,Tennessee,36.315143,-87.170282,233.0,2023-07-16T09:50
Trachemys scripta elegans,Texas,31.357773,-94.725176,68.0,2023-07-20
Trachemys scripta elegans,Mississippi,33.527443,-89.625165,28157.0,2023-07-20T18:40
Trachemys scripta elegans,Texas,29.774208,-95.631347,13.0,2021-04-19T12:17:40
Trachemys scripta elegans,Texas,30.335886,-95.103682,4.0,2023-07-16T14:06
Trachemys scripta elegans,Texas,30.414055,-94.901773,61.0,2023-07-16T16:09
Trachemys scripta elegans,Texas,31.375144,-94.724839,109.0,2023-07-23
Trachemys scripta elegans,Texas,30.336699,-95.103808,2.0,2023-07-16T13:54
Trachemys scripta elegans,Tennessee,36.083289,-86.326675,4.0,2023-07-15T15:39:09
Trachemys scripta elegans,Texas,30.588621,-96.29907,23.0,2023-07-14T08:02:48
Trachemys scripta elegans,Texas,29.699195,-95.451516,26.0,2023-07-16T11:06
Trachemys scripta elegans,Georgia,34.002311,-84.381122,15.0,2023-07-12
Trachemys scripta elegans,Texas,29.757853,-95.597928,,2023-07-14T18:57
Trachemys scripta elegans,Oklahoma,34.13188,-94.679658,8.0,2023-07-16T08:49:16
Trachemys scripta elegans,Tennessee,35.759526,-83.969171,4.0,2023-07-16T11:45
Trachemys scripta elegans,Texas,29.911014,-95.672506,,2023-07-04T16:17
Trachemys scripta elegans,Arkansas,35.105264,-92.434587,4.0,2023-07-13T19:50:50
Trachemys scripta elegans,Texas,29.780864,-95.510278,5.0,2023-06-25T12:04
Trachemys scripta elegans,Texas,29.781417,-95.510231,9.0,2023-06-11T11:04
Trachemys scripta elegans,Missouri,36.975513,-90.140098,,2023-05-21T09:36
Trachemys scripta elegans,Texas,29.780671,-95.510292,4.0,2023-06-11T11:02
Trachemys scripta elegans,Tennessee,35.493867,-89.261451,8.0,2023-06-18T13:24
Trachemys scripta elegans,Florida,29.810882,-81.265376,2.0,2023-07-03T16:22
Trachemys scripta elegans,Missouri,37.04139,-90.157942,,2023-05-21T10:52
Trachemys scripta elegans,Louisiana,30.248576,-92.233407,29382.0,2023-06-26T10:43
Trachemys scripta elegans,Florida,30.350458,-87.413695,,2023-06-16T12:27:11
Trachemys scripta elegans,Arkansas,36.262518,-92.53692,188.0,2023-07-11T12:41
Trachemys scripta elegans,Missouri,37.283108,-93.974905,3479.0,2023-06-27T10:35:35
Trachemys scripta elegans,Texas,31.372702,-94.728394,58.0,2023-07-10
Trachemys scripta elegans,Louisiana,30.367265,-92.223585,29382.0,2023-06-26T10:51
Trachemys scripta elegans,Arkansas,35.095682,-92.463811,24.0,2016-01-23T17:17:06
Trachemys scripta elegans,Tennessee,35.971923,-87.945688,8.0,2023-07-04T10:43
Trachemys scripta elegans,Tennessee,36.307041,-87.130484,4.0,2023-06-02T15:59
Trachemys scripta elegans,Texas,30.385625,-95.607138,35.0,2023-07-11T10:20:01
Trachemys scripta elegans,Tennessee,36.377232,-86.897955,219.0,2023-07-07T08:49
Trachemys scripta elegans,Arkansas,35.277343,-91.570866,188.0,2023-07-10T10:42
Trachemys scripta elegans,Texas,29.699192,-95.4515,4.0,2023-07-10T13:29
Trachemys scripta elegans,Missouri,37.007317,-90.138472,4.0,2023-07-10T11:17:03
Trachemys scripta elegans,Texas,29.85705,-95.163358,,2021-02-27T11:14:37
Trachemys scripta elegans,Missouri,37.008011,-90.124108,4.0,2023-07-10T11:27:21
Trachemys scripta elegans,Arkansas,36.263964,-92.53327,218.0,2023-07-07T12:47
Trachemys scripta elegans,Texas,29.374015,-95.62167,,2023-07-04T10:42
Trachemys scripta elegans,Arkansas,36.263964,-92.53327,218.0,2023-07-07T12:47
Trachemys scripta elegans,Louisiana,30.27257,-89.691048,122.0,2023-07-08T11:06
Trachemys scripta elegans,Tennessee,35.681039,-86.264624,264.0,2023-07-04T16:51:18
Trachemys scripta elegans,Arkansas,36.262311,-92.539064,218.0,2023-07-02T10:32
Trachemys scripta elegans,Tennessee,36.092567,-87.026845,15.0,2023-07-02T08:36
Trachemys scripta elegans,Texas,31.357539,-94.725562,56.0,2023-06-30
Trachemys scripta elegans,Texas,29.636537,-95.660325,31.0,2023-07-03T09:57
Trachemys scripta elegans,North Carolina,35.633908,-82.557263,235.0,2023-07-01T09:05:31
Trachemys scripta elegans,Texas,29.804471,-95.819789,184.0,2023-05-28T16:31
Trachemys scripta elegans,Texas,32.709284,-96.008302,5120.0,2021-05-25T10:05:07
Trachemys scripta elegans,Texas,29.76045,-95.369781,1945558.0,2021-05-29T19:21:06Z
Trachemys scripta elegans,Texas,29.791996,-95.579213,85.0,2021-05-27T16:35:45
Trachemys scripta elegans,Mississippi,33.284097,-88.778564,853.0,2019-03-18T11:32
Trachemys scripta elegans,Louisiana,29.888536,-90.160805,,2023-06-27T10:20:56
Trachemys scripta elegans,Arkansas,36.339917,-94.098237,,2023-06-27T15:52
Trachemys scripta elegans,Texas,29.681799,-94.089658,3044.0,2021-03-29T15:30:56
Trachemys scripta elegans,Arkansas,35.972022,-90.71705,34.0,2023-06-24T10:52:25
Trachemys scripta elegans,Texas,30.967188,-94.781754,29304.0,2023-06-29T07:38:39
Trachemys scripta elegans,Louisiana,32.509838,-92.174509,20.0,2023-06-02T09:07:18
Trachemys scripta elegans,Arkansas,35.922122,-94.239554,35.0,2023-06-16T08:43:06
Trachemys scripta elegans,Texas,29.273423,-94.85412,,2023-06-25T18:14:29
Trachemys scripta elegans,Arkansas,34.935259,-91.240756,20.0,2021-10-22T11:26
Trachemys scripta elegans,Texas,30.021307,-94.009792,845.0,2021-05-22T09:07:54Z
Trachemys scripta elegans,Texas,29.765224,-95.452071,165.0,2023-07-04T14:24:45
Trachemys scripta elegans,South Carolina,34.928942,-82.436436,6.0,2023-06-27T19:41:07
Trachemys scripta elegans,Texas,29.75147,-95.496833,37.0,2023-06-27T21:09:55
Trachemys scripta elegans,Texas,31.376829,-94.726173,28.0,2023-06-25
Trachemys scripta elegans,Kentucky,36.948456,-86.367373,8.0,2023-06-24T16:55:31
Trachemys scripta elegans,Kentucky,37.916035,-85.656277,10.0,2023-05-27T10:57
Trachemys scripta elegans,Texas,32.262295,-96.111183,4.0,2023-06-25T13:40:12
Trachemys scripta elegans,Texas,29.765276,-95.452049,357.0,2023-04-28T11:08:50
Trachemys scripta elegans,Texas,29.554005,-95.62123,13.0,2023-06-20T17:39:55
Trachemys scripta elegans,Texas,29.806641,-95.765534,858.0,2023-05-03T17:55
Trachemys scripta elegans,Texas,32.187033,-95.846168,,2023-06-17T16:21
Trachemys scripta elegans,Missouri,36.911589,-93.926994,25.0,2023-06-20T17:09
Trachemys scripta elegans,Tennessee,36.5514,-87.304524,72.0,2023-06-23T14:34
Trachemys scripta elegans,Mississippi,31.33233,-91.477955,101.0,2023-06-14T12:35:13
Trachemys scripta elegans,Arkansas,36.291754,-93.97538,104418.0,2023-06-21T07:02
Trachemys scripta elegans,Texas,29.761775,-95.449897,3.0,2023-04-29T11:00:21
Trachemys scripta elegans,Tennessee,35.753396,-86.594588,15.0,2023-06-12T11:58
Trachemys scripta elegans,Georgia,33.668305,-84.332683,28930.0,2023-06-19T16:00:02
Trachemys scripta elegans,North Carolina,35.539837,-82.561942,1.0,2023-06-17T13:52
Trachemys scripta elegans,Texas,29.528394,-95.470472,9.0,2023-06-23T20:03:54
Trachemys scripta elegans,Texas,29.76751,-95.43176,4.0,2023-06-23T11:15
Trachemys scripta elegans,Louisiana,30.278894,-92.309037,29382.0,2023-06-26T11:32:45
Trachemys scripta elegans,Arkansas,33.928327,-91.756967,500.0,2023-06-03T12:24
Trachemys scripta elegans,Texas,32.187425,-95.846575,,2023-06-17T17:25
Trachemys scripta elegans,Texas,30.872421,-94.234706,4.0,2023-06-18T10:36:48
Trachemys scripta elegans,Texas,29.765005,-95.452213,14.0,2023-06-19T11:13:45
Trachemys scripta elegans,Tennessee,36.026806,-86.51728,4.0,2023-06-16T07:50:12
Trachemys scripta elegans,Arkansas,33.989597,-91.31118,212.0,2023-06-09
Trachemys scripta elegans,Texas,32.187405,-95.84653,,2023-06-16T19:06
Trachemys scripta elegans,Oklahoma,33.860638,-95.031503,96.0,2023-06-15T10:46
Trachemys scripta elegans,Texas,29.730317,-95.838238,4.0,2023-06-13T18:04:32
Trachemys scripta elegans,Arkansas,36.091999,-91.043052,7.0,2023-06-25T16:57:44
Trachemys scripta elegans,Virginia,36.643183,-82.1109,4.0,2023-06-13T14:30:07
Trachemys scripta elegans,Tennessee,36.301242,-87.12567,5.0,2023-06-18T12:44
Trachemys scripta elegans,Arkansas,36.39164,-93.745113,14.0,2023-05-28T19:01
Trachemys scripta elegans,Texas,29.593619,-95.074922,833.0,2023-05-27T11:04:52
Trachemys scripta elegans,Oklahoma,36.555575,-94.888205,4.0,2023-06-14T16:14:58
Trachemys scripta elegans,Arkansas,35.249138,-91.716238,21.0,2023-06-17T13:49:07
Trachemys scripta elegans,Texas,29.767058,-95.432889,,2023-04-16T10:42:10
Trachemys scripta elegans,Texas,29.467528,-94.60605,,2023-04-30T08:46:12
Trachemys scripta elegans,Texas,30.179164,-95.504524,45.0,2021-05-23T12:03:09
Trachemys scripta elegans,Texas,29.76695,-95.432066,4.0,2023-06-11T10:20:07
Trachemys scripta elegans,Tennessee,35.082286,-89.680138,4.0,2023-06-15T09:55:42
Trachemys scripta elegans,Texas,29.762438,-95.450172,4.0,2022-03-04T10:11:54
Trachemys scripta elegans,Tennessee,35.956882,-83.863414,64.0,2023-05-29T08:00
Trachemys scripta elegans,Texas,29.716835,-95.390491,1.0,2018-03-26T10:50
Trachemys scripta elegans,Texas,30.026745,-95.295024,5.0,2023-06-13T11:54:59
Trachemys scripta elegans,Tennessee,36.056833,-86.79854,15.0,2023-04-09T07:43
Trachemys scripta elegans,Louisiana,30.131253,-92.039168,5.0,2023-06-08T09:27:03
Trachemys scripta elegans,Arkansas,34.683588,-92.985113,4.0,2023-06-08T18:13:02
Trachemys scripta elegans,Louisiana,32.603815,-92.052438,18.0,2023-06-10T15:08
Trachemys scripta elegans,Texas,29.74662,-95.685347,6.0,2023-06-08T11:05:20
Trachemys scripta elegans,Louisiana,30.110631,-92.809925,15.0,2023-06-06T06:58
Trachemys scripta elegans,Texas,30.589901,-96.34221,4.0,2023-06-11T22:17:14
Trachemys scripta elegans,Missouri,37.527667,-90.622847,4.0,2023-06-01T11:52:18
Trachemys scripta elegans,Tennessee,35.759621,-83.96933,34.0,2023-04-18T12:45
Trachemys scripta elegans,Texas,31.373222,-94.729487,28.0,2023-06-10
Trachemys scripta elegans,Tennessee,36.056819,-86.798344,8.0,2023-04-09T08:09
Trachemys scripta elegans,Texas,29.59816,-95.590489,31.0,2020-04-11T08:42
Trachemys scripta elegans,Tennessee,36.056818,-86.798306,4.0,2023-04-07T16:30
Trachemys scripta elegans,Tennessee,36.058907,-86.801895,8.0,2023-04-09T08:30
Trachemys scripta elegans,Florida,29.717235,-81.604377,36.0,2023-01-28T13:26
Trachemys scripta elegans,Missouri,36.995028,-90.140996,3015.0,2022-10-17T14:45
Trachemys scripta elegans,Texas,29.93212,-95.924863,8.0,2023-06-10T12:52
Trachemys scripta elegans,Arkansas,36.065561,-91.064723,41.0,2023-06-13T08:47:03
Trachemys scripta elegans,Texas,29.152839,-95.270317,3.0,2019-03-02T13:37:34
Trachemys scripta elegans,Florida,29.216451,-82.056973,202.0,2023-06-05T12:47
Trachemys scripta elegans,Tennessee,35.982126,-87.015488,8.0,2023-04-02T12:17:20
Trachemys scripta elegans,Missouri,36.241783,-89.964914,16.0,2023-05-24T13:08
Trachemys scripta elegans,Arkansas,34.537513,-93.034515,2.0,2023-05-26T10:28
Trachemys scripta elegans,Tennessee,35.759481,-83.969351,25.0,2023-04-18T12:34
Trachemys scripta elegans,Tennessee,36.056846,-86.799014,2.0,2023-04-09T08:21
Trachemys scripta elegans,Missouri,36.578342,-93.304505,5.0,2023-06-07T10:41:53
Trachemys scripta elegans,Louisiana,30.230611,-93.187719,29382.0,2023-06-10T10:22:44
Trachemys scripta elegans,Texas,29.565418,-95.230478,6.0,2023-04-13T16:55:19
Trachemys scripta elegans,Missouri,36.951194,-90.991895,8.0,2023-05-29T14:31
Trachemys scripta elegans,Louisiana,30.12614,-93.007321,122.0,2023-06-05T07:45
Trachemys scripta elegans,Texas,29.380767,-95.695855,,2017-09-04T10:08:44
Trachemys scripta elegans,Texas,32.475645,-95.291328,4.0,2023-06-06T10:21:08
Trachemys scripta elegans,Arkansas,36.102367,-90.683164,15.0,2023-05-29T19:43
Trachemys scripta elegans,Texas,29.816179,-95.638876,29433.0,2023-06-02T16:42:29
Trachemys scripta elegans,Arkansas,36.103255,-94.160502,,2023-06-05T09:14:23
Trachemys scripta elegans,Alabama,34.573983,-86.782722,4.0,2023-06-02T16:55:18
Trachemys scripta elegans,Texas,29.925222,-95.177269,4.0,2023-06-02T15:20
Trachemys scripta elegans,Texas,29.54546,-95.308336,3.0,2023-06-01T11:05
Trachemys scripta elegans,Texas,29.925408,-95.242935,122.0,2023-05-30T19:09
Trachemys scripta elegans,Texas,33.308297,-96.264062,9.0,2023-06-01T13:28:12
Trachemys scripta elegans,Texas,29.666936,-95.821943,29458.0,2023-06-04T12:01:10
Trachemys scripta elegans,Oklahoma,33.748415,-94.64191,51.0,2023-05-03T13:58:18
Trachemys scripta elegans,Texas,30.582312,-94.379433,,2023-06-02T11:55:22
Trachemys scripta elegans,Texas,30.603793,-95.065698,29330.0,2023-06-01T08:38:42
Trachemys scripta elegans,Texas,30.582372,-94.379158,,2023-06-02T11:57:35
Trachemys scripta elegans,Georgia,33.63171,-84.153453,,2023-05-28T20:13
Trachemys scripta elegans,Arkansas,34.016925,-91.347755,4.0,2023-06-04T10:23:56
Trachemys scripta elegans,Arkansas,34.973338,-91.835635,,2023-05-30T11:32:51
Trachemys scripta elegans,Texas,32.534132,-96.033907,29093.0,2023-05-30T11:20:47
Trachemys scripta elegans,Texas,31.847116,-94.652438,29173.0,2023-06-01T12:41:55
Trachemys scripta elegans,Texas,29.635338,-95.660024,9.0,2023-06-01T18:36:23
Trachemys scripta elegans,Texas,31.373239,-94.729214,32.0,2023-05-31
Trachemys scripta elegans,Texas,29.639162,-95.65802,4.0,2023-06-03T10:36:22
Trachemys scripta elegans,Texas,29.57077,-94.386434,8.0,2023-04-26T16:41:48
Trachemys scripta elegans,South Carolina,34.599942,-80.893038,31.0,2023-05-24T11:00
Trachemys scripta elegans,Texas,29.699225,-95.451478,4.0,2023-05-31T15:51:11
Trachemys scripta elegans,Tennessee,36.509097,-82.610502,216.0,2023-05-31T09:33:38
Trachemys scripta elegans,Texas,29.574745,-95.132269,30.0,2023-05-28T20:04:38
Trachemys scripta elegans,Texas,29.635337,-95.659971,9.0,2023-06-01T18:23:13
Trachemys scripta elegans,Texas,29.374025,-95.618839,,2023-05-30T11:16
Trachemys scripta elegans,Indiana,37.952278,-87.010933,3.0,2023-05-24T10:56:09
Trachemys scripta elegans,Texas,33.302825,-96.243758,4.0,2023-06-01T14:15:51
Trachemys scripta elegans,Texas,30.394067,-95.651275,4.0,2023-05-31T19:03:50
Trachemys scripta elegans,Missouri,37.171028,-93.328623,788.0,2023-05-27T18:33:52
Trachemys scripta elegans,Texas,31.2928,-94.846725,12.0,2021-05-15T11:55:56Z
Trachemys scripta elegans,Arkansas,36.25812,-92.477972,2436.0,2023-05-31T10:25
Trachemys scripta elegans,Texas,29.948933,-95.244771,1240.0,2020-12-15T22:28:02
Trachemys scripta elegans,Texas,29.766876,-95.452235,30.0,2023-02-10T08:50
Trachemys scripta elegans,Texas,30.383329,-95.543736,156.0,2023-05-22T09:00
Trachemys scripta elegans,Texas,31.624005,-94.64605,4.0,2023-05-27T10:29:16
Trachemys scripta elegans,Missouri,37.171028,-93.328623,788.0,2023-05-23T13:52:52
Trachemys scripta elegans,Louisiana,30.424383,-91.672015,3.0,2022-09-15T12:30
Trachemys scripta elegans,Texas,29.722884,-95.425357,29458.0,2023-05-28T11:21
Trachemys scripta elegans,Oklahoma,33.732508,-94.642279,4.0,2023-05-28T09:07:22
Trachemys scripta elegans,Texas,30.240975,-95.489348,29382.0,2023-05-21T13:21:06
Trachemys scripta elegans,Tennessee,35.145679,-89.83909,238.0,2023-05-13T15:54
Trachemys scripta elegans,Texas,29.766912,-95.450522,6.0,2023-05-29T10:41:24
Trachemys scripta elegans,Arkansas,35.105179,-92.434651,8.0,2023-05-28T11:26
Trachemys scripta elegans,Texas,32.315215,-95.252751,6.0,2023-05-29T19:05:49
Trachemys scripta elegans,Oklahoma,36.269479,-95.854712,15140.0,2023-05-24T12:56:03
Trachemys scripta elegans,North Carolina,35.38501,-82.328718,28706.0,2023-05-21T14:38:44
Trachemys scripta elegans,Texas,28.915268,-95.579036,4.0,2018-12-22T11:26
Trachemys scripta elegans,Texas,28.915161,-95.576562,2.0,2021-07-25T11:08
Trachemys scripta elegans,Louisiana,31.034022,-91.870439,15.0,2023-05-11T11:26
Trachemys scripta elegans,Texas,29.802787,-95.696664,205.0,2023-05-14T16:15
Trachemys scripta elegans,Arkansas,36.422539,-90.561404,131.0,2023-05-29T16:44
Trachemys scripta elegans,Tennessee,36.148946,-86.81275,1030.0,2023-05-22T14:09:09
Trachemys scripta elegans,Oklahoma,35.793288,-95.837689,9728.0,2023-05-23
Trachemys scripta elegans,Arkansas,34.61763,-92.009217,,2023-05-12T16:39:42
Trachemys scripta elegans,Texas,29.815171,-95.699876,192.0,2023-05-14T22:04
Trachemys scripta elegans,Louisiana,30.329962,-90.012428,509.0,2023-04-20T23:33:18
Trachemys scripta elegans,Oklahoma,36.048434,-95.836961,28592.0,2023-05-28T09:41:15
Trachemys scripta elegans,Texas,33.296112,-95.810483,3071.0,2023-05-25T10:17:23
Trachemys scripta elegans,Missouri,37.822698,-90.02904,11402.0,2023-05-28T15:36:26
Trachemys scripta elegans,Texas,32.277997,-96.070328,4.0,2023-05-27T17:38:09
Trachemys scripta elegans,Arkansas,33.355298,-93.673574,,2023-05-11T10:04:06
Trachemys scripta elegans,Texas,29.474872,-95.124755,4.0,2023-04-01T11:57:55
Trachemys scripta elegans,Oklahoma,36.040808,-95.905385,28592.0,2023-05-27T11:12:58
Trachemys scripta elegans,Arkansas,35.456825,-93.473563,6.0,2023-05-25T11:20:19
Trachemys scripta elegans,Arkansas,33.467492,-93.423388,,2023-05-24T13:04:10
Trachemys scripta elegans,Louisiana,30.416375,-91.116592,4.0,2023-05-26T07:54:35
Trachemys scripta elegans,Louisiana,30.550222,-90.466081,29356.0,2023-05-23T14:26:29
Trachemys scripta elegans,Arkansas,33.142499,-92.083808,,2023-05-28T12:21:16
Trachemys scripta elegans,Texas,29.884533,-95.727701,29433.0,2023-05-27T11:34
Trachemys scripta elegans,Texas,29.857079,-95.162182,13.0,2023-05-28T15:12
Trachemys scripta elegans,Texas,29.548364,-95.045842,32.0,2023-05-03T17:38:17
Trachemys scripta elegans,Illinois,37.585775,-89.447293,26.0,2019-03-27T15:27:29
Trachemys scripta elegans,Texas,29.760946,-95.401748,7.0,2023-05-25T15:03
Trachemys scripta elegans,Texas,30.199158,-95.487493,23.0,2023-05-24T13:23:20
Trachemys scripta elegans,Tennessee,36.551497,-87.304354,11.0,2023-05-25T15:02
Trachemys scripta elegans,Arkansas,35.105291,-92.434585,4.0,2023-05-27T13:52:51
Trachemys scripta elegans,Texas,29.814588,-95.530943,,2023-05-24T01:21:32
Trachemys scripta elegans,Texas,29.766957,-95.43212,8.0,2023-05-23T12:27
Trachemys scripta elegans,Texas,32.475834,-95.298768,14.0,2023-04-27T13:59
Trachemys scripta elegans,Texas,29.809466,-95.792132,172.0,2023-05-12T18:03
Trachemys scripta elegans,Tennessee,36.097764,-86.545972,67.0,2023-05-21T14:00:23
Trachemys scripta elegans,Texas,29.791305,-95.828543,214.0,2023-04-30T18:01
Trachemys scripta elegans,Texas,29.749447,-95.444335,93.0,2023-05-13T14:00:10
Trachemys scripta elegans,Missouri,37.916278,-93.017648,649.0,2023-05-18T08:23:36
Trachemys scripta elegans,Georgia,33.944634,-83.373932,6.0,2023-05-24T12:16
Trachemys scripta elegans,Texas,29.716329,-95.726617,12.0,2021-05-09T13:03:12
Trachemys scripta elegans,Tennessee,36.382189,-89.445846,48.0,2023-05-29T09:42
Trachemys scripta elegans,Tennessee,36.321204,-89.264126,8.0,2023-05-24T13:22
Trachemys scripta elegans,Texas,29.370962,-95.631921,193.0,2023-05-23T09:27
Trachemys scripta elegans,Tennessee,36.119019,-89.564668,171.0,2023-05-04T14:10
Trachemys scripta elegans,North Carolina,35.382296,-82.351859,28706.0,2023-05-22T23:24:04
Trachemys scripta elegans,Texas,29.760946,-95.401748,7.0,2023-05-25T15:05
Trachemys scripta elegans,Illinois,37.74407,-88.999572,24.0,2023-05-08T14:27:06
Trachemys scripta elegans,Texas,29.614283,-94.544626,8.0,2023-05-14T14:05
Trachemys scripta elegans,Texas,29.537517,-95.379945,9.0,2023-05-23T11:04:57
Trachemys scripta elegans,Arkansas,33.361381,-93.703499,15.0,2022-09-22T11:26
Trachemys scripta elegans,Mississippi,30.35787,-89.185989,,2023-05-23T13:09:19
Trachemys scripta elegans,Texas,31.435106,-95.496759,23548.0,2023-05-18T09:46
Trachemys scripta elegans,Texas,31.336274,-95.680265,4.0,2023-05-17T11:36
Trachemys scripta elegans,Missouri,37.510425,-91.853492,,2023-05-21T15:55:47
Trachemys scripta elegans,Texas,29.573973,-94.390898,127.0,2021-04-15T17:33:21
Trachemys scripta elegans,Texas,30.852473,-94.16667,4.0,2023-05-16T11:48
Trachemys scripta elegans,Texas,30.382498,-94.17422,8.0,2023-05-16T10:59
Trachemys scripta elegans,Oklahoma,33.74841,-94.641957,6.0,2023-05-21T09:42:10
Trachemys scripta elegans,Texas,29.374042,-95.620247,4.0,2023-05-19T11:48:17
Trachemys scripta elegans,Missouri,36.980823,-90.132402,,2023-05-22T14:01:48
Trachemys scripta elegans,Tennessee,36.584586,-87.479181,13.0,2023-05-18T15:41
Trachemys scripta elegans,Texas,29.764647,-95.453209,505.0,2023-05-18T10:45:44
Trachemys scripta elegans,Texas,30.679389,-94.699568,263.0,2021-02-24T14:14:06Z
Trachemys scripta elegans,Texas,29.781117,-95.374712,4.0,2021-04-29T10:00:54Z
Trachemys scripta elegans,Texas,29.765195,-95.45207,357.0,2023-04-28T12:01:11
Trachemys scripta elegans,Texas,30.059146,-95.20445,9.0,2021-05-02T19:34:34
Trachemys scripta elegans,Texas,29.764006,-95.453174,8.0,2022-10-23T14:58
Trachemys scripta elegans,Texas,32.722702,-95.20688,8.0,2023-05-19T06:44:51
Trachemys scripta elegans,Texas,29.762479,-95.451627,239.0,2023-05-18T10:45:44
Trachemys scripta elegans,Texas,33.584956,-96.095227,28957.0,2023-05-18T19:34:42
Trachemys scripta elegans,South Carolina,34.675276,-82.821421,36.0,2023-04-20T13:10
Trachemys scripta elegans,Texas,32.708018,-94.084039,100.0,2023-05-21
Trachemys scripta elegans,Texas,30.188412,-95.457612,4.0,2023-05-17T09:20:14
Trachemys scripta elegans,Texas,29.374941,-95.605116,2999.0,2023-03-15T14:48
Trachemys scripta elegans,Texas,29.826435,-94.234463,2.0,2023-05-15T13:16
Trachemys scripta elegans,Texas,30.07215,-95.7202,4.0,2023-05-22T10:06:53
Trachemys scripta elegans,Tennessee,36.586593,-87.476823,10.0,2023-05-18T16:59
Trachemys scripta elegans,Texas,29.95047,-95.546258,4.0,2021-04-29T19:26:17Z
Trachemys scripta elegans,Texas,29.955701,-95.680637,2.0,2023-05-21T10:41
Trachemys scripta elegans,Texas,29.81594,-95.54553,,2021-05-03T12:17
Trachemys scripta elegans,Texas,29.768425,-95.430695,4.0,2023-05-14T17:11:33
Trachemys scripta elegans,Texas,30.853044,-94.176757,8.0,2023-05-17T09:17
Trachemys scripta elegans,Texas,29.572386,-94.390046,166.0,2023-05-02
Trachemys scripta elegans,Texas,29.57063,-94.388013,200.0,2021-04-10T18:39
Trachemys scripta elegans,Tennessee,35.043286,-85.213988,5.0,2023-05-08T15:36:18
Trachemys scripta elegans,Texas,29.775566,-95.36646,8.0,2021-04-17T13:09:05
Trachemys scripta elegans,Texas,29.198526,-94.952535,8.0,2023-05-18T08:14:48
Trachemys scripta elegans,Missouri,37.028908,-94.517547,4.0,2023-05-17T12:08:49
Trachemys scripta elegans,Missouri,36.244917,-89.962572,26.0,2023-05-04T11:05
Trachemys scripta elegans,Texas,29.974892,-95.167435,65.0,2022-02-08T16:11:23Z
Trachemys scripta elegans,Texas,32.372978,-95.325455,56.0,2021-06-01T09:39:57
Trachemys scripta elegans,Arkansas,35.457497,-93.474787,4.0,2023-05-22T12:22:11
Trachemys scripta elegans,Arkansas,34.989492,-92.381012,4.0,2023-05-19T11:55:38
Trachemys scripta elegans,Texas,30.178774,-95.583983,53.0,2021-05-07T19:43
Trachemys scripta elegans,South Carolina,34.883778,-82.271392,6.0,2023-04-11T20:39:19
Trachemys scripta elegans,Arkansas,34.302972,-94.216613,250.0,2018-05-11T12:30
Trachemys scripta elegans,Texas,29.748904,-95.139115,29458.0,2021-04-23T18:58:30Z
Trachemys scripta elegans,Texas,30.864468,-95.394379,31.0,2021-05-07T11:08
Trachemys scripta elegans,Arkansas,33.128518,-93.177966,40771.0,2023-05-22T08:12
Trachemys scripta elegans,Texas,29.761984,-95.449863,8.0,2023-05-18T10:53
Trachemys scripta elegans,Texas,32.983227,-96.331843,4.0,2023-05-12T15:10:27
Trachemys scripta elegans,Texas,29.608262,-94.547621,1041.0,2023-05-02
Trachemys scripta elegans,Texas,29.573357,-94.390437,2.0,2021-04-11T09:51
Trachemys scripta elegans,Texas,32.628694,-95.462875,3.0,2023-05-03T11:10:34
Trachemys scripta elegans,Mississippi,34.829972,-90.099114,4.0,2023-05-15T16:28:19
Trachemys scripta elegans,Texas,32.705096,-94.079566,100.0,2023-05-21
Trachemys scripta elegans,Texas,31.18298,-95.97508,2.0,2023-05-17T13:22
Trachemys scripta elegans,Arkansas,36.039248,-91.008251,61.0,2022-05-01T14:53:33
Trachemys scripta elegans,Texas,29.374941,-95.605116,2999.0,2023-03-15T14:16
Trachemys scripta elegans,Texas,29.374941,-95.605116,2999.0,2023-03-15T14:16
Trachemys scripta elegans,Tennessee,36.551536,-87.304304,20.0,2023-05-20T14:28
Trachemys scripta elegans,South Carolina,35.145042,-82.459503,104.0,2023-04-25T12:41:25
Trachemys scripta elegans,Texas,30.864499,-94.176841,4.0,2023-05-17T09:09
Trachemys scripta elegans,Texas,29.676181,-95.341236,29458.0,2021-03-28T14:33
Trachemys scripta elegans,Texas,30.867382,-94.172605,2.0,2023-05-16T12:01
Trachemys scripta elegans,Texas,30.300454,-95.804228,25.0,2023-05-23T09:02:05
Trachemys scripta elegans,Texas,29.374941,-95.605116,2999.0,2023-03-15T14:16
Trachemys scripta elegans,Texas,29.708832,-95.759435,29458.0,2021-05-02T09:20:14
Trachemys scripta elegans,Missouri,37.046531,-90.073413,34.0,2023-05-20T08:56
Trachemys scripta elegans,Georgia,33.818471,-84.402633,4.0,2023-05-21T08:40:02
Trachemys scripta elegans,Texas,30.006492,-95.513395,248.0,2022-02-11T14:53:37Z
Trachemys scripta elegans,Texas,31.37515,-94.728399,400.0,2021-05-04
Trachemys scripta elegans,South Carolina,34.884828,-82.272194,3.0,2023-04-11T17:48
Trachemys scripta elegans,Texas,29.366408,-95.641299,4.0,2023-05-18T17:37
Trachemys scripta elegans,Texas,29.373165,-95.597438,2.0,2023-05-18T12:58
Trachemys scripta elegans,Texas,29.766786,-95.450453,,2023-05-17T19:01
Trachemys scripta elegans,Tennessee,36.586774,-87.476569,7.0,2023-05-18T14:08
Trachemys scripta elegans,Texas,29.851854,-95.486409,24.0,2021-04-16T17:09:20
Trachemys scripta elegans,Texas,29.594903,-94.988869,4.0,2023-05-17T11:00
Trachemys scripta elegans,Alabama,34.4266,-86.389114,,2023-05-17T08:07:38
Trachemys scripta elegans,Texas,29.906521,-95.675693,29433.0,2023-05-17T16:38:51
Trachemys scripta elegans,Louisiana,30.40866,-90.143375,55.0,2023-05-04T13:06
Trachemys scripta elegans,Tennessee,35.29091,-87.030827,41.0,2023-05-22T15:51:38
Trachemys scripta elegans,Louisiana,30.66325,-91.188625,,2023-05-17T11:34:22
Trachemys scripta elegans,Arkansas,34.967608,-92.351272,20.0,2023-05-22T11:56:42
Trachemys scripta elegans,Texas,29.924286,-95.636516,29433.0,2023-05-17T16:38:21
Trachemys scripta elegans,Texas,30.502347,-95.454605,4.0,2023-05-21T12:05:24
Trachemys scripta elegans,Texas,29.76241,-95.393736,39.0,2022-02-27T13:16
Trachemys scripta elegans,Texas,30.038144,-95.377035,9.0,2023-05-21T11:58:37
Trachemys scripta elegans,Texas,29.69922,-95.45143,3.0,2023-05-11T14:16:26
Trachemys scripta elegans,Louisiana,30.36705,-91.127694,6.0,2023-05-14T10:03:36
Trachemys scripta elegans,Texas,29.776446,-95.683449,29458.0,2023-05-15T07:57:25
Trachemys scripta elegans,North Carolina,35.054229,-83.188535,20.0,2023-05-13T11:06
Trachemys scripta elegans,Texas,29.589055,-95.541723,136.0,2023-05-11T12:45
Trachemys scripta elegans,Missouri,37.297058,-92.865578,4.0,2023-05-12T13:52:08
Trachemys scripta elegans,Louisiana,30.370149,-91.107716,,2023-05-03T15:39
Trachemys scripta elegans,Tennessee,35.133026,-85.125664,4.0,2023-05-15T18:12:39
Trachemys scripta elegans,Texas,30.030606,-95.5691,9.0,2021-03-17T13:53:28
Trachemys scripta elegans,Texas,30.036734,-95.527387,32.0,2023-05-03T17:38:17
Trachemys scripta elegans,Texas,33.41133,-94.174474,28957.0,2021-03-03T14:32:28
Trachemys scripta elegans,Texas,32.314308,-95.454583,220.0,2023-05-09T17:09:31
Trachemys scripta elegans,Missouri,37.303472,-91.965642,,2023-05-11T12:20:50
Trachemys scripta elegans,Texas,30.121639,-94.003975,23.0,2023-05-12T19:00:16
Trachemys scripta elegans,Texas,29.374016,-95.624505,4.0,2023-05-08T09:20:15
Trachemys scripta elegans,Oklahoma,36.191016,-95.877398,12580.0,2023-05-05T11:50:44
Trachemys scripta elegans,Texas,29.582128,-95.408881,8.0,2023-05-11T16:55
Trachemys scripta elegans,Arkansas,36.001423,-94.374866,592.0,2023-05-11T13:03:21
Trachemys scripta elegans,Texas,29.771547,-95.569564,,2023-04-29T17:51:06
Trachemys scripta elegans,Texas,29.783133,-95.241592,4.0,2022-02-02T15:20:56Z
Trachemys scripta elegans,Louisiana,32.50807,-92.167586,112.0,2023-05-13T15:23
Trachemys scripta elegans,Texas,29.750308,-95.778571,82.0,2023-05-14T12:23:43
Trachemys scripta elegans,Texas,29.55582,-95.58652,4.0,2023-05-11T14:36
Trachemys scripta elegans,Texas,30.812373,-95.129376,9.0,2021-03-15T16:02:04Z
Trachemys scripta elegans,Oklahoma,35.430236,-94.987049,231.0,2023-05-10T08:38
Trachemys scripta elegans,Texas,29.564202,-95.217922,4.0,2021-03-25T18:35:51Z
Trachemys scripta elegans,Texas,29.77154,-95.570174,27.0,2021-03-04T16:25:15
Trachemys scripta elegans,Arkansas,36.197392,-94.137878,56.0,2023-05-09T09:25:18
Trachemys scripta elegans,Texas,32.718468,-95.51057,65.0,2023-05-09T12:10:09
Trachemys scripta elegans,Texas,29.668772,-95.937613,4.0,2023-05-09T08:28:48
Trachemys scripta elegans,Texas,29.986391,-95.565853,4.0,2022-10-10T14:28
Trachemys scripta elegans,Texas,30.679184,-96.319827,,2023-05-05T10:47:31
Trachemys scripta elegans,Louisiana,32.485962,-91.494277,70.0,2023-05-06T09:13
Trachemys scripta elegans,Texas,29.806641,-95.765534,858.0,2023-04-23T02:05
Trachemys scripta elegans,Texas,29.719933,-95.390792,4.0,2023-05-12T16:34:37
Trachemys scripta elegans,Tennessee,36.089705,-86.742096,193.0,2023-05-16T10:50:24
Trachemys scripta elegans,Texas,30.152087,-95.419967,29407.0,2023-05-10T09:14
Trachemys scripta elegans,Missouri,37.506657,-94.588414,,2023-05-13T13:39:59
Trachemys scripta elegans,Texas,33.854985,-95.894686,3010.0,2021-03-20T11:27
Trachemys scripta elegans,Oklahoma,33.848715,-96.258875,198.0,2023-05-11T13:21:44
Trachemys scripta elegans,Texas,29.719974,-95.73329,48.0,2023-05-11T13:22:39
Trachemys scripta elegans,Texas,29.97443,-95.167878,28.0,2021-03-02T15:49:42Z
Trachemys scripta elegans,Tennessee,35.759499,-83.969287,30.0,2023-05-13T09:57
Trachemys scripta elegans,Texas,29.572246,-95.129789,236.0,2023-05-09T07:50
Trachemys scripta elegans,Texas,30.812499,-95.128768,9.0,2021-03-15T15:33:29Z
Trachemys scripta elegans,Oklahoma,36.223457,-95.90303,183.0,2023-05-05T11:52
Trachemys scripta elegans,Texas,28.934913,-95.422608,4.0,2023-05-12T10:21:50
Trachemys scripta elegans,Texas,30.095904,-95.400554,7.0,2023-05-12T09:40:05
Trachemys scripta elegans,Oklahoma,36.219562,-95.923677,1175.0,2023-05-05T11:48:57
Trachemys scripta elegans,Texas,33.272122,-96.318275,3.0,2023-05-07T09:08
Trachemys scripta elegans,Texas,29.01748,-95.445962,242.0,2022-01-29T14:19
Trachemys scripta elegans,Texas,30.229062,-95.46948,,2023-05-11T19:54:48
Trachemys scripta elegans,Texas,32.827003,-96.32463,14.0,2021-03-02T10:16:01
Trachemys scripta elegans,Texas,30.812437,-95.128781,7.0,2021-03-15T15:33:53Z
Trachemys scripta elegans,Texas,31.376939,-94.729346,28.0,2023-05-08
Trachemys scripta elegans,Texas,29.717855,-95.730269,8.0,2023-04-30T10:47
Trachemys scripta elegans,Texas,30.248722,-94.175344,200.0,2023-04-30T13:23
Trachemys scripta elegans,Texas,30.5845,-96.305202,6.0,2023-05-05T19:12:23
Trachemys scripta elegans,Texas,29.414984,-95.235494,254.0,2023-05-05T08:43:58
Trachemys scripta elegans,Texas,29.877303,-94.814367,1.0,2023-04-28T11:04:14
Trachemys scripta elegans,Oklahoma,34.333872,-95.810662,1296.0,2023-05-06T17:36:55
Trachemys scripta elegans,Texas,30.203815,-95.559611,4.0,2023-05-05T18:45:38
Trachemys scripta elegans,Texas,31.375271,-94.724852,14.0,2023-05-04
Trachemys scripta elegans,Arkansas,33.23363,-94.022505,12.0,2023-04-30T13:22:03
Trachemys scripta elegans,Texas,29.263436,-94.876246,3.0,2023-05-02T08:49:31
Trachemys scripta elegans,Georgia,33.981713,-84.377837,650.0,2023-05-02T15:58
Trachemys scripta elegans,Louisiana,30.400073,-91.126733,,2023-04-29T16:32
Trachemys scripta elegans,Texas,29.595974,-95.071918,23.0,2023-04-28T17:14
Trachemys scripta elegans,Texas,29.771574,-95.570075,63.0,2023-04-28T11:11
Trachemys scripta elegans,Louisiana,30.006622,-90.091773,,2023-04-02T08:52
Trachemys scripta elegans,Louisiana,29.782862,-90.117561,3.0,2021-03-14T17:20:28
Trachemys scripta elegans,Texas,29.858419,-95.162932,188.0,2022-10-09T10:02
Trachemys scripta elegans,Oklahoma,33.74173,-94.645101,6.0,2023-05-07T14:25:10
Trachemys scripta elegans,Texas,32.363902,-96.001711,15.0,2023-05-06T14:40
Trachemys scripta elegans,Texas,29.723611,-95.740833,15.0,2023-05-01T10:09
Trachemys scripta elegans,Tennessee,35.758942,-83.971175,25.0,2023-04-29T10:33
Trachemys scripta elegans,Texas,29.721419,-95.735429,15.0,2023-04-28T17:34
Trachemys scripta elegans,Texas,29.806641,-95.765534,858.0,2023-04-25T13:20
Trachemys scripta elegans,Texas,31.388805,-94.097972,,2023-05-01T10:46:10
Trachemys scripta elegans,Texas,30.248722,-94.175344,200.0,2023-04-30T13:24
Trachemys scripta elegans,Arkansas,36.105477,-94.190591,4.0,2023-05-05T14:06:22
Trachemys scripta elegans,Arkansas,34.555363,-92.521556,7757.0,2023-05-07T00:13
Trachemys scripta elegans,Louisiana,30.911378,-91.406128,5.0,2023-05-07T09:46:50
Trachemys scripta elegans,Texas,29.738269,-95.76724,49.0,2023-05-06T09:13
Trachemys scripta elegans,Tennessee,35.759133,-83.971089,17.0,2023-04-29T10:33
Trachemys scripta elegans,Texas,29.371294,-95.625678,,2023-05-06T17:23:59
Trachemys scripta elegans,Arkansas,36.261261,-94.228462,,2023-05-08T10:08
Trachemys scripta elegans,Texas,29.82562,-95.55589,,2023-05-01T19:35
Trachemys scripta elegans,Texas,29.58757,-95.103842,,2023-05-05T11:52:35
Trachemys scripta elegans,Texas,31.26277,-94.706908,16.0,2023-05-06T10:34:11
Trachemys scripta elegans,Texas,29.611445,-94.533047,122.0,2023-05-06T06:21
Trachemys scripta elegans,Tennessee,35.759185,-83.970896,27.0,2023-04-29T10:43
Trachemys scripta elegans,Oklahoma,33.740894,-94.637884,9.0,2023-05-07T12:34:36
Trachemys scripta elegans,Texas,29.909161,-95.669983,163.0,2023-04-30T13:40
Trachemys scripta elegans,Texas,31.375536,-94.729375,28.0,2023-05-04
Trachemys scripta elegans,Texas,29.6992,-95.451447,4.0,2023-05-03T14:15:32
Trachemys scripta elegans,Texas,29.766899,-95.452195,3.0,2023-05-01T17:41:05
Trachemys scripta elegans,Texas,29.909161,-95.669983,163.0,2023-04-30T13:41
Trachemys scripta elegans,Texas,29.866762,-95.64606,125.0,2023-04-30T15:14
Trachemys scripta elegans,Texas,29.633668,-95.663968,2.0,2023-05-02T17:12
Trachemys scripta elegans,Texas,29.573084,-94.390233,200.0,2023-04-26T13:51
Trachemys scripta elegans,Louisiana,32.393622,-93.572105,4.0,2023-04-26T16:18:48
Trachemys scripta elegans,Texas,29.909161,-95.669983,163.0,2023-04-30T13:40
Trachemys scripta elegans,Texas,29.765224,-95.45207,189.0,2023-04-30T17:44:55
Trachemys scripta elegans,Texas,29.724186,-95.34072,4.0,2023-04-20T14:07:27
Trachemys scripta elegans,Louisiana,32.432621,-93.583292,124.0,2023-05-01T09:33
Trachemys scripta elegans,Louisiana,30.407059,-90.142548,21.0,2023-05-04T12:49
Trachemys scripta elegans,Texas,29.909161,-95.669983,163.0,2023-04-30T13:41
Trachemys scripta elegans,Texas,29.598443,-95.622552,8142.0,2023-04-30T12:48
Trachemys scripta elegans,Texas,29.6337,-95.663947,1.0,2023-05-02T17:12
Trachemys scripta elegans,Texas,29.909161,-95.669983,163.0,2023-04-30T13:40
Trachemys scripta elegans,Texas,29.524702,-95.807586,187.0,2023-05-01T10:54
Trachemys scripta elegans,Texas,29.633754,-95.663807,2.0,2023-05-02T17:11
Trachemys scripta elegans,Tennessee,35.136731,-89.83148,605.0,2023-05-02T14:49
Trachemys scripta elegans,Texas,29.567397,-95.125144,30.0,2023-04-30T08:51
Trachemys scripta elegans,Texas,29.909161,-95.669983,163.0,2023-04-30T13:42
Trachemys scripta elegans,Louisiana,30.370463,-91.103958,182.0,2023-04-30T11:47
Trachemys scripta elegans,Texas,29.766957,-95.432089,10.0,2023-05-01T07:46
Trachemys scripta elegans,Texas,29.633712,-95.663803,1.0,2023-05-02T17:11
Trachemys scripta elegans,Texas,29.637081,-95.660064,4.0,2023-04-30T10:44
Trachemys scripta elegans,Texas,29.741523,-95.744898,20.0,2023-05-04T21:33:41
Trachemys scripta elegans,Arkansas,33.233733,-94.02243,5.0,2023-04-30T13:21:46
Trachemys scripta elegans,Louisiana,30.353858,-90.964862,19.0,2023-05-03T15:11:18
Trachemys scripta elegans,Texas,33.496142,-94.098591,4.0,2023-05-01T15:46
Trachemys scripta elegans,Texas,29.866762,-95.64606,125.0,2023-04-30T14:33
Trachemys scripta elegans,Florida,30.296164,-81.621205,205.0,2023-05-01T12:58
Trachemys scripta elegans,Georgia,33.976507,-84.377453,5.0,2023-02-28T09:54:18
Trachemys scripta elegans,Texas,31.3888,-94.097928,,2021-11-02T15:20:52
Trachemys scripta elegans,Texas,29.766246,-95.450691,,2023-04-30T17:29:52
Trachemys scripta elegans,Texas,29.909161,-95.669983,163.0,2023-04-30T13:39
Trachemys scripta elegans,Texas,29.589398,-95.591826,149.0,2023-04-29T13:58
Trachemys scripta elegans,Texas,29.552758,-95.681617,4.0,2023-04-30T12:23:06
Trachemys scripta elegans,Texas,29.911719,-95.678408,697.0,2023-05-01T15:18
Trachemys scripta elegans,Texas,29.909881,-95.681944,,2023-04-30T17:41
Trachemys scripta elegans,Oklahoma,36.132085,-95.975011,175.0,2023-05-01
Trachemys scripta elegans,Texas,29.476161,-95.246998,292.0,2023-05-01T14:43:30
Trachemys scripta elegans,Texas,32.634189,-95.459015,2.0,2023-04-28T10:41
Trachemys scripta elegans,Texas,29.761322,-95.401243,59.0,2023-05-01T10:05:50
Trachemys scripta elegans,Texas,29.911719,-95.678408,705.0,2023-05-01T15:32
Trachemys scripta elegans,Texas,29.616259,-94.546368,244.0,2023-04-28T11:02
Trachemys scripta elegans,Texas,30.211464,-95.552617,,2023-05-01T11:16:19
Trachemys scripta elegans,Texas,29.766892,-95.450569,3.0,2023-04-28T13:08
Trachemys scripta elegans,Texas,29.911719,-95.678408,689.0,2023-05-01T15:31
Trachemys scripta elegans,Oklahoma,36.222938,-95.89994,511.0,2023-04-29T22:31
Trachemys scripta elegans,Texas,32.214222,-95.317649,8.0,2023-04-30T10:33
Trachemys scripta elegans,Texas,30.036997,-95.220011,6.0,2023-04-30T09:49:59
Trachemys scripta elegans,Texas,29.766861,-95.450553,,2023-04-29T17:04
Trachemys scripta elegans,Texas,29.766942,-95.452211,,2023-04-29T16:49
Trachemys scripta elegans,Texas,32.638492,-95.466098,15.0,2023-04-29T15:15
Trachemys scripta elegans,Texas,32.214376,-95.317564,6.0,2023-04-30T10:39:41
Trachemys scripta elegans,Texas,29.967229,-95.172463,8.0,2023-04-30T18:20:46
Trachemys scripta elegans,Texas,29.714311,-95.386466,40.0,2023-04-28T10:43
Trachemys scripta elegans,Louisiana,30.5346,-91.047152,96018.0,2023-04-28T17:22:47
Trachemys scripta elegans,Texas,29.216442,-94.935347,4.0,2023-04-30T15:53:59
Trachemys scripta elegans,Texas,32.63572,-95.459248,194.0,2023-04-30T12:52
Trachemys scripta elegans,Texas,29.560995,-95.227515,3.0,2023-04-30T11:04:08
Trachemys scripta elegans,Texas,32.21359,-95.31791,8.0,2023-04-30T11:05
Trachemys scripta elegans,Texas,32.213449,-95.317841,8.0,2023-04-30T11:05
Trachemys scripta elegans,Texas,29.780393,-95.425169,29458.0,2023-04-30T08:38:39
Trachemys scripta elegans,Mississippi,31.870226,-91.139509,4.0,2023-05-01T11:19:07
Trachemys scripta elegans,Texas,29.996492,-95.533945,186.0,2023-04-29T16:17:07
Trachemys scripta elegans,Texas,29.714112,-95.391747,4.0,2023-04-29T13:32:46
Trachemys scripta elegans,Texas,32.38322,-95.344947,4.0,2023-05-02T11:39:29
Trachemys scripta elegans,Texas,29.472551,-95.103315,,2023-04-28T09:21
Trachemys scripta elegans,Texas,29.78744,-95.825587,203.0,2023-04-22T21:20
Trachemys scripta elegans,Texas,29.726228,-95.63132,,2023-04-26T13:27
Trachemys scripta elegans,Texas,30.604482,-96.350601,32.0,2023-04-27T15:32:42
Trachemys scripta elegans,Texas,29.618162,-94.546008,101.0,2023-04-22T13:10
Trachemys scripta elegans,Louisiana,30.54437,-90.935564,15.0,2023-04-28T13:08
Trachemys scripta elegans,Texas,29.607109,-94.554813,140.0,2023-04-27T14:36
Trachemys scripta elegans,Texas,30.174521,-95.584961,5.0,2023-04-28T18:45:27
Trachemys scripta elegans,Texas,29.595865,-95.072354,34.0,2022-02-19T15:14:51
Trachemys scripta elegans,Texas,29.371491,-95.625686,8.0,2023-04-28T15:58
Trachemys scripta elegans,Louisiana,30.649802,-91.198255,,2023-04-28T12:49:49
Trachemys scripta elegans,Texas,29.803017,-95.699514,,2023-04-24T18:05
Trachemys scripta elegans,Texas,29.766754,-95.446297,1414.0,2023-04-28T14:10:55
Trachemys scripta elegans,Texas,29.764538,-95.453828,4.0,2022-04-02T15:03:36Z
Trachemys scripta elegans,Texas,31.311256,-93.695877,157.0,2023-04-18T11:47
Trachemys scripta elegans,Texas,29.993072,-95.544655,,2023-05-01T14:30:48
Trachemys scripta elegans,Texas,29.923992,-94.799362,610.0,2023-04-21T11:49
Trachemys scripta elegans,Texas,29.615663,-94.547834,129.0,2023-04-22T13:18
Trachemys scripta elegans,Texas,29.771537,-95.570231,181.0,2023-04-16T22:49
Trachemys scripta elegans,Texas,29.699473,-93.94713,8.0,2023-04-26T09:38:59
Trachemys scripta elegans,Texas,30.18085,-95.50527,19.0,2020-11-19T13:02:07Z
Trachemys scripta elegans,Texas,29.766913,-95.432143,9.0,2023-04-27T18:40:02
Trachemys scripta elegans,Texas,29.911719,-95.678408,705.0,2023-05-01T16:02
Trachemys scripta elegans,Texas,29.911719,-95.678408,697.0,2023-05-01T15:36
Trachemys scripta elegans,Louisiana,30.39312,-91.146593,7443.0,2023-05-01T15:25:53
Trachemys scripta elegans,Texas,29.911719,-95.678408,672.0,2023-05-01T15:46
Trachemys scripta elegans,Texas,29.911719,-95.678408,697.0,2023-05-01T16:02
Trachemys scripta elegans,Texas,29.610903,-95.624313,4.0,2023-05-01T18:05:53
Trachemys scripta elegans,Texas,29.780716,-95.51165,4.0,2023-04-30T12:17
Trachemys scripta elegans,Texas,29.328639,-94.768819,,2023-05-01T15:07
Trachemys scripta elegans,Texas,29.457613,-94.951563,195.0,2023-05-01T17:08
Trachemys scripta elegans,Tennessee,36.121807,-89.559634,244.0,2023-05-01T09:56
Trachemys scripta elegans,Texas,29.586673,-95.154975,114.0,2023-05-01T08:57:19
Trachemys scripta elegans,Texas,29.771635,-95.570049,60.0,2023-04-28T11:11
Trachemys scripta elegans,Tennessee,36.060685,-86.807947,64.0,2023-05-01T12:47
Trachemys scripta elegans,Texas,29.756724,-95.631957,,2023-04-29T15:36:35
Trachemys scripta elegans,Texas,30.563628,-96.22089,,2023-04-28T11:51
Trachemys scripta elegans,Texas,29.543932,-95.26505,166.0,2023-04-28T13:23
Trachemys scripta elegans,Texas,29.752312,-95.778817,4.0,2023-04-30T13:56:48
Trachemys scripta elegans,Texas,29.761828,-95.449958,4.0,2023-04-29T14:29:53
Trachemys scripta elegans,Texas,30.122349,-95.134326,19.0,2023-04-29T12:35:37
Trachemys scripta elegans,Texas,29.697693,-95.87741,8.0,2023-04-29T10:29
Trachemys scripta elegans,Texas,29.762474,-95.450005,4.0,2023-04-29T15:15
Trachemys scripta elegans,Texas,29.809831,-95.420732,24.0,2023-04-28T18:19:58
Trachemys scripta elegans,Texas,29.518047,-95.089333,4.0,2023-04-30T14:22:47
Trachemys scripta elegans,Texas,29.76687,-95.452192,5.0,2023-04-30T15:17:11
Trachemys scripta elegans,Texas,29.7335,-95.796796,428.0,2023-04-30T09:50
Trachemys scripta elegans,Texas,32.213856,-95.316665,4.0,2023-04-30T10:42
Trachemys scripta elegans,Texas,29.575932,-95.635648,139.0,2017-05-25T11:30
Trachemys scripta elegans,Texas,29.636625,-95.660119,4.0,2023-04-30T11:05
Trachemys scripta elegans,Texas,32.63572,-95.459248,194.0,2023-04-30T14:12
Trachemys scripta elegans,Texas,29.767172,-95.431275,20.0,2023-04-29T14:11:06
Trachemys scripta elegans,Texas,29.582125,-95.413313,38.0,2023-04-30T08:46
Trachemys scripta elegans,Tennessee,36.448683,-89.048508,3.0,2023-04-18T15:44:13
Trachemys scripta elegans,Texas,30.196845,-95.573435,4.0,2023-04-30T10:43:24
Trachemys scripta elegans,Louisiana,30.45443,-90.891769,3.0,2023-04-30T15:34:51
Trachemys scripta elegans,Texas,29.2166,-94.935142,3.0,2023-04-30T15:56:19
Trachemys scripta elegans,Louisiana,30.425244,-91.02674,22.0,2023-04-30T10:22:16
Trachemys scripta elegans,Texas,29.682762,-95.266965,15.0,2023-05-01T10:27:03
Trachemys scripta elegans,Texas,32.214576,-95.317711,6.0,2023-04-30T10:30:18
Trachemys scripta elegans,Texas,29.574695,-95.132194,4.0,2023-04-28T13:50:03
Trachemys scripta elegans,Texas,30.174475,-95.58503,4.0,2023-04-29T16:31:57
Trachemys scripta elegans,Texas,29.698413,-95.561272,,2023-04-30T17:01:18
Trachemys scripta elegans,Texas,29.714311,-95.386466,40.0,2023-04-28T10:47
Trachemys scripta elegans,Texas,29.697133,-95.447297,4.0,2023-04-28T18:11
Trachemys scripta elegans,Texas,29.765222,-95.606008,43406.0,2023-04-12T18:35
Trachemys scripta elegans,Texas,33.057865,-95.093021,553.0,2023-04-13T12:24
Trachemys scripta elegans,Texas,29.573111,-94.39001,200.0,2023-04-23T11:34
Trachemys scripta elegans,Texas,30.192682,-95.558828,5.0,2023-04-27T19:49:07
Trachemys scripta elegans,Texas,29.765121,-95.452423,57.0,2023-04-28T14:40:32
Trachemys scripta elegans,Texas,29.802994,-95.6994,,2023-04-24T18:06
Trachemys scripta elegans,Louisiana,30.651004,-91.197618,15.0,2023-04-28T15:13
Trachemys scripta elegans,Texas,29.617412,-94.544619,166.0,2023-04-22T12:29
Trachemys scripta elegans,Texas,30.58517,-96.300797,283.0,2023-04-28T20:58
Trachemys scripta elegans,Louisiana,30.322255,-89.750533,4.0,2023-04-28T11:47:53
Trachemys scripta elegans,Alabama,33.509608,-86.810005,1.0,2023-04-26T16:03
Trachemys scripta elegans,Texas,29.781801,-95.825735,200.0,2023-04-08T01:03
Trachemys scripta elegans,Texas,29.716954,-95.390249,,2023-04-25T18:20:19
Trachemys scripta elegans,Texas,29.681587,-95.936271,26.0,2019-05-20T10:22:53Z
Trachemys scripta elegans,Texas,29.717637,-95.392288,4.0,2023-04-28T13:08:28
Trachemys scripta elegans,Texas,29.671511,-96.270328,61.0,2023-04-26T12:19
Trachemys scripta elegans,Texas,32.315328,-95.25273,15.0,2023-04-28T13:36
Trachemys scripta elegans,Texas,29.901131,-95.81459,1425.0,2023-03-25T20:11
Trachemys scripta elegans,Texas,29.5401,-95.375345,4.0,2023-04-28T07:16:33
Trachemys scripta elegans,Texas,29.841398,-95.080222,29433.0,2023-04-20T12:35:09
Trachemys scripta elegans,Texas,29.337216,-95.289411,198.0,2023-04-28T13:26
Trachemys scripta elegans,Texas,29.923461,-94.798848,1978.0,2023-04-21T11:46
Trachemys scripta elegans,Texas,29.804471,-95.819789,184.0,2023-04-22T22:50
Trachemys scripta elegans,Texas,29.612649,-95.084391,,2023-04-28T12:34:28
Trachemys scripta elegans,Texas,29.776292,-95.390013,17.0,2023-04-19T10:33:42
Trachemys scripta elegans,Texas,29.717547,-95.393355,3.0,2023-04-28T13:10:27
Trachemys scripta elegans,Texas,30.560472,-96.273012,12.0,2023-04-27T13:13
Trachemys scripta elegans,Texas,29.503363,-94.978885,263.0,2023-04-28T08:56:19
Trachemys scripta elegans,Texas,32.628881,-95.462818,4.0,2023-04-24T14:57
Trachemys scripta elegans,Texas,29.806641,-95.765534,858.0,2023-04-14T20:58
Trachemys scripta elegans,Texas,30.590286,-96.327795,22.0,2023-04-24T13:55:40
Trachemys scripta elegans,Texas,33.287752,-95.673753,270.0,2023-04-12T11:48
Trachemys scripta elegans,Texas,29.920878,-95.845657,,2023-04-22T10:24
Trachemys scripta elegans,Texas,29.714797,-94.632203,4.0,2023-04-22T10:21:15
Trachemys scripta elegans,Texas,29.605383,-94.549012,5.0,2023-04-22T09:36:47
Trachemys scripta elegans,Texas,29.714033,-95.391799,4.0,2023-04-22T12:29
Trachemys scripta elegans,Texas,29.76716,-95.431691,203.0,2023-04-24T11:35
Trachemys scripta elegans,Texas,29.767015,-95.450594,68.0,2023-04-24T16:31:05
Trachemys scripta elegans,Texas,29.614405,-94.539275,4.0,2023-04-22T10:13:19
Trachemys scripta elegans,Texas,33.287752,-95.673753,270.0,2023-04-11T16:18
Trachemys scripta elegans,Louisiana,30.248005,-92.667297,4.0,2023-04-23T11:40:26
Trachemys scripta elegans,Texas,29.6048,-94.55027,4.0,2023-04-22T09:34:47
Trachemys scripta elegans,Texas,29.571392,-94.388712,19.0,2023-04-22T15:27:30
Trachemys scripta elegans,Texas,29.717091,-95.390497,15.0,2023-04-22T15:47
Trachemys scripta elegans,Texas,29.688098,-95.602075,144.0,2023-04-19T16:54:35
Trachemys scripta elegans,Texas,29.72363,-95.34063,57.0,2023-04-18T17:36:35
Trachemys scripta elegans,Louisiana,30.370179,-91.104921,15.0,2023-04-20T14:39
Trachemys scripta elegans,Oklahoma,36.320653,-96.112839,3.0,2023-04-19T14:53:36
Trachemys scripta elegans,Louisiana,29.989302,-90.094342,485.0,2018-06-25T21:43
Trachemys scripta elegans,Oklahoma,36.151288,-95.945374,22.0,2023-04-11T13:41:47
Trachemys scripta elegans,Texas,29.761033,-95.375947,4.0,2023-04-12T11:22
Trachemys scripta elegans,Missouri,37.049863,-93.274054,95.0,2023-04-17T11:55:38
Trachemys scripta elegans,Texas,29.698105,-93.947971,195.0,2023-04-15T09:34
Trachemys scripta elegans,South Carolina,34.634766,-82.822468,28790.0,2023-04-21T15:04:42
Trachemys scripta elegans,Texas,30.12307,-94.004364,14.0,2023-04-09T15:51:48
Trachemys scripta elegans,Mississippi,32.390704,-89.170836,29120.0,2023-04-17T16:28
Trachemys scripta elegans,Texas,33.288504,-95.657677,191.0,2023-04-13T15:06
Trachemys scripta elegans,Alabama,30.401517,-88.27202,4.0,2023-04-24T10:43:40
Trachemys scripta elegans,Texas,29.72438,-95.627219,3.0,2023-04-19T13:47:35
Trachemys scripta elegans,Texas,29.698751,-93.949403,15.0,2023-03-23T10:59
Trachemys scripta elegans,Texas,29.765236,-95.452058,32.0,2023-04-22T17:28:34
Trachemys scripta elegans,Texas,29.802787,-95.696664,205.0,2023-04-16T01:12
Trachemys scripta elegans,Texas,29.766927,-95.431305,56.0,2023-04-24T11:35
Trachemys scripta elegans,Texas,29.37388,-95.622848,11.0,2023-04-17T14:59
Trachemys scripta elegans,Texas,29.614242,-94.539305,103.0,2023-04-22T10:11:55
Trachemys scripta elegans,Texas,29.556848,-95.565696,499.0,2023-04-21T11:25:38
Trachemys scripta elegans,Texas,29.604758,-94.550378,4.0,2023-04-22T09:34:41
Trachemys scripta elegans,Texas,29.73376,-95.952431,29458.0,2023-04-22T12:28:04
Trachemys scripta elegans,Texas,30.59218,-96.336555,,2023-04-21T15:46:21
Trachemys scripta elegans,Texas,29.765708,-95.451083,248.0,2023-04-21T11:49
Trachemys scripta elegans,Texas,29.614325,-94.5392,37.0,2023-04-22T09:54:55
Trachemys scripta elegans,Texas,32.315575,-95.253212,4.0,2023-04-22T17:15:06
Trachemys scripta elegans,Texas,29.724162,-95.34071,,2023-04-24T16:05:40
Trachemys scripta elegans,Texas,32.631194,-95.459028,4.0,2023-04-24T14:11
Trachemys scripta elegans,Texas,32.629421,-95.463074,3.0,2023-04-24T15:40
Trachemys scripta elegans,Texas,33.287752,-95.673753,270.0,2023-04-11T16:20
Trachemys scripta elegans,Georgia,33.853432,-84.01693,7469.0,2023-04-18T20:47:39
Trachemys scripta elegans,Texas,29.570872,-94.386383,5.0,2023-04-22T15:43:51
Trachemys scripta elegans,Louisiana,32.58487,-93.693978,4.0,2023-04-23T11:29
Trachemys scripta elegans,Texas,30.618259,-96.304132,16.0,2023-04-24T12:43:27
Trachemys scripta elegans,Texas,33.009172,-94.701925,15.0,2023-01-05T13:40
Trachemys scripta elegans,Texas,29.766953,-95.432121,4.0,2023-03-14T12:48:20
Trachemys scripta elegans,Texas,29.573873,-94.389962,,2023-04-21T15:40:19
Trachemys scripta elegans,Oklahoma,35.863633,-96.114075,4.0,2023-04-20T13:38:08
Trachemys scripta elegans,Texas,33.009655,-94.699637,34.0,2023-01-05T13:05
Trachemys scripta elegans,Texas,29.96053,-93.989778,4.0,2023-04-20T18:51:29
Trachemys scripta elegans,Texas,29.806641,-95.765534,858.0,2023-04-09T23:16
Trachemys scripta elegans,Louisiana,30.391895,-90.115092,17.0,2023-04-20T12:10
Trachemys scripta elegans,Texas,29.778903,-95.250908,133.0,2023-04-18T18:11:48
Trachemys scripta elegans,Texas,29.754301,-95.708806,253.0,2023-04-22T10:43:38
Trachemys scripta elegans,Texas,30.282758,-94.530565,41.0,2023-04-09T21:21:22
Trachemys scripta elegans,Louisiana,30.370318,-91.105522,15.0,2023-04-20T15:29
Trachemys scripta elegans,Texas,29.370962,-95.631921,193.0,2023-04-20T12:02
Trachemys scripta elegans,Texas,29.145345,-95.292334,203.0,2023-04-14T07:41:47
Trachemys scripta elegans,Texas,29.573947,-94.389938,4.0,2023-04-21T15:34:11
Trachemys scripta elegans,Texas,29.635167,-95.660529,201.0,2023-04-16T12:42
Trachemys scripta elegans,Arkansas,34.065031,-93.082918,20.0,2023-04-21
Trachemys scripta elegans,Florida,30.057762,-81.817654,896.0,2023-04-14T16:06:34
Trachemys scripta elegans,Texas,29.766908,-95.452181,,2023-04-13T19:35
Trachemys scripta elegans,Arkansas,35.256947,-91.717632,29.0,2023-04-08T11:30:40
Trachemys scripta elegans,Texas,29.762469,-95.449981,,2023-04-13T18:24
Trachemys scripta elegans,Louisiana,32.446807,-93.672711,4.0,2023-04-16T15:42
Trachemys scripta elegans,Texas,32.31523,-95.252639,13.0,2023-04-12T16:08:09
Trachemys scripta elegans,Texas,30.007077,-94.141527,15.0,2023-04-13T09:56
Trachemys scripta elegans,Missouri,37.882954,-93.314011,1183.0,2022-10-14T15:07:43
Trachemys scripta elegans,Texas,29.57342,-94.39024,200.0,2023-04-01T09:24
Trachemys scripta elegans,Texas,29.756595,-95.510742,16.0,2023-04-11T14:44:23
Trachemys scripta elegans,Arkansas,33.805878,-92.455742,13.0,2023-04-05T09:20:21
Trachemys scripta elegans,Texas,29.718772,-95.392455,4.0,2023-04-05T13:45:01
Trachemys scripta elegans,Texas,29.635167,-95.660529,201.0,2023-04-16T11:07
Trachemys scripta elegans,Texas,29.546523,-95.410136,51.0,2023-04-15T11:05:01
Trachemys scripta elegans,Texas,29.766862,-95.450533,3.0,2023-04-13T11:17:11
Trachemys scripta elegans,Texas,29.566095,-94.389382,488.0,2023-04-02T08:21
Trachemys scripta elegans,Texas,32.62867,-95.462922,17.0,2023-04-12T10:53:29
Trachemys scripta elegans,Texas,29.895667,-95.552303,29433.0,2023-04-11T09:55:19
Trachemys scripta elegans,Texas,29.714453,-95.38617,4.0,2023-04-16T14:35:51
Trachemys scripta elegans,Oklahoma,36.219815,-95.922569,31.0,2023-04-13T14:38
Trachemys scripta elegans,Texas,29.717328,-95.392897,4.0,2023-03-13T17:13:12
Trachemys scripta elegans,Texas,29.737261,-95.705981,4.0,2023-04-13T15:53:33
Trachemys scripta elegans,Texas,29.700338,-95.558092,,2023-04-12T12:29
Trachemys scripta elegans,Texas,30.592526,-96.336271,3.0,2023-04-17T13:58:19
Trachemys scripta elegans,Oklahoma,36.225144,-95.897074,15.0,2023-04-13T15:58
Trachemys scripta elegans,Texas,29.820523,-95.612038,4.0,2023-04-14T14:52:23
Trachemys scripta elegans,Texas,29.635167,-95.660529,201.0,2023-04-16T09:50
Trachemys scripta elegans,Louisiana,30.649262,-91.199962,,2023-04-15T08:10:39
Trachemys scripta elegans,Texas,32.315228,-95.252725,4.0,2023-04-12T16:04:33
Trachemys scripta elegans,Florida,30.269264,-81.637606,265.0,2023-04-12T13:25
Trachemys scripta elegans,Louisiana,30.369313,-91.104883,2.0,2023-04-14T14:11
Trachemys scripta elegans,Texas,29.806641,-95.765534,858.0,2023-03-27T19:28
Trachemys scripta elegans,South Carolina,34.08556,-81.133354,,2023-04-13T09:32
Trachemys scripta elegans,Texas,32.315212,-95.252678,3.0,2023-04-13T16:41:37
Trachemys scripta elegans,Texas,29.713258,-95.839505,,2023-01-08T14:24
Trachemys scripta elegans,Texas,32.726166,-95.207443,45.0,2023-04-03T11:16:57
Trachemys scripta elegans,Texas,29.764939,-95.45215,,2023-04-15T16:58
Trachemys scripta elegans,Texas,29.65,-94.552748,31.0,2023-04-11T13:59
Trachemys scripta elegans,Louisiana,30.273792,-92.605462,4.0,2023-04-13T18:00:55
Trachemys scripta elegans,Oklahoma,35.828739,-95.721237,,2023-04-03T10:41
Trachemys scripta elegans,Texas,30.026763,-95.295211,9.0,2023-04-08T15:34:28
Trachemys scripta elegans,Texas,29.588986,-95.760199,11604.0,2023-03-31T10:42:46
Trachemys scripta elegans,Louisiana,31.752509,-93.087013,4.0,2023-04-16T13:04
Trachemys scripta elegans,Texas,29.75702,-95.685351,960.0,2023-04-13T15:07:11
Trachemys scripta elegans,Texas,29.57342,-94.39024,200.0,2023-04-01T09:29
Trachemys scripta elegans,Louisiana,30.388813,-89.697342,3.0,2023-04-14T10:54:16
Trachemys scripta elegans,Texas,29.370962,-95.631921,193.0,2023-04-13T11:18
Trachemys scripta elegans,Arkansas,36.097458,-90.47615,4.0,2023-04-16T15:04:32
Trachemys scripta elegans,Texas,32.628647,-95.462922,3.0,2023-04-12T10:54:47
Trachemys scripta elegans,Kentucky,37.085133,-88.931177,4.0,2023-04-16T12:28
Trachemys scripta elegans,North Carolina,35.194794,-80.845207,16.0,2023-04-11T20:32:14
Trachemys scripta elegans,Texas,30.007028,-94.141726,4.0,2023-04-13T10:19
Trachemys scripta elegans,Texas,32.315929,-95.252974,4.0,2023-04-12T16:03:11
Trachemys scripta elegans,Georgia,34.032506,-84.66037,15.0,2023-04-16T17:06:21
Trachemys scripta elegans,Texas,32.315934,-95.253279,5.0,2023-04-12T12:22:59
Trachemys scripta elegans,Oklahoma,36.150575,-95.917303,15.0,2023-04-11T14:20
Trachemys scripta elegans,Texas,31.373389,-94.729332,27.0,2023-04-18
Trachemys scripta elegans,Texas,29.725497,-95.764207,372.0,2023-04-18T10:24
Trachemys scripta elegans,Texas,31.355769,-94.727171,70.0,2023-04-14
Trachemys scripta elegans,Tennessee,35.944405,-83.937797,5.0,2023-04-15T12:28:42
Trachemys scripta elegans,Texas,30.007036,-94.141765,4.0,2023-04-13T10:16:34
Trachemys scripta elegans,Tennessee,35.956729,-83.868509,4.0,2023-04-10T13:10
Trachemys scripta elegans,Texas,29.666707,-96.278755,,2023-04-16T12:18
Trachemys scripta elegans,Texas,32.315308,-95.253212,7.0,2023-04-10T13:10:25
Trachemys scripta elegans,Florida,29.64375,-82.323775,4.0,2023-04-08T10:25:33
Trachemys scripta elegans,Arkansas,35.365273,-90.236975,28.0,2022-12-03T09:27:52
Trachemys scripta elegans,Texas,30.026651,-95.295102,9.0,2023-04-08T15:27:24
Trachemys scripta elegans,Texas,30.558827,-96.209252,,2023-04-11T11:46:01
Trachemys scripta elegans,Texas,29.144974,-95.040528,15.0,2023-04-13T10:25
Trachemys scripta elegans,Texas,31.372794,-94.728223,28.0,2023-04-13
Trachemys scripta elegans,Georgia,33.875704,-84.450185,22.0,2023-02-28T14:00:15
Trachemys scripta elegans,Georgia,33.94462,-83.37397,5.0,2023-04-04T09:14:56
Trachemys scripta elegans,Texas,29.913139,-95.684184,4.0,2023-04-09T18:09
Trachemys scripta elegans,Mississippi,30.45828,-88.688986,784.0,2023-04-07T14:12
Trachemys scripta elegans,Texas,29.701087,-95.820488,,2020-10-18T18:24:51Z
Trachemys scripta elegans,Florida,30.040383,-81.714929,303.0,2023-03-22T18:06:37
Trachemys scripta elegans,Texas,29.60274,-94.555988,,2023-04-07T14:02:27
Trachemys scripta elegans,Texas,29.595403,-95.072673,,2023-04-02T14:19
Trachemys scripta elegans,Oklahoma,36.123558,-95.969138,23.0,2023-04-08T16:35:21
Trachemys scripta elegans,Texas,29.713788,-95.622005,197.0,2023-04-09T11:17
Trachemys scripta elegans,Texas,30.607403,-96.352095,22.0,2023-04-10T12:35:19
Trachemys scripta elegans,Florida,30.042804,-81.327465,6.0,2023-04-07T15:12
Trachemys scripta elegans,Kentucky,37.177324,-89.019721,15.0,2023-04-08T13:05
Trachemys scripta elegans,Texas,29.724284,-95.340856,24.0,2023-04-10T12:55:29
Trachemys scripta elegans,Arkansas,36.336277,-94.099846,,2023-04-11T13:18:39
Trachemys scripta elegans,Texas,29.060331,-95.267983,3.0,2023-04-09T12:35:09
Trachemys scripta elegans,Texas,29.766951,-95.452195,5.0,2023-04-11T16:03:24
Trachemys scripta elegans,Texas,29.589398,-95.591826,149.0,2023-04-10T09:06
Trachemys scripta elegans,Texas,30.607157,-96.35237,22.0,2023-04-10T12:41:21
Trachemys scripta elegans,Texas,29.657621,-94.546605,199.0,2023-04-05T11:32
Trachemys scripta elegans,Texas,30.026696,-95.295079,22.0,2023-04-08T15:36:55
Trachemys scripta elegans,Texas,29.524702,-95.807586,187.0,2023-04-05T10:38
Trachemys scripta elegans,Tennessee,35.862772,-83.555745,211.0,2023-04-05T10:21:25
Trachemys scripta elegans,Texas,29.827028,-95.624528,4.0,2023-04-08T16:40:23
Trachemys scripta elegans,Arkansas,33.23619,-94.008902,4.0,2023-03-25T09:30
Trachemys scripta elegans,Tennessee,36.512412,-87.025784,3.0,2023-04-03T10:15:17
Trachemys scripta elegans,Arkansas,35.996929,-94.187166,1304.0,2021-07-02T17:48:33
Trachemys scripta elegans,Texas,29.217613,-94.934444,300.0,2023-04-03T10:45
Trachemys scripta elegans,Texas,29.633866,-95.656393,50.0,2023-04-01T12:12
Trachemys scripta elegans,Texas,31.376566,-94.725867,56.0,2023-04-08
Trachemys scripta elegans,Tennessee,36.225376,-89.541144,61.0,2023-04-04T10:10
Trachemys scripta elegans,Texas,29.766881,-95.451939,,2023-04-08T14:17
Trachemys scripta elegans,Texas,29.887375,-95.729767,29433.0,2023-04-05T09:35:48
Trachemys scripta elegans,Louisiana,31.669737,-91.511169,35.0,2023-04-08T13:37:59
Trachemys scripta elegans,Texas,30.025349,-95.294497,8.0,2023-04-08T18:01:54
Trachemys scripta elegans,Texas,29.701886,-95.662725,27.0,2023-04-04T11:44:56
Trachemys scripta elegans,Texas,29.09017,-96.159627,8.0,2023-04-01T08:02
Trachemys scripta elegans,Arkansas,33.818665,-92.433853,44.0,2023-04-05T09:20:21
Trachemys scripta elegans,Texas,30.846245,-94.170855,8.0,2023-03-31T11:24
Trachemys scripta elegans,Texas,32.631432,-95.459141,4.0,2023-04-01T13:48
Trachemys scripta elegans,Louisiana,29.971891,-91.970675,197.0,2023-03-01T14:04
Trachemys scripta elegans,Texas,29.633722,-95.663911,,2023-04-03T12:41
Trachemys scripta elegans,Texas,32.273091,-94.568073,4.0,2023-03-30T14:18
Trachemys scripta elegans,Texas,30.675549,-94.390031,4.0,2023-04-01T13:33
Trachemys scripta elegans,Texas,30.432979,-94.842074,2.0,2023-04-01T10:27
Trachemys scripta elegans,Texas,30.438325,-94.82562,2.0,2023-04-01T11:12
Trachemys scripta elegans,Louisiana,29.971891,-91.970675,197.0,2023-03-01T12:41
Trachemys scripta elegans,Texas,29.698958,-95.561881,,2023-04-04T13:49:13
Trachemys scripta elegans,Texas,32.273007,-94.568242,4.0,2023-03-30T14:17
Trachemys scripta elegans,Texas,29.806641,-95.765534,858.0,2023-03-23T00:13
Trachemys scripta elegans,Texas,30.439286,-94.826255,15.0,2023-04-01T10:23
Trachemys scripta elegans,Texas,30.432985,-94.842052,2.0,2023-04-01T10:27
Trachemys scripta elegans,Texas,29.571968,-94.38717,200.0,2023-04-01T12:33:17
Trachemys scripta elegans,Texas,30.438375,-94.825573,2.0,2023-04-01T11:12
Trachemys scripta elegans,Arkansas,36.209847,-90.717245,6342.0,2023-04-02T13:58
Trachemys scripta elegans,Louisiana,29.971891,-91.970675,197.0,2023-03-01T13:25
Trachemys scripta elegans,Tennessee,36.551921,-87.305413,39.0,2023-03-30T12:23
Trachemys scripta elegans,Louisiana,31.965492,-93.993058,4.0,2023-03-30T15:36:15
Trachemys scripta elegans,Texas,31.357457,-94.726229,180.0,2023-03-26
Trachemys scripta elegans,Arkansas,34.843048,-92.04804,35.0,2023-03-26T14:15:41
Trachemys scripta elegans,Mississippi,30.36413,-89.182442,52.0,2023-03-21T14:19:27
Trachemys scripta elegans,Texas,29.761206,-95.44913,727.0,2023-03-23T13:38
Trachemys scripta elegans,Texas,29.806641,-95.765534,858.0,2023-02-22T20:48
Trachemys scripta elegans,Texas,30.403038,-95.356775,6.0,2023-03-25T11:36:08
Trachemys scripta elegans,Texas,29.544667,-95.309431,56.0,2023-03-23T10:34
Trachemys scripta elegans,Oklahoma,33.894269,-94.752358,23.0,2023-03-24T16:30:27
Trachemys scripta elegans,Louisiana,30.390098,-90.11179,753.0,2023-03-25T12:28:55
Trachemys scripta elegans,Texas,29.060356,-95.267997,4.0,2023-03-04T14:47:48
Trachemys scripta elegans,Texas,29.374119,-95.615209,,2023-03-22T11:27
Trachemys scripta elegans,Texas,29.060525,-95.267687,2.0,2023-03-21T11:40:15
Trachemys scripta elegans,Texas,30.714851,-95.552116,5.0,2020-06-29T09:46:42Z
Trachemys scripta elegans,Texas,30.063731,-95.532797,6.0,2020-05-12T08:43:24Z
Trachemys scripta elegans,Arkansas,35.927591,-91.093308,220.0,2022-05-30T15:38:34
Trachemys scripta elegans,Louisiana,30.283705,-92.598907,29382.0,2023-03-22T15:54:43
Trachemys scripta elegans,Texas,32.297303,-95.744103,5.0,2020-06-05T10:29:36Z
Trachemys scripta elegans,Texas,30.16467,-95.488913,64.0,2020-06-10T16:01:15Z
Trachemys scripta elegans,Texas,29.7899,-94.910039,65.0,2020-06-10T21:23:08Z
Trachemys scripta elegans,Texas,29.838342,-95.446517,5.0,2020-04-24T18:25:28Z
Trachemys scripta elegans,Texas,29.216372,-94.935398,,2023-03-31T14:35
Trachemys scripta elegans,Texas,30.438348,-94.825616,2.0,2023-04-01T11:12
Trachemys scripta elegans,Louisiana,30.029055,-89.961433,,2023-04-01T13:56
Trachemys scripta elegans,Louisiana,29.971891,-91.970675,197.0,2023-03-01T13:18
Trachemys scripta elegans,Texas,30.007081,-94.141471,8.0,2023-04-02T11:09
Trachemys scripta elegans,Louisiana,30.29745,-89.923033,4.0,2023-04-01T19:14:43
Trachemys scripta elegans,Texas,32.273113,-94.568254,4.0,2023-03-30T14:16
Trachemys scripta elegans,Texas,32.273534,-94.568463,8.0,2023-03-30T14:13
Trachemys scripta elegans,Texas,30.869947,-94.174157,4.0,2023-03-31T11:25
Trachemys scripta elegans,Texas,30.438745,-94.825781,4.0,2023-04-01T11:08
Trachemys scripta elegans,Georgia,33.929266,-83.374045,,2023-03-31T12:27
Trachemys scripta elegans,Tennessee,36.286962,-82.403232,41.0,2023-04-01T16:59:25
Trachemys scripta elegans,Texas,30.852912,-94.168005,4.0,2023-04-01T16:24
Trachemys scripta elegans,Texas,30.852942,-94.170279,4.0,2023-04-01T16:26
Trachemys scripta elegans,Texas,29.771006,-95.568792,,2023-03-30T17:56
Trachemys scripta elegans,Texas,32.273071,-94.567876,4.0,2023-03-30T14:17
Trachemys scripta elegans,Texas,29.765059,-95.45221,9.0,2023-04-03T16:58:42
Trachemys scripta elegans,South Carolina,34.675067,-82.820938,4.0,2023-04-03T14:27:07
Trachemys scripta elegans,Tennessee,36.551817,-87.305311,24.0,2023-04-02T14:45
Trachemys scripta elegans,Texas,29.590467,-95.112611,4.0,2023-04-01T09:19:37
Trachemys scripta elegans,Alabama,30.706249,-88.158763,103.0,2023-04-03T14:30
Trachemys scripta elegans,Texas,30.809325,-94.339745,31.0,2023-04-01T12:50
Trachemys scripta elegans,Tennessee,36.551622,-87.304426,19.0,2023-04-02T15:02
Trachemys scripta elegans,Tennessee,35.30008,-89.752065,46.0,2023-03-26T12:04:57
Trachemys scripta elegans,Louisiana,30.651115,-91.197365,,2023-04-03T13:48:42
Trachemys scripta elegans,Louisiana,29.971891,-91.970675,197.0,2023-03-01T14:13
Trachemys scripta elegans,Texas,29.806641,-95.765534,858.0,2023-03-03T22:20
Trachemys scripta elegans,Texas,32.315322,-95.252762,4.0,2023-02-28T17:59:50
Trachemys scripta elegans,Oklahoma,36.172455,-94.669907,4.0,2023-03-30T17:30:18
Trachemys scripta elegans,Louisiana,30.533815,-91.158339,30.0,2023-03-24T09:52:32
Trachemys scripta elegans,Texas,29.42347,-95.240219,1.0,2023-03-22T11:14
Trachemys scripta elegans,Louisiana,32.52662,-92.144731,3.0,2023-03-26T08:40
Trachemys scripta elegans,Louisiana,30.219117,-92.161919,6.0,2023-03-24T11:16:50
Trachemys scripta elegans,South Carolina,34.736612,-82.943338,28790.0,2023-03-28T15:47:48
Trachemys scripta elegans,North Carolina,35.5268,-82.969908,122.0,2023-03-24T18:24
Trachemys scripta elegans,Texas,29.7203,-95.390872,22.0,2023-03-24T09:08:35
Trachemys scripta elegans,Mississippi,33.740059,-90.971984,10.0,2023-03-22T13:25
Trachemys scripta elegans,South Carolina,34.656879,-82.935805,28790.0,2023-03-28T15:49:06
Trachemys scripta elegans,Alabama,34.569767,-86.84983,4.0,2023-03-25T11:31:10
Trachemys scripta elegans,Louisiana,30.322274,-89.750605,5.0,2023-03-28T14:49:54
Trachemys scripta elegans,Arkansas,34.939119,-92.419818,,2023-03-30T18:13:01
Trachemys scripta elegans,Texas,29.806641,-95.765534,858.0,2023-03-10T21:36
Trachemys scripta elegans,Tennessee,36.551595,-87.304819,37.0,2023-03-23T12:48
Trachemys scripta elegans,Louisiana,30.24519,-92.590312,29382.0,2023-03-23T13:34:44
Trachemys scripta elegans,Arkansas,34.989212,-92.382713,10.0,2023-03-28T11:53:37
Trachemys scripta elegans,Louisiana,29.971891,-91.970675,197.0,2023-03-01T12:36
Trachemys scripta elegans,Kentucky,37.966181,-84.59223,4.0,2020-09-22T11:48
Trachemys scripta elegans,Texas,29.771549,-95.569986,8.0,2023-03-26T14:22
Trachemys scripta elegans,Louisiana,30.170243,-91.374403,,2023-03-29T15:58
Trachemys scripta elegans,Florida,30.195545,-81.366415,7.0,2023-03-24T14:26:06
Trachemys scripta elegans,Arkansas,33.11625,-93.796638,4.0,2023-03-26T12:48:47
Trachemys scripta elegans,Texas,29.76675,-95.441047,3336.0,2023-03-23T08:04
Trachemys scripta elegans,Texas,30.603089,-96.360072,,2023-03-30T16:57:35
Trachemys scripta elegans,Georgia,33.936586,-84.442003,,2023-03-30T14:07:53
Trachemys scripta elegans,Louisiana,29.971891,-91.970675,197.0,2023-03-01T12:26
Trachemys scripta elegans,Tennessee,36.151923,-86.81343,34.0,2023-03-26T12:12
Trachemys scripta elegans,Georgia,30.864367,-83.302937,156.0,2023-03-27T10:45:35
Trachemys scripta elegans,Oklahoma,36.222938,-95.89994,511.0,2023-03-27T22:16
Trachemys scripta elegans,South Carolina,34.930667,-82.441158,,2023-03-21T16:58:50
Trachemys scripta elegans,Texas,32.62947,-95.462924,25.0,2020-10-02T11:45
Trachemys scripta elegans,Texas,29.68713,-95.677677,20.0,2020-05-10T16:26:35Z
Trachemys scripta elegans,Louisiana,30.342675,-92.556111,29382.0,2023-03-22T16:19:45
Trachemys scripta elegans,Texas,30.14767,-95.673721,12.0,2020-05-02T16:47:52
Trachemys scripta elegans,Texas,29.741712,-95.812164,15.0,2020-05-31T11:50:04Z
Trachemys scripta elegans,Texas,29.060372,-95.268005,4.0,2023-03-21T14:33:34
Trachemys scripta elegans,Texas,32.316271,-95.25097,1601006.0,2023-03-22T16:12:36
Trachemys scripta elegans,Texas,30.034451,-95.569657,32.0,2020-06-16T11:43:38Z
Trachemys scripta elegans,Texas,32.316271,-95.25097,194.0,2023-03-22T16:27:21
Trachemys scripta elegans,Texas,29.060367,-95.268005,4.0,2023-03-21T14:33:45
Trachemys scripta elegans,Kentucky,37.375053,-84.353577,36.0,2020-05-25T14:53:41
Trachemys scripta elegans,Texas,29.060367,-95.267997,4.0,2023-03-21T14:33:42
Trachemys scripta elegans,Texas,29.995767,-95.657019,,2022-04-02T13:44:20
Trachemys scripta elegans,Texas,31.373435,-94.72951,28.0,2023-03-20
Trachemys scripta elegans,Louisiana,29.923733,-90.131407,211.0,2017-12-23T15:44
Trachemys scripta elegans,Texas,29.033858,-95.434386,11677.0,2023-03-13T18:22
Trachemys scripta elegans,Alabama,32.672418,-85.496009,47561.0,2023-03-16T18:08:33
Trachemys scripta elegans,Texas,29.589398,-95.591826,149.0,2023-03-16T09:01
Trachemys scripta elegans,Alabama,30.699513,-88.18393,5.0,2023-03-15T14:18:42
Trachemys scripta elegans,Texas,29.373789,-95.622959,24.0,2023-03-15T16:52:46
Trachemys scripta elegans,Texas,29.743234,-95.685604,2936.0,2023-03-20T14:37:03
Trachemys scripta elegans,Alabama,30.697485,-88.177232,35.0,2023-03-19T15:17:39
Trachemys scripta elegans,Texas,31.623062,-94.642905,4.0,2023-03-21T10:47:58
Trachemys scripta elegans,Texas,29.781431,-95.509964,4.0,2023-03-19T12:24
Trachemys scripta elegans,Florida,30.418635,-86.597433,2.0,2023-03-15T13:37
Trachemys scripta elegans,Florida,30.418653,-86.597613,2.0,2023-03-15T13:34
Trachemys scripta elegans,Florida,30.3976,-86.591157,2.0,2023-03-15T14:31
Trachemys scripta elegans,Louisiana,30.649852,-91.199463,5.0,2023-03-21T12:22:38
Trachemys scripta elegans,Texas,29.710998,-95.833533,,2023-01-08T13:04
Trachemys scripta elegans,Texas,29.760655,-95.401968,,2023-03-15T11:10
Trachemys scripta elegans,Texas,29.712594,-95.83733,15.0,2023-01-08T12:49
Trachemys scripta elegans,Texas,29.723985,-95.629783,,2023-03-13T13:02
Trachemys scripta elegans,Texas,29.976363,-95.661805,4.0,2023-03-15T14:58:21
Trachemys scripta elegans,Texas,29.976187,-95.66146,41.0,2023-03-15T15:10:45
Trachemys scripta elegans,Texas,29.712743,-95.837701,15.0,2023-01-08T12:50
Trachemys scripta elegans,Texas,32.14289,-95.486134,10.0,2020-04-16T14:20:53Z
Trachemys scripta elegans,Louisiana,30.649896,-91.198408,,2023-03-16T14:39:29
Trachemys scripta elegans,Texas,29.72299,-95.621994,,2023-03-17T13:54
Trachemys scripta elegans,Texas,29.06512,-95.319054,197.0,2023-03-15T14:21:18
Trachemys scripta elegans,Texas,29.712443,-95.837031,4.0,2023-01-08T12:49
Trachemys scripta elegans,Louisiana,30.080345,-90.076895,84138.0,2023-03-16T11:55:32
Trachemys scripta elegans,Texas,29.707526,-95.389945,50.0,2022-12-18T11:59
Trachemys scripta elegans,Texas,31.42294,-95.765592,8.0,2023-03-11T16:07
Trachemys scripta elegans,Texas,29.06037,-95.267922,4.0,2023-03-02T14:12:44
Trachemys scripta elegans,Texas,30.077589,-94.78692,2366.0,2023-03-05T00:03
Trachemys scripta elegans,Louisiana,32.508361,-92.649853,,2022-07-28T16:01:14
Trachemys scripta elegans,Texas,32.845911,-95.998489,244.0,2023-03-10T11:37
Trachemys scripta elegans,Texas,29.736972,-95.701832,437.0,2023-03-10T09:02
Trachemys scripta elegans,North Carolina,35.689801,-82.56961,216.0,2019-04-27T17:36
Trachemys scripta elegans,Louisiana,30.00358,-92.781958,2.0,2023-03-07T15:48
Trachemys scripta elegans,Tennessee,36.572428,-82.234881,5.0,2023-02-19T15:30
Trachemys scripta elegans,Texas,29.060356,-95.267997,4.0,2023-03-04T14:47:48
Trachemys scripta elegans,Louisiana,30.003586,-92.782013,2.0,2023-03-06T13:00
Trachemys scripta elegans,North Carolina,35.2621,-81.1873,,2021-05-15T12:20:51
Trachemys scripta elegans,Alabama,34.710489,-86.633073,8.0,2023-03-07T11:12
Trachemys scripta elegans,Texas,29.37384,-95.622889,4.0,2023-03-11T13:53:29
Trachemys scripta elegans,North Carolina,35.633599,-82.557894,23.0,2022-05-01T17:26:01
Trachemys scripta elegans,Texas,29.764022,-95.45327,4.0,2023-03-13T18:36:18
Trachemys scripta elegans,North Carolina,35.571908,-80.939207,28677.0,2020-06-26T08:08:48
Trachemys scripta elegans,Louisiana,30.029383,-89.961473,,2023-03-04T10:31
Trachemys scripta elegans,Texas,32.491903,-95.294188,4.0,2023-03-12T16:07:28
Trachemys scripta elegans,South Carolina,34.778179,-82.353345,15.0,2023-03-11T15:44
Trachemys scripta elegans,South Carolina,34.83795,-82.30821,,2022-09-13T10:07
Trachemys scripta elegans,Texas,30.757901,-96.150316,9.0,2023-03-03T15:16:06
Trachemys scripta elegans,Oklahoma,36.230675,-95.890917,71.0,2023-03-09T12:55:17
Trachemys scripta elegans,Texas,33.132378,-95.821062,4.0,2023-03-09T13:39:53
Trachemys scripta elegans,Texas,29.764011,-95.453329,4.0,2023-03-14T12:20:23
Trachemys scripta elegans,Texas,29.766947,-95.452169,5.0,2023-03-14T11:19:47
Trachemys scripta elegans,Louisiana,30.029392,-89.961538,,2023-03-04T10:31
Trachemys scripta elegans,Texas,31.243642,-96.05776,8.0,2023-03-11T12:04
Trachemys scripta elegans,Florida,30.40309,-84.307999,15.0,2023-02-23T15:48
Trachemys scripta elegans,Texas,29.766905,-95.432105,4.0,2023-03-08T08:46:15
Trachemys scripta elegans,Louisiana,30.648522,-91.205525,,2023-03-10T12:09:35
Trachemys scripta elegans,Texas,29.527412,-95.169506,22.0,2023-03-12T18:46:32
Trachemys scripta elegans,Louisiana,30.015082,-92.78514,8.0,2023-03-07T16:09
Trachemys scripta elegans,Louisiana,30.390897,-90.115954,16.0,2023-03-09T13:32
Trachemys scripta elegans,Texas,30.292913,-95.320992,4.0,2023-03-09T08:25:48
Trachemys scripta elegans,Tennessee,36.374414,-86.357221,30.0,2023-03-05T10:50
Trachemys scripta elegans,Tennessee,36.504859,-82.617663,8.0,2023-03-10T14:07
Trachemys scripta elegans,North Carolina,35.63354,-82.55794,,2021-09-30T17:11:22
Trachemys scripta elegans,Texas,29.601988,-94.540633,50.0,2023-02-25T13:40
Trachemys scripta elegans,Texas,29.37421,-95.614872,50.0,2023-02-24T14:14
Trachemys scripta elegans,Alabama,32.597154,-85.484404,3.0,2023-02-26T15:32:15
Trachemys scripta elegans,Texas,32.187013,-95.846192,,2023-03-04T17:30
Trachemys scripta elegans,South Carolina,34.674195,-82.822578,4.0,2023-03-02T11:24:02
Trachemys scripta elegans,Tennessee,35.139105,-89.809521,839.0,2023-03-04T14:03
Trachemys scripta elegans,Texas,31.373503,-94.729309,56.0,2023-03-04
Trachemys scripta elegans,Texas,32.363998,-96.001803,,2023-03-05T14:38
Trachemys scripta elegans,Texas,29.784835,-94.96573,3.0,2023-03-02T08:35:50
Trachemys scripta elegans,Texas,29.765203,-95.450917,1221.0,2023-02-21T11:28:32
Trachemys scripta elegans,Texas,29.784624,-94.965766,5.0,2023-03-02T08:36:05
Trachemys scripta elegans,Texas,29.767874,-95.359292,53.0,2023-03-01T10:45:24
Trachemys scripta elegans,Arkansas,35.328057,-90.222772,15.0,2023-02-18T14:53
Trachemys scripta elegans,Tennessee,36.03613,-89.043076,31.0,2023-03-04T17:02
Trachemys scripta elegans,Oklahoma,34.697698,-94.638475,28790.0,2023-03-06T15:00
Trachemys scripta elegans,Arkansas,35.364983,-90.236817,4.0,2023-03-04T11:13:13
Trachemys scripta elegans,Texas,29.769744,-95.449851,30.0,2023-03-04T14:23
Trachemys scripta elegans,Texas,29.761843,-95.450143,50.0,2023-02-26T13:01
Trachemys scripta elegans,Texas,32.186688,-95.845052,,2023-03-05T11:42
Trachemys scripta elegans,Texas,29.673456,-96.269708,,2023-02-26T14:22
Trachemys scripta elegans,Oklahoma,36.056614,-95.911055,4.0,2023-03-04T12:42:48
Trachemys scripta elegans,Texas,29.766963,-95.432067,4.0,2023-03-04T16:19:01
Trachemys scripta elegans,Texas,29.185802,-96.291107,,2023-02-25T15:51:30
Trachemys scripta elegans,Oklahoma,33.87877,-94.792388,6.0,2023-03-06T10:31
Trachemys scripta elegans,Texas,29.216749,-94.934449,93.0,2023-03-04T10:42:42
Trachemys scripta elegans,Oklahoma,36.071852,-95.654642,,2021-06-16T09:45
Trachemys scripta elegans,Texas,32.186935,-95.846063,,2023-03-04T16:44
Trachemys scripta elegans,Texas,29.735415,-95.691777,,2023-03-03T09:29
Trachemys scripta elegans,Texas,31.625045,-94.641856,7.0,2023-02-22T11:07:56
Trachemys scripta elegans,Florida,29.606695,-82.303362,6.0,2023-03-01T09:15:43
Trachemys scripta elegans,Texas,29.784756,-94.965693,3.0,2023-03-02T08:35:53
Trachemys scripta elegans,Texas,29.772075,-95.569276,141.0,2023-03-04T00:39:51
Trachemys scripta elegans,Texas,29.766767,-95.450547,50.0,2023-02-26T11:55
Trachemys scripta elegans,Texas,32.187002,-95.84499,,2023-03-04T17:03
Trachemys scripta elegans,Texas,29.715781,-95.390321,211.0,2023-02-14T05:40
Trachemys scripta elegans,Tennessee,36.551328,-87.304548,15.0,2023-03-05T10:50
Trachemys scripta elegans,Texas,29.761325,-95.460067,15.0,2023-02-22T14:27:57
Trachemys scripta elegans,South Carolina,34.779217,-82.354553,321.0,2022-03-10T15:28
Trachemys scripta elegans,Texas,29.825233,-95.627019,2475.0,2023-02-26T22:41
Trachemys scripta elegans,Texas,32.364133,-96.001628,,2023-03-05T14:50
Trachemys scripta elegans,Texas,30.506249,-96.207204,6.0,2022-03-25T15:26:07
Trachemys scripta elegans,Texas,29.785776,-95.824509,11154.0,2020-04-10
Trachemys scripta elegans,North Carolina,35.663833,-82.56144,28649.0,2023-03-01T01:21:26
Trachemys scripta elegans,Arkansas,35.364987,-90.236817,4.0,2023-03-04T11:13:15
Trachemys scripta elegans,Texas,30.603141,-96.305711,,2023-03-03T14:55
Trachemys scripta elegans,Texas,30.499487,-95.767769,29356.0,2023-03-04T12:11
Trachemys scripta elegans,Texas,31.37345,-94.729277,56.0,2023-02-28
Trachemys scripta elegans,Louisiana,30.391249,-90.115927,16.0,2023-02-27T13:05
Trachemys scripta elegans,South Carolina,34.6755,-82.821045,4.0,2023-02-27T12:20:25
Trachemys scripta elegans,Texas,29.599456,-95.627717,4.0,2023-02-23T13:05
Trachemys scripta elegans,Alabama,30.248027,-88.086983,33.0,2018-11-05T12:47
Trachemys scripta elegans,Tennessee,35.759603,-83.969287,25.0,2023-02-27T11:00
Trachemys scripta elegans,Texas,29.160634,-96.043004,200.0,2023-02-23T15:55
Trachemys scripta elegans,Arkansas,33.634043,-93.582742,28930.0,2023-02-22T16:03:02
Trachemys scripta elegans,Mississippi,31.646816,-91.210274,31.0,2023-02-26T10:35
Trachemys scripta elegans,Texas,29.713934,-95.392217,53.0,2021-03-11T10:35:11
Trachemys scripta elegans,Texas,29.857768,-95.160229,188.0,2023-02-10T11:58
Trachemys scripta elegans,Texas,29.857768,-95.160229,188.0,2023-02-10T11:10
Trachemys scripta elegans,South Carolina,34.674267,-82.822547,4.0,2023-02-27T12:03:08
Trachemys scripta elegans,Texas,29.599241,-95.62778,1.0,2023-02-23T13:09
Trachemys scripta elegans,Texas,29.599378,-95.627714,1.0,2023-02-23T13:07
Trachemys scripta elegans,Texas,29.656895,-95.46914,88.0,2020-06-01T16:47:20
Trachemys scripta elegans,Texas,31.373537,-94.729317,28.0,2023-02-25
Trachemys scripta elegans,Texas,29.886929,-95.597917,,2023-02-24T12:34:56
Trachemys scripta elegans,Texas,30.748122,-95.472502,9.0,2022-06-04T12:44:31
Trachemys scripta elegans,Texas,29.761004,-95.401682,2.0,2023-02-22T13:34
Trachemys scripta elegans,Texas,29.766873,-95.450624,50.0,2023-02-27T10:06:12
Trachemys scripta elegans,Texas,29.599334,-95.62751,2.0,2023-02-23T13:10
Trachemys scripta elegans,Alabama,30.248027,-88.086977,17.0,2018-11-05T12:43
Trachemys scripta elegans,Texas,29.806641,-95.765534,858.0,2023-02-16T20:47
Trachemys scripta elegans,Alabama,32.597197,-85.484383,19.0,2023-02-26T15:32:10
Trachemys scripta elegans,Texas,29.599287,-95.627769,2.0,2023-02-23T13:10
Trachemys scripta elegans,Arkansas,33.621265,-93.451579,28930.0,2023-02-22T15:47:17
Trachemys scripta elegans,Tennessee,35.851253,-89.212057,8.0,2023-02-27T15:56
Trachemys scripta elegans,Texas,30.55875,-96.209383,,2023-02-22T15:06
Trachemys scripta elegans,Texas,30.292753,-95.32878,4.0,2023-02-23T09:47:19
Trachemys scripta elegans,Louisiana,30.100079,-90.734864,258.0,2018-04-06T11:29:43
Trachemys scripta elegans,Tennessee,35.759586,-83.969265,32.0,2023-02-23T15:39
Trachemys scripta elegans,Texas,29.857768,-95.160229,188.0,2023-02-10T12:01
Trachemys scripta elegans,Texas,30.023353,-95.294061,9.0,2023-02-22T14:34:19
Trachemys scripta elegans,Texas,29.599315,-95.627744,1.0,2023-02-23T13:09
Trachemys scripta elegans,Mississippi,31.646505,-91.209951,61.0,2023-02-21T16:46
Trachemys scripta elegans,Texas,29.6625,-94.545833,,2022-03-09T12:08
Trachemys scripta elegans,Louisiana,30.391917,-90.115894,,2023-02-21T12:41:25
Trachemys scripta elegans,Texas,30.03825,-95.380787,166.0,2023-01-19T14:23
Trachemys scripta elegans,Texas,29.767086,-95.452192,,2023-02-20T17:27
Trachemys scripta elegans,Texas,30.03825,-95.380787,166.0,2023-01-19T14:20
Trachemys scripta elegans,Texas,31.37281,-94.728705,56.0,2023-02-21
Trachemys scripta elegans,Tennessee,35.650907,-86.226076,28649.0,2023-02-20T17:22:27
Trachemys scripta elegans,Texas,30.03825,-95.380787,166.0,2023-01-19T14:20
Trachemys scripta elegans,Texas,29.766617,-95.450569,,2023-02-20T16:42
Trachemys scripta elegans,Texas,30.03825,-95.380787,166.0,2023-01-19T14:20
Trachemys scripta elegans,Louisiana,30.39189,-90.114902,17.0,2023-02-20T13:02
Trachemys scripta elegans,Louisiana,29.942117,-90.121461,4.0,2023-02-20T13:55:41
Trachemys scripta elegans,Texas,30.03825,-95.380787,166.0,2023-01-19T14:20
Trachemys scripta elegans,Illinois,37.302501,-88.966598,,2023-02-21T10:42
Trachemys scripta elegans,Texas,29.393363,-94.890831,,2023-02-20T16:18
Trachemys scripta elegans,Texas,30.03825,-95.380787,166.0,2023-01-19T14:20
Trachemys scripta elegans,Texas,29.766958,-95.452153,,2023-02-20T16:23
Trachemys scripta elegans,Texas,29.919842,-95.675925,7.0,2021-05-01T14:50:07
Trachemys scripta elegans,Louisiana,30.156983,-92.041952,,2021-04-26T12:58
Trachemys scripta elegans,Texas,29.767355,-95.45158,23.0,2023-02-18T03:34
Trachemys scripta elegans,Texas,31.548721,-95.23581,4.0,2023-02-18T10:34
Trachemys scripta elegans,Arkansas,35.000327,-92.759171,31.0,2016-03-14
Trachemys scripta elegans,Louisiana,30.398637,-91.149601,1193.0,2023-02-15T10:48:36
Trachemys scripta elegans,Kentucky,37.917599,-85.658383,31.0,2019-07-08T12:01
Trachemys scripta elegans,Kentucky,37.740506,-87.18122,7.0,2022-03-21T09:00:33
Trachemys scripta elegans,Kentucky,37.646313,-87.229483,8.0,2022-05-10T11:11:57
Trachemys scripta elegans,Louisiana,31.375698,-92.049252,622.0,2023-02-18T13:27:10
Trachemys scripta elegans,Texas,29.766919,-95.432053,4.0,2023-02-18T14:53
Trachemys scripta elegans,Arkansas,35.266409,-91.513712,61.0,2016-03-26
Trachemys scripta elegans,Texas,29.76638,-95.431596,64.0,2023-02-12T16:14:08
Trachemys scripta elegans,Texas,29.766617,-95.450569,,2023-02-20T16:42
Trachemys scripta elegans,Texas,29.766944,-95.4522,,2023-02-20T16:22
Trachemys scripta elegans,Texas,29.374063,-95.616141,,2023-02-12T16:24
Trachemys scripta elegans,Texas,29.373901,-95.622494,,2023-02-12T15:39
Trachemys scripta elegans,Texas,30.20109,-95.541386,2.0,2022-05-14T16:03
Trachemys scripta elegans,Texas,29.337495,-95.288872,4.0,2023-02-12T12:38:47
Trachemys scripta elegans,Alabama,30.31811,-87.700718,94.0,2023-02-11T14:38
Trachemys scripta elegans,Texas,31.374818,-94.728152,400.0,2023-02-14
Trachemys scripta elegans,Texas,32.358477,-96.002118,,2023-02-12T13:59
Trachemys scripta elegans,Oklahoma,35.967229,-95.899292,98.0,2023-02-13T15:40
Trachemys scripta elegans,Tennessee,36.162424,-85.547069,281.0,2020-09-07T16:55
Trachemys scripta elegans,Texas,29.217589,-94.933644,,2023-02-07T16:14
Trachemys scripta elegans,Louisiana,32.578494,-93.623145,,2020-06-29T09:03
Trachemys scripta elegans,Alabama,30.248015,-88.086991,4.0,2021-06-30T12:23
Trachemys scripta elegans,Texas,29.766892,-95.452194,4.0,2023-02-10T13:47
Trachemys scripta elegans,Louisiana,31.169842,-92.490303,6.0,2022-05-12T12:43
Trachemys scripta elegans,Mississippi,30.477841,-88.811943,209.0,2023-02-12T13:51
Trachemys scripta elegans,Tennessee,36.503364,-87.37434,29.0,2020-09-06T10:57:25Z
Trachemys scripta elegans,Louisiana,30.268612,-91.2687,,2022-11-02T13:31
Trachemys scripta elegans,Louisiana,30.213722,-92.018223,51.0,2023-02-08T11:42:35
Trachemys scripta elegans,Louisiana,30.213609,-92.017789,4.0,2023-02-08
Trachemys scripta elegans,Louisiana,32.601566,-92.051019,3.0,2022-01-01T11:47
Trachemys scripta elegans,Kentucky,36.821602,-88.140604,28476.0,2023-01-17T10:46
Trachemys scripta elegans,Alabama,30.248047,-88.087019,13.0,2021-06-30T12:25
Trachemys scripta elegans,Louisiana,30.213842,-92.018311,12.0,2023-02-06T14:27:41
Trachemys scripta elegans,Louisiana,30.10968,-92.811101,1877.0,2017-11-02T16:19
Trachemys scripta elegans,Louisiana,31.170061,-92.490193,6.0,2022-05-12T13:17
Trachemys scripta elegans,Tennessee,35.189003,-89.784269,38.0,2023-02-08T14:31:35
Trachemys scripta elegans,Texas,29.370627,-95.627218,196.0,2023-02-09T10:49
Trachemys scripta elegans,Tennessee,35.136731,-89.83148,605.0,2023-02-07T13:28
Trachemys scripta elegans,Louisiana,32.607114,-92.055504,9.0,2021-04-05T04:42
Trachemys scripta elegans,Louisiana,29.999576,-92.896294,5287.0,2023-01-27T13:28
Trachemys scripta elegans,Texas,29.91775,-95.563344,29433.0,2023-02-07T11:12:43
Trachemys scripta elegans,Tennessee,35.853629,-89.210949,31.0,2023-02-06T12:07
Trachemys scripta elegans,Texas,29.635167,-95.660529,201.0,2023-01-17T20:04
Trachemys scripta elegans,Louisiana,30.214048,-92.017922,216.0,2023-02-07T10:58:07
Trachemys scripta elegans,Louisiana,30.369373,-91.104796,16.0,2022-07-07T12:29
Trachemys scripta elegans,Texas,29.765224,-95.45207,165.0,2023-01-23T22:56
Trachemys scripta elegans,Texas,29.809466,-95.792132,172.0,2023-01-04T04:06
Trachemys scripta elegans,Texas,29.901131,-95.81459,1425.0,2023-01-07T20:49
Trachemys scripta elegans,Texas,29.809466,-95.792132,172.0,2023-01-03T01:46
Trachemys scripta elegans,Tennessee,36.058083,-86.801208,16.0,2021-05-14T11:41
Trachemys scripta elegans,Alabama,30.700199,-88.184616,24.0,2023-02-05T11:46:14
Trachemys scripta elegans,Texas,29.330193,-94.769375,,2023-01-29T12:13
Trachemys scripta elegans,Florida,30.397478,-86.590977,,2023-01-06T11:26:37
Trachemys scripta elegans,Tennessee,35.1413,-89.83542,27.0,2023-01-01
Trachemys scripta elegans,Texas,29.370016,-95.622817,12.0,2020-04-05T13:14:39Z
Trachemys scripta elegans,Texas,29.330216,-94.769414,,2023-01-22T12:56
Trachemys scripta elegans,Texas,29.806641,-95.765534,858.0,2023-01-05T16:15
Trachemys scripta elegans,Texas,29.713528,-95.389952,1783.0,2023-02-05T09:59:14
Trachemys scripta elegans,Arkansas,33.115999,-93.569392,,2021-05-26T14:10:53Z
Trachemys scripta elegans,Florida,30.4186,-86.597746,2.0,2023-01-17T13:47
Trachemys scripta elegans,Texas,29.780489,-95.739337,198.0,2023-01-15T00:10
Trachemys scripta elegans,Texas,29.914225,-95.685758,196.0,2023-01-19T21:30
Trachemys scripta elegans,Arkansas,34.767657,-91.911964,1376.0,2018-03-31T14:10:59
Trachemys scripta elegans,Texas,31.372778,-94.729081,151.0,2023-02-06
Trachemys scripta elegans,North Carolina,35.05666,-80.822878,28734.0,2022-11-12T13:52:03
Trachemys scripta elegans,Texas,29.596638,-95.09006,1866.0,2022-12-30T11:45
Trachemys scripta elegans,Arkansas,35.132782,-92.347885,,2019-04-07T16:18:33Z
Trachemys scripta elegans,Arkansas,33.333515,-93.205691,,2020-04-09T11:42:42Z
Trachemys scripta elegans,Arkansas,33.288431,-93.370445,,2022-04-30T15:00:06
Trachemys scripta elegans,Texas,33.009507,-94.70146,61.0,2020-02-02T11:24
Trachemys scripta elegans,Arkansas,33.564846,-93.695164,,2022-05-28T11:58:27
Trachemys scripta elegans,Arkansas,33.560028,-93.710822,,2022-07-07T12:24:40
Trachemys scripta elegans,Arkansas,35.852981,-90.113929,688.0,2017-06-05T16:13:44
Trachemys scripta elegans,Arkansas,34.815112,-91.896187,688.0,2017-03-31T22:00
Trachemys scripta elegans,Arkansas,33.111798,-93.567345,,2021-05-26T14:47:05
Trachemys scripta elegans,Texas,31.374818,-94.728152,400.0,2023-01-22
Trachemys scripta elegans,Texas,31.623488,-94.645592,35.0,2023-01-24T07:55:35
Trachemys scripta elegans,Florida,30.458985,-84.322548,141.0,2023-01-24T14:34
Trachemys scripta elegans,Texas,29.806641,-95.765534,858.0,2022-12-10T23:27
Trachemys scripta elegans,Texas,29.370627,-95.627218,196.0,2023-01-19T11:04
Trachemys scripta elegans,Texas,29.761826,-95.450016,20.0,2022-11-12T11:57
Trachemys scripta elegans,Louisiana,30.003533,-92.781682,2.0,2023-01-17T13:25
Trachemys scripta elegans,Texas,29.72831,-95.630623,,2023-01-17T13:00
Trachemys scripta elegans,Texas,32.661418,-94.178516,29066.0,2019-04-06T08:43:59
Trachemys scripta elegans,Texas,29.33673,-95.288874,198.0,2023-01-19T14:28
Trachemys scripta elegans,Florida,30.620921,-87.048032,88.0,2023-01-18T13:43
Trachemys scripta elegans,Texas,29.527359,-95.169524,22.0,2023-01-17T13:00:37
Trachemys scripta elegans,Texas,29.370627,-95.627218,196.0,2023-01-17T11:06
Trachemys scripta elegans,Texas,29.806641,-95.765534,858.0,2022-12-28T00:51
Trachemys scripta elegans,Texas,30.762582,-96.342228,29330.0,2021-05-24T14:40:31
Trachemys scripta elegans,Texas,30.778375,-96.325087,29330.0,2021-05-24T12:54:33
Trachemys scripta elegans,Texas,29.574424,-94.389966,238.0,2023-01-23T12:39
Trachemys scripta elegans,Mississippi,30.502889,-89.66477,206.0,2023-01-18T11:07
Trachemys scripta elegans,Texas,29.82175,-94.667439,67.0,2023-01-14T11:43
Trachemys scripta elegans,Mississippi,30.382252,-89.617849,386.0,2023-01-20T11:51
Trachemys scripta elegans,Texas,29.370627,-95.627218,196.0,2023-01-17T11:06
Trachemys scripta elegans,Texas,29.527344,-95.169527,22.0,2023-01-17T13:19:16
Trachemys scripta elegans,Tennessee,36.024315,-86.669911,192.0,2022-04-27T13:20
Trachemys scripta elegans,Florida,29.633932,-82.367448,,2023-01-01T15:47
Trachemys scripta elegans,Texas,29.724762,-95.630868,,2023-01-17T13:13
Trachemys scripta elegans,Mississippi,30.502889,-89.66477,206.0,2023-01-18T11:19
Trachemys scripta elegans,Texas,29.806641,-95.765534,858.0,2022-12-18T01:36
Trachemys scripta elegans,Louisiana,29.986102,-90.090963,4.0,2023-01-14T14:12
Trachemys scripta elegans,Georgia,33.926964,-83.384559,60.0,2022-03-20T14:24:25
Trachemys scripta elegans,Texas,29.780821,-95.510271,2.0,2023-01-22T12:05:59
Trachemys scripta elegans,Texas,30.722082,-96.278451,29330.0,2021-05-04T19:08:52
Trachemys scripta elegans,Texas,29.757219,-95.449228,,2023-01-15T14:57
Trachemys scripta elegans,Texas,29.761861,-95.450053,,2023-01-15T14:04
Trachemys scripta elegans,Texas,32.705387,-95.747305,2168.0,2023-01-16T12:04:06
Trachemys scripta elegans,Texas,31.374818,-94.728152,400.0,2023-01-17
Trachemys scripta elegans,Texas,29.704871,-95.827834,8.0,2023-01-10T13:25
Trachemys scripta elegans,Louisiana,30.277982,-89.783951,216.0,2022-10-22T16:35
Trachemys scripta elegans,Mississippi,30.382252,-89.617849,386.0,2023-01-13T11:40
Trachemys scripta elegans,Texas,29.374319,-95.612553,,2023-01-09T12:00
Trachemys scripta elegans,Texas,29.70507,-95.826989,8.0,2023-01-10T13:29
Trachemys scripta elegans,Texas,29.762436,-95.450156,,2023-01-15T13:59
Trachemys scripta elegans,Texas,29.764779,-95.452038,9.0,2023-01-15T15:16
Trachemys scripta elegans,Texas,29.710581,-95.832034,59.0,2023-01-10T14:09
Trachemys scripta elegans,Texas,29.527049,-95.16915,22.0,2023-01-16T10:46:43
Trachemys scripta elegans,Louisiana,30.277982,-89.783951,216.0,2022-10-22T16:44
Trachemys scripta elegans,Texas,29.78143,-95.510159,4.0,2023-01-16T12:04:47
Trachemys scripta elegans,Texas,30.965292,-95.383233,35.0,2022-10-03T16:19:18
Trachemys scripta elegans,Texas,29.52737,-95.16957,22.0,2023-01-16T10:36:57
Trachemys scripta elegans,Texas,29.764938,-95.45223,14.0,2023-01-17T13:41:19
Trachemys scripta elegans,Texas,29.71041,-95.833032,,2023-01-10T14:11
Trachemys scripta elegans,Texas,29.710718,-95.833588,,2023-01-10T14:13
Trachemys scripta elegans,Texas,29.720305,-95.391088,4.0,2023-01-13T13:29:15
Trachemys scripta elegans,Texas,30.674364,-96.369963,13416.0,2016-04-30T08:29
Trachemys scripta elegans,Texas,29.702835,-95.825066,5.0,2023-01-10T13:37
Trachemys scripta elegans,Kentucky,36.98284,-84.898898,28476.0,2022-07-12T09:31
Trachemys scripta elegans,Texas,29.440908,-95.656958,29483.0,2023-01-10T15:44
Trachemys scripta elegans,Texas,29.595143,-95.072744,,2023-01-14T10:26
Trachemys scripta elegans,Kentucky,37.271362,-87.401153,,2021-05-18T11:36:50
Trachemys scripta elegans,Texas,29.702598,-95.825065,,2023-01-10T13:36
Trachemys scripta elegans,Texas,30.674364,-96.369963,13416.0,2016-04-30T08:39
Trachemys scripta elegans,Texas,29.500133,-95.786393,29483.0,2023-01-10T15:59
Trachemys scripta elegans,Texas,29.705323,-95.827922,,2023-01-10T13:25
Trachemys scripta elegans,Texas,29.500402,-95.780437,29483.0,2023-01-10T16:01
Trachemys scripta elegans,Texas,29.720237,-95.391097,4.0,2023-01-13T13:28:42
Trachemys scripta elegans,Texas,29.711933,-95.836362,,2023-01-10T14:18
Trachemys scripta elegans,Texas,29.711017,-95.833198,16.0,2023-01-10T14:12
Trachemys scripta elegans,Texas,29.710937,-95.832999,16.0,2023-01-10T14:11
Trachemys scripta elegans,Texas,29.427774,-95.616823,29483.0,2023-01-10T16:02
Trachemys scripta elegans,Texas,29.581905,-95.415354,27.0,2023-01-12T12:00
Trachemys scripta elegans,Texas,30.573353,-96.364206,,2023-01-14T10:05:02
Trachemys scripta elegans,Texas,33.210979,-96.327082,3457.0,2023-01-02T03:23
Trachemys scripta elegans,Texas,30.006988,-94.142269,20.0,2023-01-10T11:48
Trachemys scripta elegans,Texas,29.710883,-95.833463,,2023-01-10T14:12
Trachemys scripta elegans,Texas,29.763613,-95.395412,,2023-01-12T14:46
Trachemys scripta elegans,Texas,29.592558,-95.602906,29483.0,2023-01-10T16:05
Trachemys scripta elegans,Texas,29.761833,-95.45,,2023-01-15T14:05
Trachemys scripta elegans,Texas,29.531398,-95.060961,51.0,2019-10-12T17:58:57Z
Trachemys scripta elegans,Texas,29.711928,-95.836362,,2023-01-10T14:18
Trachemys scripta elegans,Texas,29.217632,-94.93367,,2023-01-11T16:17
Trachemys scripta elegans,Texas,29.472267,-95.660428,29483.0,2023-01-10T15:48
Trachemys scripta elegans,Texas,29.71294,-95.837974,15.0,2023-01-08T12:50
Trachemys scripta elegans,Texas,29.712488,-95.837216,10.0,2023-01-08T12:49
Trachemys scripta elegans,Texas,29.710864,-95.832929,18.0,2023-01-08T13:03
Trachemys scripta elegans,Texas,29.713265,-95.839498,,2023-01-08T14:24
Trachemys scripta elegans,Texas,30.359443,-96.057842,31.0,2023-01-07T15:54
Trachemys scripta elegans,Texas,29.713258,-95.839505,,2023-01-08T14:24
Trachemys scripta elegans,Texas,29.71294,-95.837974,15.0,2023-01-08T12:50
Trachemys scripta elegans,Arkansas,35.976719,-90.717677,8.0,2023-01-01T18:41
Trachemys scripta elegans,Texas,31.373612,-94.729161,58.0,2023-01-06
Trachemys scripta elegans,Texas,29.669847,-96.260233,2.0,2023-01-01T15:50
Trachemys scripta elegans,Texas,29.719534,-95.629008,50.0,2022-10-30T08:59
Trachemys scripta elegans,Alabama,33.209944,-86.795136,12.0,2021-06-17T07:46
Trachemys scripta elegans,Texas,30.363896,-96.055655,15.0,2023-01-07T15:48
Trachemys scripta elegans,Texas,29.710944,-95.833077,10.0,2023-01-08T12:58
Trachemys scripta elegans,Texas,29.590769,-95.000305,,2023-01-07T10:00
Trachemys scripta elegans,Texas,29.711049,-95.833335,4.0,2023-01-08T12:58
Trachemys scripta elegans,Texas,31.871263,-95.42161,15.0,2023-01-07T16:08
Trachemys scripta elegans,Louisiana,30.300346,-93.263756,157.0,2023-01-09T10:36:46
Trachemys scripta elegans,Texas,30.359587,-96.057826,15.0,2023-01-07T15:54
Trachemys scripta elegans,Texas,30.601583,-96.359692,,2020-04-28T07:17:04
Trachemys scripta elegans,Texas,29.709652,-95.829557,25.0,2023-01-08T13:27
Trachemys scripta elegans,Texas,29.710837,-95.832849,17.0,2023-01-08T13:03
Trachemys scripta elegans,Texas,29.711049,-95.833335,4.0,2023-01-08T12:58
Trachemys scripta elegans,Texas,29.26201,-95.187876,29508.0,2023-01-07T08:25
Trachemys scripta elegans,Florida,29.373667,-83.045065,208.0,2023-01-02T11:10
Trachemys scripta elegans,Texas,29.710998,-95.833533,,2023-01-08T13:04
Trachemys scripta elegans,Texas,29.710623,-95.824511,15.0,2023-01-08T13:42
Trachemys scripta elegans,Louisiana,30.369211,-91.104808,9.0,2023-01-07T12:23:33
Trachemys scripta elegans,Texas,29.71096,-95.833171,8.0,2023-01-08T12:58
Trachemys scripta elegans,Texas,29.696785,-95.561314,250.0,2022-10-30T10:13
Trachemys scripta elegans,Texas,29.710809,-95.832569,9.0,2023-01-08T13:08
Trachemys scripta elegans,Texas,29.699073,-95.559195,50.0,2022-10-23T09:39
Trachemys scripta elegans,Arkansas,34.91436,-92.45226,5.0,2020-04-02T09:55
Trachemys scripta elegans,Alabama,30.70003,-88.184617,12.0,2022-11-23T13:00:17
Trachemys scripta elegans,Louisiana,30.142775,-92.481121,,2022-12-20T12:37:24
Trachemys scripta elegans,Tennessee,35.1423,-89.847291,54.0,2022-12-30
Trachemys scripta elegans,Texas,31.357241,-94.726377,180.0,2023-01-03
Trachemys scripta elegans,Texas,29.804471,-95.819789,184.0,2022-12-31T23:33
Trachemys scripta elegans,Texas,29.370728,-95.622933,4.0,2022-12-31T12:00:45
Trachemys scripta elegans,Texas,30.128788,-94.999525,,2023-01-01T11:33:47
Trachemys scripta elegans,Texas,29.987045,-95.568729,15.0,2022-12-28T14:43
Trachemys scripta elegans,Georgia,32.503973,-83.682045,1644.0,2020-05-11
Trachemys scripta elegans,Texas,31.374818,-94.728152,400.0,2023-01-01
Trachemys scripta elegans,Louisiana,30.36973,-91.104682,8.0,2022-12-28T09:54:08
Trachemys scripta elegans,Texas,30.864564,-94.178091,244.0,2022-12-27T17:11
Trachemys scripta elegans,Indiana,37.961659,-87.618424,192.0,2022-04-10T12:42
Trachemys scripta elegans,Texas,29.832771,-95.454952,372.0,2023-01-01T15:55
Trachemys scripta elegans,Louisiana,30.232308,-91.982692,31.0,2022-07-02T10:17
Trachemys scripta elegans,Florida,30.224578,-81.385795,4.0,2022-12-24T13:18:48
Trachemys scripta elegans,Georgia,34.067774,-84.258643,194.0,2015-05-07T11:00
Trachemys scripta elegans,Texas,29.671836,-96.26938,8.0,2022-12-22T14:29
Trachemys scripta elegans,Louisiana,30.350025,-90.050646,106.0,2022-12-10T14:06:47
Trachemys scripta elegans,Illinois,37.57522,-89.438938,1174.0,2022-09-30T11:29
Trachemys scripta elegans,Mississippi,33.823947,-90.293734,2.0,2022-06-04T16:56
Trachemys scripta elegans,Tennessee,35.337605,-90.036636,7.0,2022-05-30T09:58:17
Trachemys scripta elegans,Louisiana,30.391238,-90.115998,14.0,2022-12-16T11:45
Trachemys scripta elegans,Florida,30.619038,-87.038261,31610.0,2022-12-16T12:12:44
Trachemys scripta elegans,Texas,30.602785,-96.360526,,2022-10-20T17:16:13
Trachemys scripta elegans,Tennessee,35.001902,-85.197764,1083.0,2022-12-10T12:47:37
Trachemys scripta elegans,Texas,29.806641,-95.765534,858.0,2022-11-05T22:11
Trachemys scripta elegans,Texas,30.854816,-94.214943,31.0,2022-12-10T11:02
Trachemys scripta elegans,Texas,29.766889,-95.452225,,2022-12-11T15:14
Trachemys scripta elegans,Texas,30.85388,-94.214929,202.0,2022-12-10T11:54
Trachemys scripta elegans,Texas,31.623569,-94.642018,8.0,2022-12-07T08:49
Trachemys scripta elegans,Georgia,31.065358,-81.41969,,2022-11-23T13:49
Trachemys scripta elegans,Texas,29.806641,-95.765534,858.0,2022-10-24T21:19
Trachemys scripta elegans,Texas,29.635167,-95.660529,201.0,2022-12-08T10:21
Trachemys scripta elegans,Texas,29.806641,-95.765534,858.0,2022-11-22T20:28
Trachemys scripta elegans,Louisiana,29.929337,-90.124298,4.0,2022-12-07T09:25:09
Trachemys scripta elegans,Texas,29.594825,-95.25995,31.0,2022-12-07T14:43
Trachemys scripta elegans,Texas,31.374818,-94.728152,400.0,2022-12-07
Trachemys scripta elegans,Texas,29.761831,-95.450089,,2022-12-11T15:45
Trachemys scripta elegans,Arkansas,34.2496,-91.12178,44.0,2022-11-23T16:17
Trachemys scripta elegans,Oklahoma,36.22823,-95.679488,5.0,2022-11-10T11:04:11
Trachemys scripta elegans,Texas,29.594732,-95.260122,31.0,2022-12-07T13:54
Trachemys scripta elegans,Texas,29.761817,-95.450036,,2022-12-11T15:45
Trachemys scripta elegans,Texas,31.132488,-94.809691,31.0,2022-12-07T10:13
Trachemys scripta elegans,Alabama,32.597408,-85.484458,5.0,2021-04-10T15:41:53
Trachemys scripta elegans,Texas,31.374818,-94.728152,202.0,2022-12-09T13:39
Trachemys scripta elegans,Oklahoma,36.173075,-94.67017,4.0,2022-12-06T15:11
Trachemys scripta elegans,Texas,29.594676,-95.260465,31.0,2022-12-07T14:43
Trachemys scripta elegans,Kentucky,37.85394,-84.688162,2.0,2022-04-30T10:28
Trachemys scripta elegans,North Carolina,35.538944,-82.93626,31.0,2022-09-04T11:57
Trachemys scripta elegans,Oklahoma,35.449546,-95.006426,,2022-11-27T16:03
Trachemys scripta elegans,Texas,31.374818,-94.728152,400.0,2022-12-05
Trachemys scripta elegans,Texas,29.766878,-95.452164,,2022-12-04T16:48
Trachemys scripta elegans,Texas,29.61418,-94.552187,4.0,2022-11-27T11:46:53
Trachemys scripta elegans,Texas,29.766892,-95.4522,,2022-12-04T16:48
Trachemys scripta elegans,Texas,31.373425,-94.72932,56.0,2022-12-03
Trachemys scripta elegans,Texas,29.764776,-95.620711,10.0,2022-12-04T14:52:52
Trachemys scripta elegans,Louisiana,30.165422,-90.454537,6.0,2022-03-22T09:29:38Z
Trachemys scripta elegans,Alabama,32.609857,-85.480782,15219.0,2022-12-01
Trachemys scripta elegans,Texas,29.76862,-95.527659,29458.0,2022-12-02T14:35
Trachemys scripta elegans,Louisiana,29.92118,-90.130644,18.0,2022-12-01T15:08:34
Trachemys scripta elegans,Arkansas,36.31588,-92.425373,23.0,2022-06-28T10:17:19
Trachemys scripta elegans,Kentucky,37.9546,-84.600883,5.0,2020-06-07T10:33:21
Trachemys scripta elegans,Texas,29.987428,-95.632483,5.0,2020-05-17T14:30:20
Trachemys scripta elegans,Texas,29.764825,-95.620801,4.0,2022-12-04T14:55:11
Trachemys scripta elegans,Louisiana,30.390843,-90.115931,20.0,2022-12-05T12:10
Trachemys scripta elegans,Texas,29.847628,-95.608667,25.0,2022-11-20T13:39:44
Trachemys scripta elegans,Texas,29.376042,-95.612347,61.0,2022-11-24T12:33
Trachemys scripta elegans,Texas,29.604697,-94.555554,61.0,2022-11-27T13:05
Trachemys scripta elegans,Texas,30.199775,-95.48523,9.0,2022-11-20T16:15:58
Trachemys scripta elegans,Texas,30.174492,-95.584998,24.0,2022-11-25T12:16:47
Trachemys scripta elegans,Texas,29.766928,-95.452217,,2022-11-27T17:57
Trachemys scripta elegans,Texas,29.832245,-95.455208,4.0,2022-10-23T12:38:15
Trachemys scripta elegans,Texas,29.608913,-94.556069,61.0,2022-11-27T13:03
Trachemys scripta elegans,Texas,31.357498,-94.726162,245.0,2022-11-28
Trachemys scripta elegans,Texas,29.762114,-95.566993,10.0,2022-11-26T10:58:52
Trachemys scripta elegans,Texas,29.60548,-94.556198,61.0,2022-11-27T13:05
Trachemys scripta elegans,Arkansas,36.424693,-92.220424,1152.0,2022-10-26T17:49
Trachemys scripta elegans,Texas,29.602644,-94.555125,61.0,2022-11-27T13:13
Trachemys scripta elegans,Texas,29.636708,-95.660545,10.0,2022-11-25T11:15:43
Trachemys scripta elegans,Texas,29.794153,-95.495583,50.0,2022-11-26T11:56:27
Trachemys scripta elegans,Texas,32.216988,-95.765777,4.0,2022-11-23T14:06:36
Trachemys scripta elegans,Louisiana,29.868695,-93.454678,,2022-11-23T13:25:56
Trachemys scripta elegans,Louisiana,32.485638,-91.493807,,2022-11-17T15:46
Trachemys scripta elegans,Texas,29.610592,-94.546585,61.0,2022-11-27T13:27
Trachemys scripta elegans,Texas,29.329638,-94.769242,22.0,2022-11-27T13:53
Trachemys scripta elegans,Mississippi,31.42599,-91.453135,197.0,2020-09-27T09:33
Trachemys scripta elegans,Missouri,36.991351,-90.180667,6300.0,2022-10-19T16:57
Trachemys scripta elegans,Texas,29.540185,-95.375179,8.0,2022-06-29T15:52:55
Trachemys scripta elegans,Texas,29.016118,-95.445201,120.0,2022-10-14T09:18
Trachemys scripta elegans,Texas,31.628256,-94.642718,37.0,2022-10-24T15:56:53
Trachemys scripta elegans,Texas,29.377737,-95.585262,,2018-06-02T17:33:40
Trachemys scripta elegans,Texas,31.373417,-94.729344,56.0,2022-11-18
Trachemys scripta elegans,Oklahoma,35.916379,-95.25016,3306.0,2022-09-19T07:17
Trachemys scripta elegans,Texas,29.698105,-93.947971,195.0,2022-10-26T00:16
Trachemys scripta elegans,Texas,29.698776,-93.949494,8.0,2022-10-28T15:33
Trachemys scripta elegans,Louisiana,30.598585,-91.006754,4.0,2022-11-11T14:35
Trachemys scripta elegans,Texas,31.624383,-94.644163,4.0,2022-11-10T12:10:07
Trachemys scripta elegans,Georgia,32.35101,-81.31264,102.0,2022-02-24T12:59
Trachemys scripta elegans,Arkansas,35.36812,-90.241785,93.0,2022-11-03T10:55
Trachemys scripta elegans,Tennessee,36.505279,-87.371694,15.0,2022-11-14T14:19
Trachemys scripta elegans,Texas,29.914225,-95.685758,196.0,2022-11-12T23:14
Trachemys scripta elegans,Louisiana,29.868148,-93.45357,31.0,2022-11-09T09:55
Trachemys scripta elegans,Louisiana,29.869026,-93.45534,15.0,2022-11-09T09:59
Trachemys scripta elegans,Texas,29.82032,-95.612288,8.0,2022-11-10T15:26:38
Trachemys scripta elegans,Texas,29.806641,-95.765534,858.0,2022-10-19T19:23
Trachemys scripta elegans,Texas,29.809466,-95.792132,172.0,2022-10-16T21:02
Trachemys scripta elegans,Arkansas,35.986776,-90.709493,22.0,2022-11-09T12:40
Trachemys scripta elegans,Texas,29.52637,-95.800229,150.0,2022-11-09T16:44
Trachemys scripta elegans,Texas,29.926622,-95.555577,32.0,2022-11-08T16:16
Trachemys scripta elegans,Tennessee,35.518695,-89.24457,69.0,2022-10-30T13:37
Trachemys scripta elegans,Texas,29.718853,-95.627488,,2022-11-11T08:44
Trachemys scripta elegans,Arkansas,35.341418,-90.202865,38.0,2022-11-03T12:23
Trachemys scripta elegans,Texas,31.374818,-94.728152,400.0,2022-11-11
Trachemys scripta elegans,Texas,29.785426,-95.368822,6862.0,2022-11-08T14:23
Trachemys scripta elegans,Texas,29.699384,-93.948818,195.0,2022-10-29T14:50
Trachemys scripta elegans,Texas,29.698753,-93.949618,5.0,2022-10-28T16:18
Trachemys scripta elegans,Texas,29.929385,-95.580691,77.0,2022-11-07T14:54:22
Trachemys scripta elegans,Texas,31.620217,-94.643751,21.0,2022-10-26T14:33:52
Trachemys scripta elegans,Texas,29.727399,-95.631594,31.0,2022-11-06T13:07
Trachemys scripta elegans,Texas,29.929761,-95.57915,54.0,2022-11-07T17:31:36
Trachemys scripta elegans,Texas,31.624355,-94.644163,10.0,2022-11-08T14:50:44
Trachemys scripta elegans,Texas,29.85655,-95.163853,,2022-02-05T15:48
Trachemys scripta elegans,Oklahoma,36.398098,-95.711393,4.0,2022-10-19T14:33
Trachemys scripta elegans,Texas,29.908505,-95.560312,4.0,2020-06-30T15:32:44
Trachemys scripta elegans,Texas,29.929787,-95.579054,7.0,2022-11-08T12:02:58
Trachemys scripta elegans,Texas,29.749369,-95.381297,9385.0,2022-11-06T13:56
Trachemys scripta elegans,Texas,30.4702,-94.346931,59.0,2022-10-22T14:17
Trachemys scripta elegans,Arkansas,36.449009,-94.10553,84.0,2022-11-05T13:59:53
Trachemys scripta elegans,Texas,29.911791,-95.604972,38.0,2022-11-04T15:42:29
Trachemys scripta elegans,Texas,29.91,-95.681026,8.0,2022-11-02T18:33
Trachemys scripta elegans,Texas,29.698729,-93.9495,14.0,2022-10-28T13:41
Trachemys scripta elegans,Florida,30.374432,-81.789336,61.0,2022-11-06T10:52
Trachemys scripta elegans,Texas,30.160994,-95.411911,5.0,2022-10-22T10:23
Trachemys scripta elegans,Oklahoma,36.018361,-95.969703,64.0,2022-10-21T15:02:14
Trachemys scripta elegans,Texas,31.374818,-94.728152,400.0,2022-11-05
Trachemys scripta elegans,Texas,29.699149,-95.745102,340.0,2022-11-02T19:56:59
Trachemys scripta elegans,Louisiana,29.991332,-90.093374,830.0,2022-11-01T10:40
Trachemys scripta elegans,Mississippi,30.37829,-89.055246,30.0,2022-04-28T12:27
Trachemys scripta elegans,Texas,29.555264,-95.586091,66.0,2022-10-19T10:31
Trachemys scripta elegans,Texas,30.161623,-95.480996,899.0,2022-11-06T13:18:59
Trachemys scripta elegans,Texas,29.750561,-95.371684,8589.0,2022-11-06T13:56
Trachemys scripta elegans,Texas,32.742921,-96.300285,16.0,2022-11-08T11:18:10
Trachemys scripta elegans,Texas,29.717985,-95.635927,,2022-11-08T13:32
Trachemys scripta elegans,Texas,29.911778,-95.604995,3.0,2022-11-04T15:43:37
Trachemys scripta elegans,Texas,29.646348,-94.551109,246.0,2022-10-30T10:46
Trachemys scripta elegans,Texas,29.761651,-95.450015,,2022-10-30T12:15
Trachemys scripta elegans,Texas,30.30371,-93.744913,8.0,2022-10-26T09:44
Trachemys scripta elegans,Louisiana,32.698261,-93.937059,25.0,2022-10-29T17:22
Trachemys scripta elegans,Texas,30.866538,-95.39833,31.0,2022-10-31T12:49
Trachemys scripta elegans,Texas,29.761985,-95.45036,,2022-10-30T12:07
Trachemys scripta elegans,Texas,30.865378,-95.398351,31.0,2022-10-31T12:51
Trachemys scripta elegans,Texas,29.573973,-94.389962,,2022-04-25T17:34
Trachemys scripta elegans,Texas,29.573974,-94.389874,15.0,2022-04-24T12:33
Trachemys scripta elegans,Texas,29.853343,-95.792463,392.0,2022-10-29T09:14
Trachemys scripta elegans,Texas,29.061011,-95.26864,2.0,2022-10-14T11:36
Trachemys scripta elegans,Louisiana,30.060635,-92.865333,,2022-10-27T12:47:11
Trachemys scripta elegans,Louisiana,30.040313,-92.911455,,2022-10-28T13:02:15
Trachemys scripta elegans,Oklahoma,36.318302,-95.548104,6282.0,2022-10-29T14:09:09
Trachemys scripta elegans,Texas,29.698713,-93.949534,2.0,2022-10-24T12:14
Trachemys scripta elegans,Texas,31.620238,-94.643846,4.0,2022-11-01T14:06:29
Trachemys scripta elegans,Texas,29.216205,-94.935533,5.0,2022-09-02T10:57
Trachemys scripta elegans,Arkansas,35.779281,-90.708091,25.0,2022-10-30T11:19
Trachemys scripta elegans,Texas,30.862796,-95.399669,4.0,2022-10-31T12:32
Trachemys scripta elegans,Texas,29.596827,-95.077773,115.0,2018-03-29T15:39
Trachemys scripta elegans,Arkansas,36.351377,-94.218201,85.0,2022-10-26T13:01:40
Trachemys scripta elegans,Texas,29.699378,-93.948732,2.0,2022-10-24T12:27
Trachemys scripta elegans,Texas,29.609098,-94.551291,800.0,2022-04-24T17:24
Trachemys scripta elegans,Texas,29.699,-93.949144,2.0,2022-10-24T12:19
Trachemys scripta elegans,Texas,30.140204,-94.250055,22.0,2022-10-30T10:32:51
Trachemys scripta elegans,Texas,29.608352,-94.550838,857.0,2022-10-30T09:30
Trachemys scripta elegans,Texas,30.865285,-95.398394,31.0,2022-10-31T12:51
Trachemys scripta elegans,Texas,30.302275,-93.744678,8.0,2022-10-26T09:48
Trachemys scripta elegans,Tennessee,35.115753,-89.810776,4.0,2022-10-26T12:55:57
Trachemys scripta elegans,Louisiana,30.365235,-92.890879,15.0,2022-10-24T15:47
Trachemys scripta elegans,Arkansas,36.35116,-94.216427,85.0,2022-10-26T13:00:51
Trachemys scripta elegans,Texas,29.830257,-94.743283,292.0,2022-04-23T17:15
Trachemys scripta elegans,Texas,29.85742,-95.162547,31.0,2022-10-20T10:31
Trachemys scripta elegans,Louisiana,30.365038,-92.88787,122.0,2022-10-24T15:43
Trachemys scripta elegans,Texas,29.698725,-93.949475,2.0,2022-10-24T12:15
Trachemys scripta elegans,Oklahoma,36.27878,-95.368775,32.0,2019-05-05T13:21:37
Trachemys scripta elegans,Texas,33.129992,-95.618867,3.0,2022-10-21T15:13
Trachemys scripta elegans,Texas,29.65956,-94.55802,199.0,2022-10-30T10:56
Trachemys scripta elegans,Texas,29.633696,-95.663857,,2022-11-01T14:28:07
Trachemys scripta elegans,Louisiana,30.265143,-89.634252,90.0,2022-10-30T11:00
Trachemys scripta elegans,Oklahoma,36.278708,-95.305196,77.0,2022-10-10T18:16:40
Trachemys scripta elegans,Texas,33.1302,-95.618668,3.0,2022-10-21T15:13
Trachemys scripta elegans,Texas,30.600688,-96.323635,,2022-10-26T12:32:44
Trachemys scripta elegans,Texas,30.304754,-93.744794,8.0,2022-10-26T10:18
Trachemys scripta elegans,Arkansas,36.104972,-94.192904,25.0,2022-10-28T15:05:53
Trachemys scripta elegans,Texas,29.882066,-95.185921,15.0,2022-10-20T11:31
Trachemys scripta elegans,Texas,29.699372,-93.948719,8.0,2022-10-24T12:11
Trachemys scripta elegans,Louisiana,30.277982,-89.783951,216.0,2022-10-22T16:45
Trachemys scripta elegans,Oklahoma,36.029852,-95.911889,98.0,2022-10-14T18:38
Trachemys scripta elegans,Texas,29.764514,-95.453743,22.0,2022-10-23T17:06
Trachemys scripta elegans,Texas,29.766925,-95.452206,,2022-10-23T15:24
Trachemys scripta elegans,Tennessee,35.143549,-89.830026,6.0,2022-06-29T13:36:21
Trachemys scripta elegans,Texas,29.766914,-95.452194,,2022-10-23T15:26
Trachemys scripta elegans,Louisiana,32.601303,-92.05124,15.0,2022-10-15T15:23
Trachemys scripta elegans,Oklahoma,36.223457,-95.90303,183.0,2022-10-16T19:50
Trachemys scripta elegans,Louisiana,30.277982,-89.783951,216.0,2022-10-22T17:21
Trachemys scripta elegans,Texas,29.595438,-95.072674,,2022-10-16T15:16
Trachemys scripta elegans,Texas,29.373453,-95.62712,14.0,2020-10-01T14:43:11
Trachemys scripta elegans,Texas,29.635167,-95.660529,201.0,2022-10-23T11:45
Trachemys scripta elegans,Texas,29.687136,-95.272112,107.0,2022-10-21T13:18
Trachemys scripta elegans,Texas,31.211332,-93.732638,244.0,2021-07-13T09:47
Trachemys scripta elegans,Louisiana,30.277982,-89.783951,216.0,2022-10-22T17:15
Trachemys scripta elegans,Tennessee,35.759488,-83.969198,44.0,2022-10-12T13:54
Trachemys scripta elegans,Texas,29.662539,-95.486505,16.0,2022-06-24T10:49:37
Trachemys scripta elegans,Florida,29.690063,-82.398678,15.0,2021-12-13T14:00
Trachemys scripta elegans,Oklahoma,36.22342,-95.903005,17.0,2022-10-15T05:59:50
Trachemys scripta elegans,Oklahoma,35.539928,-95.926925,4.0,2022-10-02T16:44
Trachemys scripta elegans,Oklahoma,35.540395,-95.927203,4.0,2022-10-02T17:25
Trachemys scripta elegans,Louisiana,30.27972,-89.676919,5854.0,2022-10-10T13:28
Trachemys scripta elegans,Texas,29.761886,-95.449917,23.0,2022-10-23T16:36
Trachemys scripta elegans,Arkansas,34.646679,-92.067718,5.0,2021-06-24T11:27
Trachemys scripta elegans,Oklahoma,36.221145,-95.893393,137.0,2022-10-15T00:27
Trachemys scripta elegans,Alabama,33.684389,-86.626833,,2022-10-16T13:12:04
Trachemys scripta elegans,Texas,30.136577,-93.924548,448.0,2022-10-22T11:30
Trachemys scripta elegans,Louisiana,30.428186,-91.165811,8.0,2021-10-31T15:35:15
Trachemys scripta elegans,Texas,29.604544,-95.094181,,2022-10-23T17:33
Trachemys scripta elegans,Texas,29.633698,-95.663846,,2022-10-16T11:49
Trachemys scripta elegans,Arkansas,34.194619,-91.965527,19.0,2022-10-09
Trachemys scripta elegans,Texas,29.66991,-96.267984,816.0,2022-10-19T14:00
Trachemys scripta elegans,Oklahoma,36.029852,-95.911889,98.0,2022-10-14T18:38
Trachemys scripta elegans,Texas,30.037962,-95.381202,181.0,2022-10-11T16:08
Trachemys scripta elegans,Georgia,33.596225,-84.344047,6.0,2022-10-16T17:05:45
Trachemys scripta elegans,Texas,29.687136,-95.272112,107.0,2022-10-21T13:09
Trachemys scripta elegans,Texas,29.908569,-95.560204,5.0,2022-10-23T18:00:15
Trachemys scripta elegans,Texas,29.686941,-95.272301,173.0,2022-10-21T14:09
Trachemys scripta elegans,Texas,29.913639,-95.683593,20.0,2022-10-12T19:24
Trachemys scripta elegans,Texas,29.636518,-95.660291,30.0,2022-10-22T09:26:18
Trachemys scripta elegans,Texas,30.876415,-94.164164,5.0,2022-10-19T13:27:08
Trachemys scripta elegans,Texas,29.595394,-95.073028,,2022-10-16T16:24
Trachemys scripta elegans,Texas,31.373225,-94.728069,28.0,2022-10-17
Trachemys scripta elegans,Georgia,33.944458,-83.374084,16.0,2022-10-20T14:38:38
Trachemys scripta elegans,Texas,29.699432,-95.558294,8.0,2022-10-20T15:16
Trachemys scripta elegans,Texas,29.76185,-95.389549,1981.0,2022-10-22T07:30
Trachemys scripta elegans,Texas,29.922718,-94.794968,906.0,2022-10-22T15:05
Trachemys scripta elegans,Louisiana,30.277982,-89.783951,216.0,2022-10-22T17:21
Trachemys scripta elegans,Texas,29.671702,-96.265808,664.0,2022-10-19T13:00
Trachemys scripta elegans,Texas,29.698105,-93.947971,195.0,2022-10-21T14:40
Trachemys scripta elegans,Texas,29.718772,-95.392447,4.0,2022-10-18T15:09:02
Trachemys scripta elegans,Louisiana,30.428695,-91.168457,9.0,2021-10-31T15:29:14
Trachemys scripta elegans,Kentucky,36.85808,-88.014608,8.0,2022-05-25T18:10
Trachemys scripta elegans,Texas,29.761085,-95.400078,225.0,2022-10-22T08:33
Trachemys scripta elegans,Texas,29.611826,-94.552087,244.0,2022-10-22T13:59
Trachemys scripta elegans,Texas,29.573499,-94.390897,8.0,2022-10-13T12:24
Trachemys scripta elegans,Florida,30.235568,-81.742665,1251.0,2022-06-26T09:51:29
Trachemys scripta elegans,Oklahoma,36.22342,-95.903005,17.0,2022-10-15T06:00:12
Trachemys scripta elegans,Oklahoma,36.221145,-95.893393,137.0,2022-10-16T11:47
Trachemys scripta elegans,Texas,29.863285,-95.596345,22.0,2022-10-13T18:10:18
Trachemys scripta elegans,Florida,30.399132,-86.59236,,2022-10-08T17:05
Trachemys scripta elegans,Louisiana,30.277982,-89.783951,216.0,2022-10-22T17:20
Trachemys scripta elegans,Texas,29.636617,-95.66022,28.0,2022-10-22T09:26:48
Trachemys scripta elegans,Arkansas,36.135911,-94.140851,568.0,2022-09-24T09:55
Trachemys scripta elegans,Texas,29.738973,-95.716485,,2022-10-08T08:22
Trachemys scripta elegans,Texas,29.217036,-94.935167,72.0,2022-10-07T09:14
Trachemys scripta elegans,Louisiana,29.99986,-90.09639,,2022-10-05T09:43
Trachemys scripta elegans,Texas,29.864345,-95.786422,4.0,2022-10-06T19:04:46
Trachemys scripta elegans,Texas,30.088602,-95.166916,122.0,2022-10-03T10:18
Trachemys scripta elegans,Texas,29.217492,-94.934408,,2022-10-07T10:12
Trachemys scripta elegans,Texas,29.217297,-94.934921,56.0,2022-10-07T09:13
Trachemys scripta elegans,Texas,29.825233,-95.627019,2475.0,2022-09-25T20:04
Trachemys scripta elegans,Texas,29.914225,-95.685758,196.0,2022-10-08T22:48
Trachemys scripta elegans,North Carolina,36.213752,-81.68285,2.0,2022-10-07T16:47
Trachemys scripta elegans,Texas,29.73913,-95.717712,,2022-10-08T08:20
Trachemys scripta elegans,Texas,29.501316,-94.976546,,2022-10-04T18:23
Trachemys scripta elegans,Texas,29.724513,-95.627103,15.0,2022-10-07T09:29
Trachemys scripta elegans,Texas,29.717127,-95.390275,25.0,2022-10-07T09:16:46
Trachemys scripta elegans,Texas,29.614327,-94.551937,25.0,2022-10-08T10:34:26
Trachemys scripta elegans,Mississippi,31.361497,-91.417723,195.0,2022-10-08T10:36
Trachemys scripta elegans,Texas,31.373506,-94.729257,28.0,2022-10-06
Trachemys scripta elegans,Oklahoma,36.211747,-95.90866,4.0,2022-10-05T12:32:41
Trachemys scripta elegans,Louisiana,30.005517,-90.094392,,2022-10-02T10:42
Trachemys scripta elegans,Texas,30.573618,-96.36412,31.0,2022-09-29T13:00
Trachemys scripta elegans,Louisiana,30.390211,-90.113694,15.0,2022-10-03T12:17
Trachemys scripta elegans,Mississippi,30.402641,-89.363434,47.0,2022-10-02T10:53:59
Trachemys scripta elegans,Texas,29.767322,-95.358893,32.0,2022-09-26T13:10:31
Trachemys scripta elegans,Alabama,34.722197,-86.6427,11.0,2022-09-21T09:54:03
Trachemys scripta elegans,Texas,29.60467,-95.528118,2.0,2022-09-27T14:15
Trachemys scripta elegans,Louisiana,30.598062,-91.007033,4.0,2022-09-30T08:32:01
Trachemys scripta elegans,Tennessee,35.759011,-83.971218,44.0,2022-09-23T14:33
Trachemys scripta elegans,Texas,31.624239,-94.644933,4.0,2022-09-29T16:04:49
Trachemys scripta elegans,Texas,29.761792,-95.450028,4.0,2022-10-01T11:11:04
Trachemys scripta elegans,Texas,30.573618,-96.36412,31.0,2022-09-29T12:49
Trachemys scripta elegans,Texas,29.806641,-95.765534,858.0,2022-09-17T02:47
Trachemys scripta elegans,Texas,30.384151,-95.522149,28.0,2022-05-26T11:44
Trachemys scripta elegans,Texas,29.593625,-95.588342,4.0,2022-09-25T18:47:15
Trachemys scripta elegans,Texas,29.216459,-94.935279,,2022-09-28T16:21
Trachemys scripta elegans,Texas,29.76673,-95.451928,14.0,2022-10-01T12:13:32
Trachemys scripta elegans,Texas,29.929996,-95.579114,4.0,2022-10-01T15:58:22
Trachemys scripta elegans,Texas,29.717942,-95.391647,5.0,2022-09-30T09:09:23
Trachemys scripta elegans,Texas,30.384151,-95.522149,28.0,2022-05-26T11:43
Trachemys scripta elegans,Florida,30.354042,-86.25377,4.0,2021-06-09T17:10:19Z
Trachemys scripta elegans,Texas,29.702814,-95.578575,6.0,2019-06-16T12:05
Trachemys scripta elegans,Texas,29.718812,-95.392455,4.0,2022-09-26T10:23:14
Trachemys scripta elegans,Texas,29.909861,-95.683244,,2022-09-25T18:35
Trachemys scripta elegans,Texas,29.76183,-95.450143,30.0,2022-09-23T12:45
Trachemys scripta elegans,Texas,31.623608,-94.643784,9.0,2022-09-23T12:04:12
Trachemys scripta elegans,Texas,29.633675,-95.663854,30.0,2022-07-21T16:05
Trachemys scripta elegans,Texas,29.806641,-95.765534,858.0,2022-08-12T03:18
Trachemys scripta elegans,Oklahoma,36.117333,-95.970994,23.0,2022-09-24T09:40:46
Trachemys scripta elegans,Texas,30.573637,-96.364191,31.0,2022-09-26T09:07
Trachemys scripta elegans,Texas,33.812672,-95.904481,3.0,2022-09-17T10:41
Trachemys scripta elegans,Texas,29.714474,-95.386228,30.0,2022-08-03T19:42
Trachemys scripta elegans,Texas,29.938439,-95.736132,29433.0,2022-09-24T11:28:28
Trachemys scripta elegans,Texas,29.652357,-95.457918,50.0,2022-07-23T07:55
Trachemys scripta elegans,Arkansas,36.044857,-94.112369,146.0,2022-09-25T18:19:16
Trachemys scripta elegans,Texas,29.75962,-95.593525,111.0,2022-09-18T14:33
Trachemys scripta elegans,Texas,29.806641,-95.765534,858.0,2022-08-17T21:04
Trachemys scripta elegans,Oklahoma,36.065328,-95.99157,4.0,2022-09-25T15:09:42
Trachemys scripta elegans,Texas,29.719058,-95.392581,41.0,2022-09-21T20:00
Trachemys scripta elegans,Texas,30.609317,-96.351638,4.0,2022-09-22T17:41:47
Trachemys scripta elegans,Texas,29.766895,-95.452163,15.0,2022-08-26T13:01
Trachemys scripta elegans,Florida,30.320938,-87.399437,4.0,2022-09-21T12:50:43
Trachemys scripta elegans,Texas,30.609305,-96.351617,3.0,2022-09-22T17:43:42
Trachemys scripta elegans,Texas,29.716908,-95.390183,5.0,2022-09-27T12:07:33
Trachemys scripta elegans,Texas,32.363875,-96.001275,,2022-09-24T18:31
Trachemys scripta elegans,Arkansas,35.437457,-90.798106,334.0,2022-05-10T14:49:12
Trachemys scripta elegans,Alabama,34.723153,-86.64312,4.0,2022-09-21T10:26:37
Trachemys scripta elegans,Arkansas,34.998743,-92.396174,7989.0,2020-05-23T19:24
Trachemys scripta elegans,Texas,29.635167,-95.660529,201.0,2022-09-20T09:06
Trachemys scripta elegans,Texas,31.388512,-94.09784,,2022-06-04T12:28:22
Trachemys scripta elegans,Texas,29.633725,-95.663845,,2022-09-20T09:07
Trachemys scripta elegans,Texas,31.623651,-94.643881,8.0,2022-09-18T17:16:38
Trachemys scripta elegans,Texas,29.589398,-95.591826,149.0,2022-09-15T08:18
Trachemys scripta elegans,Texas,33.837388,-95.878727,,2022-09-17T16:46
Trachemys scripta elegans,Texas,29.604913,-95.527561,4.0,2022-09-16T12:58
Trachemys scripta elegans,Texas,31.623295,-94.643855,4.0,2022-09-15T13:37:28
Trachemys scripta elegans,Texas,31.271219,-94.619535,34.0,2022-09-16T16:31
Trachemys scripta elegans,Texas,32.216303,-95.761527,15.0,2022-09-14T12:14
Trachemys scripta elegans,Texas,29.753465,-95.049983,1095.0,2022-09-15T09:20
Trachemys scripta elegans,Louisiana,29.986117,-90.093458,244.0,2022-09-16T17:17
Trachemys scripta elegans,Illinois,37.590062,-88.909895,349.0,2022-09-15T13:07
Trachemys scripta elegans,Mississippi,31.361497,-91.417723,195.0,2022-09-18T11:18
Trachemys scripta elegans,Texas,33.836857,-95.87768,,2022-09-17T17:46
Trachemys scripta elegans,Texas,33.323061,-95.379264,,2022-09-17T10:05:54
Trachemys scripta elegans,Oklahoma,36.227581,-95.898811,1036.0,2022-07-30T18:15:04
Trachemys scripta elegans,Texas,32.528565,-95.900928,,2022-09-13T14:23
Trachemys scripta elegans,Texas,29.838348,-95.441833,46.0,2022-09-16T09:16
Trachemys scripta elegans,Texas,29.604723,-95.527574,2.0,2022-09-13T13:36
Trachemys scripta elegans,Illinois,37.290672,-89.063897,10.0,2022-09-11T07:58:56
Trachemys scripta elegans,Texas,29.724747,-95.627685,,2022-09-07T08:06
Trachemys scripta elegans,Florida,30.224408,-81.385777,8.0,2022-08-16T02:42
Trachemys scripta elegans,Texas,29.71905,-95.392401,15.0,2022-09-13T13:10
Trachemys scripta elegans,Texas,30.140445,-95.435858,22.0,2022-08-09T18:39:34
Trachemys scripta elegans,Texas,29.713555,-95.389952,1786.0,2022-07-25T19:55:45
Trachemys scripta elegans,Texas,29.604727,-95.527575,1.0,2022-09-13T13:36
Trachemys scripta elegans,Florida,30.204264,-81.380908,,2022-09-11T14:38:13
Trachemys scripta elegans,Texas,29.766862,-95.452187,4.0,2022-09-11T12:37:06
Trachemys scripta elegans,Texas,30.036203,-95.438421,4.0,2022-09-09T18:47
Trachemys scripta elegans,Texas,30.208545,-95.195323,70.0,2022-09-05T20:02:05
Trachemys scripta elegans,Texas,29.710284,-95.385151,22.0,2022-09-04T16:16:07
Trachemys scripta elegans,Texas,29.613888,-94.54468,,2022-09-05T11:35
Trachemys scripta elegans,Texas,32.851325,-95.813095,5.0,2022-09-04T11:21:57
Trachemys scripta elegans,Texas,32.360388,-96.001261,50.0,2022-09-04T13:44:05
Trachemys scripta elegans,Oklahoma,36.030038,-95.91191,31.0,2022-09-01T16:37
Trachemys scripta elegans,Texas,29.759884,-95.369803,51859.0,2022-08-21T08:00:41
Trachemys scripta elegans,Texas,31.617543,-94.640801,25.0,2022-09-10T12:20:39
Trachemys scripta elegans,Texas,29.604762,-95.527556,2.0,2022-08-30T14:12
Trachemys scripta elegans,Texas,30.965915,-95.90184,200.0,2022-09-05T10:16
Trachemys scripta elegans,Texas,29.742218,-95.754785,1517.0,2022-09-08T12:45
Trachemys scripta elegans,Texas,29.604699,-95.527554,25.0,2022-09-02T15:20:02
Trachemys scripta elegans,Texas,31.374818,-94.728152,400.0,2022-08-20
Trachemys scripta elegans,Texas,31.356838,-94.726484,150.0,2022-09-10
Trachemys scripta elegans,Texas,30.004933,-95.592872,4.0,2022-09-07T10:09:38
Trachemys scripta elegans,Texas,30.714325,-95.551704,63.0,2022-08-26T13:11:49
Trachemys scripta elegans,Texas,32.773867,-95.469048,29066.0,2022-08-30T12:06:31
Trachemys scripta elegans,Tennessee,36.377081,-86.355455,434.0,2022-09-07T12:06:15
Trachemys scripta elegans,Texas,29.767147,-95.452153,,2022-08-28T12:48
Trachemys scripta elegans,Texas,29.217613,-94.934444,143.0,2017-04-30T13:07
Trachemys scripta elegans,Arkansas,36.496619,-91.534493,251.0,2022-08-11T09:46
Trachemys scripta elegans,Louisiana,30.186271,-91.167853,12.0,2022-08-26T02:47
Trachemys scripta elegans,Texas,32.542709,-94.717168,4.0,2022-08-25T18:08
Trachemys scripta elegans,Texas,29.901131,-95.81459,1425.0,2022-07-31T23:04
Trachemys scripta elegans,Oklahoma,36.318809,-95.64298,7.0,2022-09-02T14:05:40
Trachemys scripta elegans,Texas,29.604747,-95.52756,2.0,2022-08-22T14:37
Trachemys scripta elegans,Oklahoma,36.227053,-95.896949,9.0,2022-09-04T10:13:19
Trachemys scripta elegans,Texas,29.605565,-94.555905,15.0,2022-09-10T18:35
Trachemys scripta elegans,Texas,29.604773,-95.527554,1.0,2022-08-22T14:37
Trachemys scripta elegans,Oklahoma,35.982636,-95.78787,22.0,2022-08-20T12:29
Trachemys scripta elegans,Texas,29.730496,-95.781591,172.0,2022-08-21T09:36
Trachemys scripta elegans,Texas,30.965948,-95.902636,4.0,2022-08-20T08:55:15
Trachemys scripta elegans,Texas,29.586079,-95.15505,24.0,2019-05-13T19:31:51Z
Trachemys scripta elegans,Texas,30.645999,-96.295635,10.0,2016-04-05T14:55:55
Trachemys scripta elegans,Texas,29.421006,-95.238179,2027.0,2022-08-10T17:45
Trachemys scripta elegans,Kentucky,36.93102,-85.044433,7.0,2022-08-01T17:02:45
Trachemys scripta elegans,Texas,29.974747,-95.768268,29433.0,2022-09-06T10:56:59
Trachemys scripta elegans,Texas,31.378937,-94.727818,200.0,2019-05-29
Trachemys scripta elegans,Texas,31.083775,-95.992522,3.0,2022-08-21T17:52:34
Trachemys scripta elegans,Oklahoma,36.029482,-95.911296,4.0,2022-08-17T20:14
Trachemys scripta elegans,Louisiana,30.002278,-90.095438,,2022-04-14T12:06
Trachemys scripta elegans,Texas,29.553776,-95.533621,15.0,2022-07-05T12:10:53
Trachemys scripta elegans,Florida,29.827412,-82.641452,31.0,2022-07-24T11:53
Trachemys scripta elegans,Louisiana,30.001505,-90.094903,,2022-04-14T12:09
Trachemys scripta elegans,Louisiana,30.276947,-91.885504,136.0,2022-08-30T09:01:36
Trachemys scripta elegans,Arkansas,35.653258,-90.924147,4.0,2022-08-06T18:32:24
Trachemys scripta elegans,Texas,29.63365,-95.663763,3.0,2022-07-03T19:24:45
Trachemys scripta elegans,Alabama,32.38713,-86.161605,11.0,2022-08-19T09:05:37
Trachemys scripta elegans,Texas,29.733496,-95.781248,31.0,2022-08-21T10:13
Trachemys scripta elegans,Texas,29.700687,-95.800775,12.0,2022-05-26T20:21:24
Trachemys scripta elegans,Texas,29.968514,-95.604765,4.0,2022-08-11T07:37:23
Trachemys scripta elegans,Tennessee,36.0853,-87.286025,8.0,2022-08-20T13:20
Trachemys scripta elegans,Texas,32.783025,-95.98642,5.0,2022-06-25T06:37:52
Trachemys scripta elegans,Texas,29.5815,-95.408882,35.0,2022-08-20T10:13
Trachemys scripta elegans,Texas,29.229255,-94.891693,,2022-08-28T16:55
Trachemys scripta elegans,Texas,29.804471,-95.819789,184.0,2022-06-26T02:16
Trachemys scripta elegans,Texas,29.593687,-95.588333,4.0,2022-08-15T17:38:40
Trachemys scripta elegans,Texas,33.614149,-96.097789,105.0,2016-05-01T12:32:54
Trachemys scripta elegans,Tennessee,35.845621,-86.39027,13651.0,2020-09-25T14:40
Trachemys scripta elegans,Tennessee,36.152569,-82.413115,433.0,2022-07-04T07:17
Trachemys scripta elegans,Texas,29.604715,-95.527564,4.0,2022-08-15T13:45
Trachemys scripta elegans,Texas,30.513413,-94.853671,5.0,2022-07-05T12:16:41
Trachemys scripta elegans,Texas,29.555245,-95.586539,5.0,2019-05-20T18:33:24Z
Trachemys scripta elegans,Texas,29.762393,-95.450154,65.0,2015-06-30T09:34:10
Trachemys scripta elegans,Texas,31.316389,-94.957779,,2019-06-11T13:56:06
Trachemys scripta elegans,Texas,29.713528,-95.389952,1783.0,2022-05-19T18:14:52
Trachemys scripta elegans,Texas,30.639997,-96.359574,2.0,2019-05-05T11:56
Trachemys scripta elegans,Texas,30.677925,-96.319824,,2021-12-29T13:50:24
Trachemys scripta elegans,Texas,29.76688,-95.452142,28.0,2022-08-14T16:41
Trachemys scripta elegans,Texas,29.615039,-95.512294,,2022-08-12T18:19
Trachemys scripta elegans,Louisiana,29.781817,-90.108773,267.0,2022-07-17T11:39
Trachemys scripta elegans,Tennessee,36.151597,-86.814034,5.0,2022-07-16T15:31:04
Trachemys scripta elegans,Texas,29.82057,-95.612159,16.0,2019-04-28T16:17Z
Trachemys scripta elegans,Texas,29.337122,-95.288949,198.0,2022-08-11T11:29
Trachemys scripta elegans,Louisiana,30.393704,-91.118982,15.0,2022-08-13T11:50:08
Trachemys scripta elegans,Arkansas,34.802096,-92.38358,335.0,2022-08-03T08:46
Trachemys scripta elegans,Texas,29.374078,-95.625337,5.0,2022-04-18T13:28:46
Trachemys scripta elegans,Alabama,33.485946,-86.778809,179.0,2017-05-28T08:38
Trachemys scripta elegans,Texas,29.57184,-94.390408,15.0,2022-04-30T11:09
Trachemys scripta elegans,Missouri,36.741195,-91.048816,28505.0,2022-08-10T17:09
Trachemys scripta elegans,Arkansas,34.23902,-91.991683,116.0,2022-08-02T10:50
Trachemys scripta elegans,Texas,29.596509,-95.072021,,2022-06-01T16:39
Trachemys scripta elegans,Texas,29.615089,-95.512099,14.0,2022-07-14T17:46
Trachemys scripta elegans,Texas,30.027302,-95.265088,122.0,2021-06-14T07:27
Trachemys scripta elegans,Texas,29.760842,-95.401747,4.0,2022-08-11T09:26
Trachemys scripta elegans,Mississippi,31.300054,-89.286853,730.0,2019-06-01T21:59
Trachemys scripta elegans,Texas,31.373542,-94.7293,28.0,2022-08-13
Trachemys scripta elegans,Texas,29.615131,-95.512253,,2022-08-12T18:18
Trachemys scripta elegans,Texas,31.45176,-94.702047,113.0,2022-08-09
Trachemys scripta elegans,Texas,29.636783,-95.660562,5.0,2022-08-05T17:15:29
Trachemys scripta elegans,Texas,29.766897,-95.452253,,2022-08-07T18:26
Trachemys scripta elegans,Louisiana,29.925964,-90.125793,563.0,2022-08-08T12:43:12
Trachemys scripta elegans,Texas,30.963069,-95.900896,4.0,2022-08-06T19:25:15
Trachemys scripta elegans,Texas,29.911503,-95.684386,,2022-08-06T17:50
Trachemys scripta elegans,Texas,29.764039,-95.453233,,2022-08-02T11:20:45
Trachemys scripta elegans,Texas,29.616889,-95.511764,,2022-08-03T17:56
Trachemys scripta elegans,Texas,32.480277,-95.298314,8.0,2022-08-07T08:47
Trachemys scripta elegans,Texas,29.615786,-95.514469,,2022-07-26T18:01
Trachemys scripta elegans,Missouri,36.578368,-93.304364,24.0,2022-08-01T18:29:14
Trachemys scripta elegans,Arkansas,36.301875,-94.020671,4.0,2022-07-31T16:14:21
Trachemys scripta elegans,Texas,30.579406,-94.378234,198.0,2022-05-21T09:53
Trachemys scripta elegans,Texas,29.615194,-95.512217,,2022-07-25T17:48
Trachemys scripta elegans,Louisiana,32.606088,-92.051572,33.0,2022-06-30T17:14
Trachemys scripta elegans,Florida,29.216451,-82.056973,202.0,2018-03-16T12:22
Trachemys scripta elegans,Texas,31.376874,-94.726114,28.0,2022-07-30
Trachemys scripta elegans,Texas,29.604745,-95.527558,3.0,2022-07-26T13:29
Trachemys scripta elegans,Arkansas,36.107282,-94.18214,200.0,2022-07-27T09:48
Trachemys scripta elegans,Oklahoma,36.134225,-96.036945,28592.0,2022-07-04T12:10
Trachemys scripta elegans,Texas,33.653244,-96.195946,9538.0,2022-06-28T08:55
Trachemys scripta elegans,Texas,29.615191,-95.512171,7.0,2022-07-14T17:43
Trachemys scripta elegans,Louisiana,30.438817,-91.364536,2880.0,2018-03-19T11:58
Trachemys scripta elegans,Texas,29.615294,-95.512158,5.0,2022-07-14T17:42
Trachemys scripta elegans,Arkansas,36.264713,-94.139839,65.0,2021-05-29T13:53:09
Trachemys scripta elegans,Texas,29.593653,-95.588391,,2022-06-24T10:49
Trachemys scripta elegans,Texas,30.679162,-96.318809,,2022-05-06T10:53:45
Trachemys scripta elegans,Georgia,33.995116,-83.329527,28902.0,2022-07-16T12:10:16
Trachemys scripta elegans,Arkansas,34.682519,-92.575814,64.0,2022-07-05T18:47
Trachemys scripta elegans,Kentucky,37.854527,-84.687833,2.0,2022-07-17T09:58
Trachemys scripta elegans,Louisiana,32.508363,-92.16731,,2022-07-16T08:17
Trachemys scripta elegans,Arkansas,34.492488,-94.388249,488.0,2022-06-18T10:33
Trachemys scripta elegans,Texas,29.727605,-95.632164,31.0,2022-07-17T08:06
Trachemys scripta elegans,Texas,31.356385,-94.727557,28.0,2022-07-16
Trachemys scripta elegans,Louisiana,32.508287,-92.167237,,2022-07-16T08:14
Trachemys scripta elegans,Oklahoma,36.07315,-95.994718,1753.0,2022-07-10T14:42
Trachemys scripta elegans,Texas,29.346287,-94.839966,29508.0,2022-07-15T17:49:41
Trachemys scripta elegans,Oklahoma,36.07315,-95.994718,1753.0,2022-07-10T14:42
Trachemys scripta elegans,North Carolina,35.49892,-80.863537,,2022-07-08T13:18
Trachemys scripta elegans,Texas,29.604775,-95.527566,3.0,2022-07-14T14:06
Trachemys scripta elegans,Texas,29.615228,-95.512239,,2022-07-22T18:26
Trachemys scripta elegans,Texas,29.744792,-95.281344,45.0,2022-07-07T21:37:46
Trachemys scripta elegans,Texas,30.781142,-95.660637,,2022-07-16T15:15:20
Trachemys scripta elegans,Texas,29.766905,-95.452195,4.0,2022-07-16T18:27:49
Trachemys scripta elegans,Mississippi,31.292098,-89.240974,20327.0,2019-07-02T15:41
Trachemys scripta elegans,Texas,29.524533,-95.407847,,2022-02-10T11:25:39Z
Trachemys scripta elegans,Florida,30.417727,-86.598228,4.0,2022-07-07T15:03:42
Trachemys scripta elegans,Texas,30.288612,-95.598731,31.0,2022-07-16T10:10
Trachemys scripta elegans,Alabama,30.248022,-88.08699,,2022-06-21T08:13
Trachemys scripta elegans,Texas,29.76655,-95.452919,,2022-07-04T14:27
Trachemys scripta elegans,Louisiana,30.242976,-89.679635,357.0,2022-07-11T10:18:21
Trachemys scripta elegans,Louisiana,30.219372,-91.956146,,2022-07-02T10:17
Trachemys scripta elegans,Missouri,37.097524,-94.019233,6.0,2022-07-11T10:14:27
Trachemys scripta elegans,Texas,29.199242,-94.959219,8.0,2022-05-22T15:00:16
Trachemys scripta elegans,Texas,29.563131,-94.389923,1331.0,2022-04-13T12:17
Trachemys scripta elegans,Louisiana,30.003538,-90.09527,,2022-04-14T11:17
Trachemys scripta elegans,Texas,29.724303,-95.6269,,2022-07-14T13:45
Trachemys scripta elegans,Arkansas,36.384603,-90.221956,5.0,2021-05-11T16:19
Trachemys scripta elegans,Arkansas,34.247128,-91.911357,,2022-07-11T09:23:49
Trachemys scripta elegans,Texas,29.635276,-95.661657,8.0,2022-07-05T10:09:56
Trachemys scripta elegans,Louisiana,32.508121,-92.169587,255.0,2022-07-16T08:16
Trachemys scripta elegans,Texas,29.766913,-95.452182,15.0,2022-06-25T16:25
Trachemys scripta elegans,Texas,29.589398,-95.591826,149.0,2022-07-22T11:06
Trachemys scripta elegans,Texas,32.515304,-94.760032,31.0,2022-07-03T16:45
Trachemys scripta elegans,Texas,29.781,-95.376152,4.0,2022-07-05T18:15
Trachemys scripta elegans,Texas,30.149739,-95.763808,40.0,2022-07-16T09:00:15
Trachemys scripta elegans,Oklahoma,36.231688,-95.883578,2164.0,2022-05-11T09:07:46
Trachemys scripta elegans,Mississippi,30.519612,-89.662485,826.0,2022-07-17T17:17:52
Trachemys scripta elegans,Oklahoma,36.628151,-96.356962,12004.0,2018-06-30T16:44
Trachemys scripta elegans,Louisiana,30.406033,-91.103408,8.0,2022-07-21T07:39:29
Trachemys scripta elegans,Texas,31.357626,-94.726634,50.0,2022-07-10
Trachemys scripta elegans,Texas,29.734553,-95.655215,,2022-07-24T08:54
Trachemys scripta elegans,Texas,29.579005,-95.629983,4.0,2022-07-04T22:04:56
Trachemys scripta elegans,Texas,30.418656,-95.665194,,2022-07-08T09:03:42
Trachemys scripta elegans,Texas,29.766945,-95.454589,1349.0,2022-07-07T18:29:12
Trachemys scripta elegans,Texas,29.7248,-95.630893,,2022-07-07T08:36
Trachemys scripta elegans,Louisiana,30.356538,-91.095278,8.0,2020-07-03T08:54:38
Trachemys scripta elegans,Kentucky,36.764137,-88.232763,6.0,2020-09-27T14:18:43Z
Trachemys scripta elegans,Texas,29.635167,-95.660529,201.0,2022-07-10T09:10
Trachemys scripta elegans,Oklahoma,36.552726,-95.085749,28534.0,2022-07-07T13:34:47
Trachemys scripta elegans,Texas,29.783127,-95.624212,24.0,2019-04-26T12:08:49Z
Trachemys scripta elegans,North Carolina,35.754368,-81.85443,24.0,2022-07-13T10:57:45
Trachemys scripta elegans,Arkansas,35.717791,-90.422975,142.0,2022-07-02
Trachemys scripta elegans,Texas,30.564671,-96.367367,15.0,2022-06-20T10:05
Trachemys scripta elegans,Texas,29.771542,-95.569388,6.0,2022-07-02T18:30:27
Trachemys scripta elegans,Tennessee,36.173995,-86.641708,3308.0,2022-07-01T12:05
Trachemys scripta elegans,Missouri,37.449139,-91.107709,,2022-06-07T14:40:56
Trachemys scripta elegans,Texas,30.023689,-95.329041,1399.0,2022-04-30T13:45:47
Trachemys scripta elegans,Missouri,37.520784,-94.571238,,2022-06-16T08:40:24
Trachemys scripta elegans,Texas,31.444169,-94.692841,1703.0,2022-06-03
Trachemys scripta elegans,Texas,32.692152,-94.178487,,2022-06-25T09:33
Trachemys scripta elegans,Alabama,30.248131,-88.086876,,2022-06-19T15:11
Trachemys scripta elegans,Texas,29.725707,-95.631287,,2022-06-28T09:28
Trachemys scripta elegans,Texas,29.582592,-95.415314,30.0,2022-06-12T09:12
Trachemys scripta elegans,Texas,31.68363,-94.583472,4.0,2022-06-25T10:08:42
Trachemys scripta elegans,Texas,32.536858,-94.730148,,2022-06-18T10:37
Trachemys scripta elegans,Kansas,37.353008,-94.831981,4.0,2022-06-28T09:25:29
Trachemys scripta elegans,Texas,29.657621,-94.546605,199.0,2022-06-23T12:10
Trachemys scripta elegans,Tennessee,35.150316,-89.994833,,2022-05-29T11:47
Trachemys scripta elegans,Tennessee,36.063193,-86.806857,15.0,2022-06-19T14:14
Trachemys scripta elegans,Tennessee,35.054648,-89.562374,41.0,2022-06-01T10:26:32
Trachemys scripta elegans,Texas,29.728341,-95.75044,156.0,2022-05-31T19:07:49
Trachemys scripta elegans,Texas,31.37515,-94.728399,400.0,2022-06-05
Trachemys scripta elegans,Tennessee,36.063089,-86.80965,176.0,2022-05-28T00:24
Trachemys scripta elegans,Missouri,37.506419,-94.560282,,2022-06-10T16:13:22
Trachemys scripta elegans,Louisiana,30.356339,-91.094856,,2022-05-28T17:06:01
Trachemys scripta elegans,Texas,33.115717,-94.583278,3.0,2022-05-27T07:53:30
Trachemys scripta elegans,Missouri,36.658306,-94.071994,8269.0,2022-05-28T18:14
Trachemys scripta elegans,Illinois,37.376465,-88.929611,44.0,2022-06-07T10:26:48
Trachemys scripta elegans,Missouri,37.171783,-93.330367,4.0,2022-06-16T09:03:11
Trachemys scripta elegans,Texas,29.566582,-95.407218,58.0,2022-06-19T08:32
Trachemys scripta elegans,Texas,30.026759,-95.295087,25.0,2022-05-30T10:52
Trachemys scripta elegans,Texas,29.556424,-95.5811,29483.0,2022-06-16T18:55
Trachemys scripta elegans,Texas,33.00829,-94.700669,2.0,2022-06-03T12:32
Trachemys scripta elegans,Texas,30.026768,-95.295108,25.0,2022-05-30T10:51
Trachemys scripta elegans,Arkansas,35.924895,-91.247765,56.0,2022-07-03T11:03
Trachemys scripta elegans,Texas,30.03825,-95.380787,166.0,2022-04-08T12:45
Trachemys scripta elegans,Texas,30.03825,-95.380787,166.0,2022-04-08T12:43
Trachemys scripta elegans,Louisiana,32.300734,-93.810952,29120.0,2022-06-19T10:52
Trachemys scripta elegans,Tennessee,36.438977,-89.070595,4.0,2022-07-02T11:29
Trachemys scripta elegans,Arkansas,36.270245,-94.498202,28563.0,2022-06-15T07:58
Trachemys scripta elegans,Florida,30.480198,-86.49234,8.0,2022-06-29T08:27:44
Trachemys scripta elegans,Arkansas,34.986613,-92.37748,4.0,2022-06-11T11:39:09
Trachemys scripta elegans,Texas,30.685103,-94.933482,15.0,2022-06-08T07:28:33
Trachemys scripta elegans,Tennessee,35.118649,-89.828964,4.0,2022-05-30T07:49:56
Trachemys scripta elegans,Louisiana,30.371543,-91.067863,60.0,2022-04-25T11:10:10
Trachemys scripta elegans,Tennessee,36.563551,-82.225959,67.0,2022-07-01T12:08
Trachemys scripta elegans,Texas,29.377083,-95.612225,,2021-09-08T11:00
Trachemys scripta elegans,Texas,29.512366,-95.137782,,2022-06-02T19:20
Trachemys scripta elegans,Tennessee,36.416801,-87.282906,15.0,2022-07-02T15:06
Trachemys scripta elegans,North Carolina,35.63354,-82.55794,,2022-05-31T23:35:51
Trachemys scripta elegans,Texas,29.6048,-95.527577,2.0,2022-06-03T13:49
Trachemys scripta elegans,Kentucky,37.918812,-85.660878,14.0,2021-09-05T15:14:14
Trachemys scripta elegans,Tennessee,35.185492,-85.177144,28734.0,2022-06-21T11:04:05
Trachemys scripta elegans,Louisiana,30.598303,-91.007156,4.0,2022-04-13T07:34:58
Trachemys scripta elegans,Texas,29.764445,-95.45369,15.0,2022-06-11T11:27
Trachemys scripta elegans,Tennessee,36.086879,-87.275211,8.0,2019-05-25T14:35
Trachemys scripta elegans,Texas,30.029464,-95.294045,75.0,2022-07-01T19:22:52
Trachemys scripta elegans,Georgia,34.059331,-84.101944,29.0,2022-06-11T13:18:12
Trachemys scripta elegans,Louisiana,32.849308,-93.51545,4.0,2022-06-09T10:21:52
Trachemys scripta elegans,Texas,29.563442,-95.123458,6.0,2022-06-24T07:17:46
Trachemys scripta elegans,Louisiana,29.879062,-90.024313,,2022-06-03T11:23
Trachemys scripta elegans,Texas,29.207263,-95.243477,3011.0,2021-06-19T05:41:41
Trachemys scripta elegans,Louisiana,29.696186,-91.203438,1432.0,2022-06-16T06:59:47
Trachemys scripta elegans,Texas,29.764558,-95.453731,,2022-06-20T15:05
Trachemys scripta elegans,Texas,29.764908,-95.685431,5.0,2022-06-14T13:28
Trachemys scripta elegans,Tennessee,36.571614,-82.232183,915.0,2022-06-25T14:06
Trachemys scripta elegans,Louisiana,30.031571,-89.966224,153.0,2022-06-05T10:17
Trachemys scripta elegans,Louisiana,30.021633,-90.126495,,2022-06-04T12:53
Trachemys scripta elegans,Texas,31.357388,-94.726291,215.0,2022-06-13
Trachemys scripta elegans,Arkansas,33.96932,-91.386771,,2022-06-04T10:03:50
Trachemys scripta elegans,Tennessee,36.563393,-82.226044,46.0,2022-06-24T10:05
Trachemys scripta elegans,Texas,29.76687,-95.452171,22.0,2022-06-04T19:14
Trachemys scripta elegans,Texas,29.566582,-95.407218,58.0,2022-06-19T07:43
Trachemys scripta elegans,Florida,30.354696,-81.46524,488.0,2021-12-01T13:35:19
Trachemys scripta elegans,Texas,29.370258,-95.705993,2286.0,2022-06-17T07:10:21
Trachemys scripta elegans,Kentucky,37.550003,-84.187128,,2022-06-04T09:23:58
Trachemys scripta elegans,Texas,29.628739,-95.611381,11.0,2022-06-21T11:27
Trachemys scripta elegans,Missouri,36.64389,-93.357641,687.0,2022-06-04T11:49:43
Trachemys scripta elegans,Tennessee,36.148946,-86.81275,1030.0,2022-05-27T19:47
Trachemys scripta elegans,Missouri,37.717357,-91.107996,,2022-06-16T11:23:25
Trachemys scripta elegans,Texas,32.630433,-95.464837,2.0,2022-05-28T10:26
Trachemys scripta elegans,Missouri,37.50338,-93.289089,322.0,2022-06-02T16:23:59
Trachemys scripta elegans,Arkansas,36.144502,-90.627846,28592.0,2022-05-29T17:34
Trachemys scripta elegans,Texas,29.781039,-95.624758,,2022-05-30T18:41
Trachemys scripta elegans,Tennessee,35.681006,-86.264506,1600294.0,2022-06-05T08:41:58
Trachemys scripta elegans,Missouri,36.577513,-93.606878,206.0,2022-05-28T19:02
Trachemys scripta elegans,Texas,29.731851,-94.562063,10.0,2022-06-10T08:49
Trachemys scripta elegans,Texas,29.76688,-95.452177,20.0,2022-05-28T17:56
Trachemys scripta elegans,Louisiana,29.983933,-90.097619,65.0,2021-07-18T11:14:52Z
Trachemys scripta elegans,Texas,29.766877,-95.452154,22.0,2022-07-04T13:51
Trachemys scripta elegans,Illinois,37.361795,-88.928459,1390.0,2022-05-26T11:58
Trachemys scripta elegans,Texas,29.718726,-94.821319,29458.0,2019-04-05T16:09:43Z
Trachemys scripta elegans,Texas,30.09559,-95.3971,10.0,2022-06-28T10:08
Trachemys scripta elegans,Texas,29.806641,-95.765534,858.0,2022-04-11T18:59
Trachemys scripta elegans,Tennessee,35.266089,-90.064916,27.0,2022-06-04
Trachemys scripta elegans,Texas,29.399522,-95.244438,6.0,2021-03-19T09:38:26Z
Trachemys scripta elegans,Indiana,37.961659,-87.618424,192.0,2022-04-10T12:37
Trachemys scripta elegans,Oklahoma,35.426389,-94.987524,28677.0,2020-11-08T14:30
Trachemys scripta elegans,Texas,30.591643,-94.34631,29356.0,2022-05-14T09:07:22
Trachemys scripta elegans,Indiana,37.961659,-87.618424,192.0,2022-04-10T12:37
Trachemys scripta elegans,Louisiana,30.598406,-91.007054,4.0,2022-02-22T15:21
Trachemys scripta elegans,Texas,29.913261,-95.684231,,2022-07-02T18:51
Trachemys scripta elegans,Texas,30.09554,-95.39715,10.0,2022-06-28T10:08
Trachemys scripta elegans,Texas,29.766888,-95.452057,22.0,2022-07-04T13:51
Trachemys scripta elegans,Texas,29.545041,-95.176769,4.0,2022-07-06T13:32
Trachemys scripta elegans,Oklahoma,36.768718,-95.959017,24.0,2022-07-03T13:51:02
Trachemys scripta elegans,Arkansas,34.738725,-92.438308,4.0,2022-05-27T11:37:01
Trachemys scripta elegans,Texas,30.036336,-95.220895,22.0,2019-01-12T12:53:20Z
Trachemys scripta elegans,Texas,29.69376,-93.96399,,2021-06-05T08:04:58
Trachemys scripta elegans,Texas,29.77127,-95.569138,4.0,2022-07-02T17:43:47
Trachemys scripta elegans,Texas,29.72772,-95.63187,,2022-07-05T07:50
Trachemys scripta elegans,Texas,29.604653,-95.527517,1.0,2022-06-23T12:06
Trachemys scripta elegans,Arkansas,36.45464,-94.535876,28534.0,2022-06-26T10:33
Trachemys scripta elegans,Louisiana,31.753436,-93.09925,7.0,2022-06-29T11:44:30
Trachemys scripta elegans,Texas,29.607206,-94.554737,279.0,2021-12-09T10:04
Trachemys scripta elegans,Texas,29.76455,-95.453811,,2022-06-20T16:26
Trachemys scripta elegans,Louisiana,29.93435,-90.124418,21.0,2022-06-29T12:56:03
Trachemys scripta elegans,Texas,30.559221,-96.208476,151.0,2022-06-04T10:43
Trachemys scripta elegans,Texas,30.054575,-95.47824,81.0,2017-02-14T16:53
Trachemys scripta elegans,Georgia,32.467542,-84.996185,216.0,2022-06-15T00:15:26
Trachemys scripta elegans,Texas,29.766919,-95.452206,,2022-06-20T14:40
Trachemys scripta elegans,Texas,31.372871,-94.728136,50.0,2022-06-30
Trachemys scripta elegans,Texas,31.484122,-94.931495,4.0,2022-06-10T11:36:26
Trachemys scripta elegans,Louisiana,30.807388,-92.28421,,2022-06-17T08:01
Trachemys scripta elegans,Georgia,33.87806,-84.832104,621.0,2022-06-04T11:28
Trachemys scripta elegans,Oklahoma,36.163842,-96.097367,7.0,2022-06-09T18:43
Trachemys scripta elegans,Arkansas,35.457059,-93.474156,5.0,2022-05-31T09:44:06
Trachemys scripta elegans,Oklahoma,35.802928,-96.176462,2508.0,2022-06-24T08:42
Trachemys scripta elegans,Texas,29.610984,-94.545581,1381.0,2022-06-22T14:39
Trachemys scripta elegans,Texas,31.37515,-94.728399,428.0,2022-05-30
Trachemys scripta elegans,Texas,29.762019,-95.450035,88.0,2022-06-24T20:54:40
Trachemys scripta elegans,Arkansas,34.986462,-92.3684,4.0,2022-06-07T13:25:09
Trachemys scripta elegans,Oklahoma,36.301923,-95.220341,,2022-05-29T18:42:56
Trachemys scripta elegans,Louisiana,30.804022,-92.287526,,2022-06-17T11:00
Trachemys scripta elegans,Texas,29.598443,-95.622552,8142.0,2022-06-14T10:30
Trachemys scripta elegans,Arkansas,36.102349,-94.162117,200.0,2022-06-04T15:14:30
Trachemys scripta elegans,Texas,29.563131,-94.389923,1331.0,2019-05-04T18:47
Trachemys scripta elegans,Mississippi,34.099101,-90.129055,3416.0,2022-06-13T09:35:06
Trachemys scripta elegans,Tennessee,36.086292,-86.742802,,2022-05-30T12:37
Trachemys scripta elegans,Louisiana,30.369322,-91.104903,,2021-05-29T13:22:58
Trachemys scripta elegans,Texas,29.614211,-94.551567,5.0,2022-06-02T14:05
Trachemys scripta elegans,Texas,29.702794,-95.565485,50.0,2022-04-23T12:04
Trachemys scripta elegans,Arkansas,36.051227,-94.149351,237.0,2022-06-06T18:28:25
Trachemys scripta elegans,Texas,32.630416,-95.464808,2.0,2022-05-28T10:25
Trachemys scripta elegans,Texas,29.960919,-95.618169,4.0,2022-06-02T08:30
Trachemys scripta elegans,Texas,29.60088,-95.1242,4.0,2022-05-31T11:36:52
Trachemys scripta elegans,Kentucky,37.540094,-84.188347,,2022-06-02T18:57
Trachemys scripta elegans,Arkansas,36.241548,-94.24579,9.0,2022-05-31T11:04:13
Trachemys scripta elegans,Texas,32.217723,-95.766767,,2022-05-28T09:39
Trachemys scripta elegans,Arkansas,34.996795,-92.042402,372.0,2022-05-30T07:53:38
Trachemys scripta elegans,Texas,32.630535,-95.464839,4.0,2022-05-28T10:25
Trachemys scripta elegans,Texas,29.21713,-94.934833,116.0,2020-05-23T07:21
Trachemys scripta elegans,Arkansas,36.237595,-94.143028,28563.0,2021-07-12T15:01
Trachemys scripta elegans,Texas,29.806641,-95.765534,858.0,2020-09-03T00:28
Trachemys scripta elegans,Louisiana,30.598363,-91.006669,4.0,2022-04-24T07:15:48
Trachemys scripta elegans,Texas,29.806641,-95.765534,858.0,2020-09-23T00:41
Trachemys scripta elegans,Texas,29.698867,-95.875636,203.0,2021-01-02T06:46
Trachemys scripta elegans,Texas,29.615021,-95.512156,6.0,2022-05-26T17:24
Trachemys scripta elegans,Louisiana,30.003794,-90.09494,15.0,2020-03-09T15:11
Trachemys scripta elegans,Kentucky,37.918685,-85.660712,27.0,2021-09-05T15:12:07
Trachemys scripta elegans,Texas,29.615244,-95.512208,2.0,2022-05-26T18:26
Trachemys scripta elegans,Arkansas,34.444107,-92.95739,59.0,2022-05-24T08:39:06
Trachemys scripta elegans,Texas,29.719081,-95.391815,25.0,2022-05-23T11:51:46
Trachemys scripta elegans,Texas,29.615228,-95.512197,,2022-05-23T17:27
Trachemys scripta elegans,Texas,29.648497,-95.471222,310.0,2022-05-21T14:05
Trachemys scripta elegans,Texas,29.60262,-94.447542,,2022-05-02T23:37
Trachemys scripta elegans,Texas,29.591097,-95.273308,7.0,2022-05-22T13:45:46
Trachemys scripta elegans,Texas,29.571946,-94.389918,200.0,2022-05-02T01:12
Trachemys scripta elegans,Alabama,32.235928,-85.886078,10.0,2022-05-22T09:10:28
Trachemys scripta elegans,Illinois,37.733204,-89.147237,741.0,2022-05-20T15:26
Trachemys scripta elegans,Texas,29.532596,-95.089437,151.0,2022-05-23T12:58
Trachemys scripta elegans,Texas,29.596517,-95.072005,5.0,2022-05-22T16:34:17
Trachemys scripta elegans,Texas,29.593003,-95.583237,4.0,2022-05-25T18:22:18
Trachemys scripta elegans,Texas,29.373873,-95.622483,6.0,2022-05-23T10:19:53
Trachemys scripta elegans,Louisiana,30.303614,-93.172123,6.0,2022-05-21T08:52:44
Trachemys scripta elegans,Texas,29.76442,-95.429893,186.0,2022-05-20T05:16
Trachemys scripta elegans,Arkansas,34.983792,-92.365028,4.0,2022-05-23T14:14:08
Trachemys scripta elegans,Texas,30.858805,-95.399119,61.0,2022-05-21T09:32
Trachemys scripta elegans,Texas,30.593252,-96.312049,183.0,2022-05-25T11:18:11
Trachemys scripta elegans,Arkansas,36.135906,-94.328992,28592.0,2022-05-20T10:59:55
Trachemys scripta elegans,Arkansas,35.816372,-90.692806,,2022-05-22T14:47:58
Trachemys scripta elegans,Arkansas,35.767198,-90.704909,244.0,2022-05-21T10:00
Trachemys scripta elegans,Texas,29.166656,-95.636847,4.0,2022-05-22T13:43:51
Trachemys scripta elegans,Texas,32.360395,-96.000483,,2022-05-21T07:52:22
Trachemys scripta elegans,Texas,29.794428,-95.405939,29458.0,2022-05-22T10:16
Trachemys scripta elegans,Kentucky,36.733372,-88.116644,36.0,2022-05-19T12:48:55
Trachemys scripta elegans,Texas,29.806641,-95.765534,858.0,2022-05-05T00:20
Trachemys scripta elegans,Kentucky,36.733375,-88.117042,13.0,2022-05-19T12:57:18
Trachemys scripta elegans,Texas,29.700825,-95.800758,,2022-05-20T17:28:54
Trachemys scripta elegans,Texas,29.58622,-95.155176,2.0,2022-05-20T17:43
Trachemys scripta elegans,Texas,29.767114,-95.452222,,2022-05-21T17:29
Trachemys scripta elegans,Mississippi,31.523512,-91.417075,5.0,2022-05-21T10:08:53
Trachemys scripta elegans,Texas,29.60262,-94.447542,,2022-05-20T21:00
Trachemys scripta elegans,Tennessee,35.136731,-89.83148,605.0,2022-05-26T09:22
Trachemys scripta elegans,Texas,29.163253,-95.635178,4.0,2022-05-22T13:38:40
Trachemys scripta elegans,Texas,29.160928,-95.6307,4.0,2022-05-22T13:31:52
Trachemys scripta elegans,Texas,30.564183,-96.355238,4.0,2022-05-25T12:04:21
Trachemys scripta elegans,Texas,29.511553,-95.138656,,2022-05-21T18:43
Trachemys scripta elegans,Tennessee,36.114087,-84.111062,,2022-05-03T12:03
Trachemys scripta elegans,Texas,30.858805,-95.399119,61.0,2022-05-21T08:49
Trachemys scripta elegans,Texas,29.766886,-95.452123,22.0,2022-05-21T17:25
Trachemys scripta elegans,Florida,30.360465,-81.45716,29382.0,2022-05-18T08:46:48
Trachemys scripta elegans,Texas,29.732168,-95.782091,392.0,2022-05-15T08:43
Trachemys scripta elegans,Texas,31.374927,-94.724894,28.0,2022-05-19
Trachemys scripta elegans,Tennessee,35.148335,-89.993541,101.0,2022-05-17T10:04:19
Trachemys scripta elegans,Mississippi,30.412634,-88.40377,85.0,2022-05-19T09:04:35
Trachemys scripta elegans,Texas,29.604128,-95.137611,5.0,2022-05-17T10:55:20
Trachemys scripta elegans,Texas,30.200376,-95.559431,155.0,2022-05-18T18:41:19
Trachemys scripta elegans,Texas,30.591499,-96.335316,4.0,2022-05-19T12:36:40
Trachemys scripta elegans,Texas,29.593186,-95.666227,26.0,2022-05-18T18:38:07
Trachemys scripta elegans,Texas,29.806641,-95.765534,858.0,2022-04-26T20:27
Trachemys scripta elegans,South Carolina,33.9395,-81.307687,4.0,2022-04-24T17:57:49
Trachemys scripta elegans,Texas,30.0267,-95.295022,4.0,2022-05-14T10:33:13
Trachemys scripta elegans,Texas,30.021706,-95.747253,35.0,2022-05-14T10:49:02
Trachemys scripta elegans,Mississippi,30.417988,-88.423111,4.0,2022-05-19T09:04:26
Trachemys scripta elegans,Arkansas,33.87218,-94.092055,35.0,2022-05-15T16:07:05
Trachemys scripta elegans,Texas,30.603017,-96.360017,5.0,2022-04-23T19:57:20
Trachemys scripta elegans,Texas,33.06552,-95.66239,5.0,2022-05-08T10:39:33
Trachemys scripta elegans,Texas,29.374214,-95.604212,4.0,2022-04-23T12:13:56
Trachemys scripta elegans,Texas,31.37518,-94.728019,400.0,2022-05-13
Trachemys scripta elegans,Texas,30.491646,-94.333635,29356.0,2021-05-16T09:20
Trachemys scripta elegans,Texas,29.716822,-95.390553,7.0,2022-05-17T11:19:28
Trachemys scripta elegans,Texas,29.988873,-95.622959,29433.0,2022-05-19T08:24:07
Trachemys scripta elegans,Kentucky,37.350461,-87.517472,8.0,2022-05-16T14:52
Trachemys scripta elegans,Texas,28.98177,-96.010321,4.0,2022-05-14T16:29
Trachemys scripta elegans,Texas,32.30776,-95.256308,,2022-05-01T10:25
Trachemys scripta elegans,Texas,29.594351,-95.072425,4.0,2022-04-21T10:37:07
Trachemys scripta elegans,Arkansas,35.185967,-94.285995,9.0,2022-05-12T07:34:30
Trachemys scripta elegans,Texas,32.676788,-94.18294,4.0,2022-05-06T10:12:51
Trachemys scripta elegans,Texas,28.98292,-96.009828,2.0,2022-05-14T16:48
Trachemys scripta elegans,Tennessee,35.136731,-89.83148,605.0,2022-05-16T17:32
Trachemys scripta elegans,Oklahoma,36.225658,-95.892151,820.0,2022-05-14T10:58
Trachemys scripta elegans,Arkansas,35.970269,-94.356121,199.0,2022-05-18T11:55:23
Trachemys scripta elegans,Texas,29.767444,-95.703744,,2022-05-13T20:11:23
Trachemys scripta elegans,Arkansas,35.117742,-92.942184,31.0,2022-05-13T13:45
Trachemys scripta elegans,Texas,29.713555,-95.389952,1783.0,2022-05-14T19:46:44
Trachemys scripta elegans,Missouri,37.12698,-93.24077,191.0,2022-05-16T12:08:37
Trachemys scripta elegans,Arkansas,35.357053,-93.997703,8.0,2022-05-14T10:56
Trachemys scripta elegans,Texas,29.636478,-95.6603,6.0,2022-04-21T09:36:48
Trachemys scripta elegans,Arkansas,35.319606,-93.181626,31.0,2022-04-25T14:30:29
Trachemys scripta elegans,Arkansas,36.423052,-90.563707,66.0,2022-05-17T14:53
Trachemys scripta elegans,Texas,32.730973,-95.217477,13.0,2022-04-30T15:16:29
Trachemys scripta elegans,Arkansas,36.381303,-90.185141,36.0,2022-05-19T09:25:04
Trachemys scripta elegans,Texas,29.65875,-94.54856,10.0,2022-05-12T12:34
Trachemys scripta elegans,Oklahoma,35.732782,-95.3118,174.0,2022-05-10T09:17:38
Trachemys scripta elegans,Texas,29.66863,-94.50363,10.0,2022-05-12T09:13
Trachemys scripta elegans,Texas,31.357058,-94.726484,156.0,2022-05-15
Trachemys scripta elegans,Louisiana,29.788477,-90.129862,1949.0,2021-05-13T13:47
Trachemys scripta elegans,Texas,29.68591,-94.37375,10.0,2022-05-11T08:45
Trachemys scripta elegans,Arkansas,34.9925,-92.386155,7.0,2022-05-16T12:07:06
Trachemys scripta elegans,Texas,29.771068,-95.568835,,2022-03-06T14:21
Trachemys scripta elegans,Texas,29.724469,-95.769903,185.0,2022-05-19T00:27:31
Trachemys scripta elegans,Texas,29.67617,-94.42685,10.0,2022-05-12T09:04
Trachemys scripta elegans,Alabama,33.478558,-87.657167,12.0,2022-05-06T15:26:39
Trachemys scripta elegans,Texas,29.657621,-94.546605,199.0,2022-04-30T19:07
Trachemys scripta elegans,Texas,29.580804,-95.09914,358.0,2022-03-16T15:01:40
Trachemys scripta elegans,Louisiana,30.391918,-90.115784,10.0,2022-05-13T12:31
Trachemys scripta elegans,Texas,29.69831,-94.37435,10.0,2022-05-11T08:42
Trachemys scripta elegans,Texas,29.518536,-95.089378,4.0,2022-04-26T13:22:23
Trachemys scripta elegans,Arkansas,35.180317,-92.533168,28734.0,2022-05-12T20:12:20
Trachemys scripta elegans,Louisiana,31.770972,-93.084685,30.0,2022-05-12T19:00:10
Trachemys scripta elegans,Tennessee,35.149122,-89.993391,531.0,2017-09-08T12:34:22
Trachemys scripta elegans,Texas,30.246912,-94.180887,7.0,2022-04-28T11:33:06
Trachemys scripta elegans,Texas,30.201435,-95.543551,8.0,2022-05-07T13:39
Trachemys scripta elegans,Texas,29.993534,-95.195682,255.0,2022-05-14T15:14:49
Trachemys scripta elegans,Texas,29.604602,-94.553909,122.0,2022-05-07T17:36
Trachemys scripta elegans,Texas,29.769078,-95.704481,,2022-05-13T19:59:37
Trachemys scripta elegans,Arkansas,33.661633,-94.32412,4.0,2022-05-09T12:57:45
Trachemys scripta elegans,Oklahoma,33.96862,-95.452034,,2022-05-13T10:16:05
Trachemys scripta elegans,Oklahoma,36.225658,-95.892151,820.0,2022-05-14T09:51
Trachemys scripta elegans,Texas,29.66861,-94.50346,10.0,2022-05-11T09:06
Trachemys scripta elegans,Texas,30.228077,-95.468902,,2022-04-30T15:43:19
Trachemys scripta elegans,North Carolina,35.635238,-82.561932,191.0,2022-05-16T13:23:28
Trachemys scripta elegans,Texas,29.370192,-95.622808,,2022-05-14T15:54:06
Trachemys scripta elegans,Texas,29.6762,-94.40919,10.0,2022-05-11T08:53
Trachemys scripta elegans,Texas,30.867864,-94.17299,1714.0,2022-04-22T16:13
Trachemys scripta elegans,Texas,29.760835,-95.401434,4.0,2022-05-10T19:46
Trachemys scripta elegans,Texas,29.537585,-95.380227,9.0,2022-05-01T16:37:14
Trachemys scripta elegans,Texas,32.022575,-94.432822,4.0,2022-05-01T11:00:18
Trachemys scripta elegans,Texas,30.616923,-95.536829,34.0,2022-04-19T14:20
Trachemys scripta elegans,Texas,29.682358,-95.266245,4.0,2022-05-02T10:47:59
Trachemys scripta elegans,Texas,29.473897,-95.249365,,2022-04-29T11:53
Trachemys scripta elegans,Arkansas,35.077347,-92.461075,4.0,2022-05-01T11:12:49
Trachemys scripta elegans,Texas,32.549435,-94.734829,2.0,2022-05-02T15:45
Trachemys scripta elegans,Texas,29.819644,-95.64788,29433.0,2022-05-03T09:20:55
Trachemys scripta elegans,Louisiana,30.54437,-90.935564,15.0,2022-05-01T11:18
Trachemys scripta elegans,Texas,29.806641,-95.765534,858.0,2022-04-20T19:51
Trachemys scripta elegans,Arkansas,36.132401,-94.175182,113.0,2022-03-14T14:40:26
Trachemys scripta elegans,Oklahoma,35.892686,-95.140554,,2022-05-06T16:35:38
Trachemys scripta elegans,Texas,30.587878,-96.35543,4.0,2022-05-03T18:42:30
Trachemys scripta elegans,Texas,29.771952,-95.570185,351.0,2022-04-29T23:03:29
Trachemys scripta elegans,Oklahoma,35.980237,-96.135942,107.0,2022-05-06T19:02:52
Trachemys scripta elegans,Illinois,37.555671,-89.440924,4.0,2022-04-22T12:42
Trachemys scripta elegans,Texas,29.771569,-95.569496,,2022-05-01T16:21:19
Trachemys scripta elegans,Louisiana,30.154276,-92.433257,,2022-05-08T09:13
Trachemys scripta elegans,Texas,30.616923,-95.536829,34.0,2022-04-19T14:19
Trachemys scripta elegans,Arkansas,36.495799,-91.535512,193.0,2022-05-05T15:05
Trachemys scripta elegans,Texas,29.972142,-95.572991,40.0,2022-05-02T19:07
Trachemys scripta elegans,Texas,29.64511,-95.719516,2.0,2022-05-02T14:24
Trachemys scripta elegans,Louisiana,30.457614,-91.182847,2.0,2022-05-02T12:13
Trachemys scripta elegans,Georgia,33.385953,-81.964761,4.0,2022-05-07T12:44:34
Trachemys scripta elegans,Louisiana,32.351955,-93.159395,137243.0,2022-05-06T14:18:52
Trachemys scripta elegans,Texas,29.766096,-95.451798,15.0,2022-04-30T17:35
Trachemys scripta elegans,Texas,32.730912,-95.21748,16.0,2022-04-30T15:59:03
Trachemys scripta elegans,Texas,32.633118,-95.466125,,2022-05-01T14:26
Trachemys scripta elegans,Texas,29.766906,-95.452076,28.0,2022-05-01T17:18
Trachemys scripta elegans,Alabama,33.386708,-86.792153,3.0,2022-05-05T12:17:04
Trachemys scripta elegans,Texas,32.480732,-95.295711,31.0,2022-05-02T10:04
Trachemys scripta elegans,Texas,29.766978,-95.452146,22.0,2022-05-01T17:18
Trachemys scripta elegans,Texas,29.674124,-95.513547,32.0,2022-04-29T14:38
Trachemys scripta elegans,Texas,29.622358,-95.647302,269.0,2022-05-02T15:07
Trachemys scripta elegans,Mississippi,31.654484,-89.352294,29199.0,2022-05-10T14:41:01
Trachemys scripta elegans,Texas,31.35762,-94.726087,149.0,2022-05-11
Trachemys scripta elegans,Oklahoma,36.018665,-95.970095,77.0,2022-05-07T15:30
Trachemys scripta elegans,Louisiana,30.154848,-92.385147,,2022-05-01T08:15
Trachemys scripta elegans,Texas,30.43326,-94.842509,4.0,2022-04-23T12:27
Trachemys scripta elegans,Arkansas,35.091225,-92.465967,10.0,2022-05-11T11:10
Trachemys scripta elegans,Texas,29.72368,-95.739963,4.0,2022-04-29T16:13
Trachemys scripta elegans,Texas,32.493574,-94.757875,2.0,2022-05-01T16:28
Trachemys scripta elegans,Texas,30.12517,-95.379288,13.0,2022-05-03T15:12:17
Trachemys scripta elegans,Texas,29.67615,-94.406975,4.0,2022-05-07T17:43:51
Trachemys scripta elegans,Missouri,36.508216,-93.932051,506.0,2022-05-07T11:12
Trachemys scripta elegans,Texas,29.571946,-94.389918,292.0,2022-04-30T19:07
Trachemys scripta elegans,Texas,29.615236,-95.512197,,2022-05-09T17:45
Trachemys scripta elegans,Alabama,32.246395,-85.806787,5.0,2022-05-06T17:18:13
Trachemys scripta elegans,Texas,29.898052,-95.285853,31.0,2022-05-10T10:16:09
Trachemys scripta elegans,Texas,29.716969,-95.39172,8.0,2021-09-24T17:38:15
Trachemys scripta elegans,Texas,32.480732,-95.295711,1511.0,2022-04-21T13:25
Trachemys scripta elegans,Texas,29.766888,-95.452143,22.0,2022-05-01T17:17
Trachemys scripta elegans,Tennessee,36.126552,-86.471434,16.0,2022-05-01T10:10:38
Trachemys scripta elegans,Texas,29.719528,-95.390911,355.0,2022-05-02T09:07:45
Trachemys scripta elegans,Texas,30.600559,-96.315272,26.0,2022-04-30T13:03:21
Trachemys scripta elegans,Texas,29.765839,-95.451616,15.0,2022-04-29T11:42
Trachemys scripta elegans,Texas,30.490652,-96.245811,122.0,2022-05-01T10:00:58
Trachemys scripta elegans,Texas,30.509122,-95.765441,29356.0,2022-05-01T12:10:22
Trachemys scripta elegans,Texas,30.105821,-95.487359,7.0,2022-04-30T09:14:45
Trachemys scripta elegans,Louisiana,29.929,-90.125668,305.0,2022-02-21T11:12
Trachemys scripta elegans,Texas,29.615258,-95.512156,,2022-05-04T17:42
Trachemys scripta elegans,Texas,29.370637,-95.627253,15.0,2022-05-09T09:50
Trachemys scripta elegans,Texas,31.373267,-94.728491,28.0,2022-04-29
Trachemys scripta elegans,Texas,33.843815,-95.931017,,2022-05-02T15:49:20
Trachemys scripta elegans,Texas,29.636513,-95.660366,4.0,2022-04-29T12:58:17
Trachemys scripta elegans,North Carolina,35.633381,-82.557472,158.0,2022-04-29T11:43
Trachemys scripta elegans,Texas,31.444169,-94.692841,1703.0,2022-05-01
Trachemys scripta elegans,Tennessee,35.938671,-83.685291,274.0,2022-04-27T11:32
Trachemys scripta elegans,Texas,30.585685,-96.301218,,2022-04-29T08:47
Trachemys scripta elegans,Arkansas,36.257254,-92.478907,160.0,2022-04-30T16:17:37
Trachemys scripta elegans,Texas,29.513327,-95.017662,,2022-05-01T12:59:20
Trachemys scripta elegans,Missouri,36.644722,-89.286944,,2022-04-29T17:24
Trachemys scripta elegans,Texas,29.766608,-95.450607,15.0,2022-04-30T10:37
Trachemys scripta elegans,Texas,29.765839,-95.451616,15.0,2022-04-29T11:40
Trachemys scripta elegans,Texas,30.845967,-94.170621,2.0,2022-04-22T15:18
Trachemys scripta elegans,Texas,30.231475,-95.49754,327.0,2022-05-08T18:20:26
Trachemys scripta elegans,Louisiana,32.47203,-91.990196,,2022-05-06T09:09:35
Trachemys scripta elegans,Texas,29.807097,-95.820388,4.0,2022-02-17T16:06:58
Trachemys scripta elegans,Tennessee,36.287069,-82.403189,,2022-05-02T10:32:39
Trachemys scripta elegans,Texas,29.804471,-95.819789,184.0,2022-04-30T01:29
Trachemys scripta elegans,Texas,29.467544,-94.606214,,2022-05-01T17:25
Trachemys scripta elegans,Louisiana,30.370297,-91.10768,4.0,2022-04-29T15:13:55
Trachemys scripta elegans,Texas,29.615219,-95.512158,,2022-05-06T18:27
Trachemys scripta elegans,Texas,30.047616,-95.481128,42.0,2022-04-30T09:23:02
Trachemys scripta elegans,Texas,29.762124,-95.449991,15.0,2022-02-02T09:30
Trachemys scripta elegans,Texas,29.536291,-95.088932,367.0,2022-05-02T13:53:50
Trachemys scripta elegans,Texas,29.161995,-95.620424,972.0,2022-05-01T12:23:55
Trachemys scripta elegans,Texas,31.450444,-94.704962,56.0,2022-05-10
Trachemys scripta elegans,Texas,29.615201,-95.512107,27.0,2022-05-04T17:42
Trachemys scripta elegans,Texas,29.768812,-95.640595,8.0,2022-05-04T15:57:40
Trachemys scripta elegans,Texas,29.537588,-95.380249,3.0,2022-05-01T16:37:32
Trachemys scripta elegans,Texas,29.971329,-95.57298,32.0,2022-04-30T14:42
Trachemys scripta elegans,Texas,29.719272,-95.392249,,2022-04-30T16:10
Trachemys scripta elegans,Texas,29.615194,-95.512164,,2022-05-06T18:26
Trachemys scripta elegans,Illinois,37.584016,-89.440684,33.0,2022-04-16T10:25
Trachemys scripta elegans,Georgia,31.98949,-81.171154,4.0,2022-05-07T14:28
Trachemys scripta elegans,Missouri,36.643113,-89.294233,191.0,2022-04-29T16:34
Trachemys scripta elegans,Texas,29.615242,-95.512178,,2022-05-06T18:26
Trachemys scripta elegans,Texas,29.820337,-95.612562,78.0,2022-04-29T14:56
Trachemys scripta elegans,Texas,29.615211,-95.512153,,2022-05-04T17:43
Trachemys scripta elegans,Texas,29.766101,-95.450967,65.0,2022-05-02T14:44:29
Trachemys scripta elegans,Texas,29.615261,-95.512147,,2022-05-04T17:41
Trachemys scripta elegans,Kentucky,36.874485,-87.756666,83.0,2022-05-01T11:24:26
Trachemys scripta elegans,Texas,29.615233,-95.512181,,2022-05-06T18:25
Trachemys scripta elegans,Texas,29.820337,-95.612562,78.0,2022-04-29T15:02
Trachemys scripta elegans,Texas,29.766058,-95.453085,15.0,2022-04-30T16:59
Trachemys scripta elegans,Mississippi,30.398094,-88.789957,8.0,2022-04-27T13:57
Trachemys scripta elegans,Texas,29.803043,-95.699538,31.0,2022-04-23T20:13
Trachemys scripta elegans,Texas,29.724256,-95.340978,,2022-04-30T15:45:05
Trachemys scripta elegans,Indiana,37.996408,-87.60445,5.0,2022-05-08T12:29:36
Trachemys scripta elegans,Texas,29.605235,-94.549488,,2022-04-29T09:02
Trachemys scripta elegans,Texas,30.209342,-95.76432,8.0,2022-04-30T19:57:50
Trachemys scripta elegans,Texas,29.682703,-95.266394,4.0,2022-05-02T10:52:45
Trachemys scripta elegans,Texas,29.61525,-95.512167,,2022-05-04T17:40
Trachemys scripta elegans,Louisiana,32.507033,-92.649378,,2022-05-12T14:19:25
Trachemys scripta elegans,Texas,29.396975,-95.001772,6.0,2022-05-02T11:41:43
Trachemys scripta elegans,Texas,29.61523,-95.512197,,2022-05-05T18:24:05
Trachemys scripta elegans,Texas,29.723778,-95.768611,,2022-05-02T11:34
Trachemys scripta elegans,Texas,29.684232,-95.274084,29458.0,2022-05-02T13:04:58
Trachemys scripta elegans,Texas,32.634476,-95.460578,196.0,2022-04-30T10:56
Trachemys scripta elegans,Texas,29.766058,-95.453085,15.0,2022-04-30T16:57
Trachemys scripta elegans,Texas,29.719382,-95.639265,15.0,2022-05-02T18:54:01
Trachemys scripta elegans,Texas,29.820337,-95.612562,78.0,2022-04-29T14:56
Trachemys scripta elegans,Kansas,37.408513,-96.152698,3906.0,2022-05-07T17:18
Trachemys scripta elegans,Texas,29.580439,-95.099362,2.0,2022-04-29T10:36
Trachemys scripta elegans,Texas,29.820337,-95.612562,78.0,2022-04-29T15:03
Trachemys scripta elegans,Louisiana,30.369383,-91.104819,4.0,2022-04-29T12:56:10
Trachemys scripta elegans,Texas,29.764519,-95.453657,20.0,2022-04-29T12:08
Trachemys scripta elegans,Texas,29.614505,-95.512269,28.0,2022-04-29T18:26:57
Trachemys scripta elegans,Texas,30.44014,-94.822548,2.0,2022-04-23T12:02
Trachemys scripta elegans,Georgia,31.98949,-81.171154,4.0,2022-05-07T15:27
Trachemys scripta elegans,Texas,29.738347,-95.712945,8.0,2022-05-01T17:43:34
Trachemys scripta elegans,Texas,29.636054,-95.660298,4.0,2022-05-02T14:07:26
Trachemys scripta elegans,Texas,29.643292,-95.131128,1414.0,2022-04-29T10:01:46
Trachemys scripta elegans,Texas,29.369444,-95.623268,45.0,2022-04-13T11:33
Trachemys scripta elegans,Texas,31.634928,-95.595985,,2022-05-07T15:00:38
Trachemys scripta elegans,Texas,29.591592,-95.590888,3.0,2022-04-30T15:00:42
Trachemys scripta elegans,Texas,29.573797,-94.390008,,2022-04-30T10:06:23
Trachemys scripta elegans,Texas,32.363548,-96.000137,,2022-04-30T14:20
Trachemys scripta elegans,Texas,29.761027,-95.401777,23.0,2022-04-30T11:10:41
Trachemys scripta elegans,Texas,29.636698,-95.241188,29458.0,2022-04-02T13:47:55
Trachemys scripta elegans,Kentucky,36.641856,-87.245169,263.0,2022-05-01T11:22:39
Trachemys scripta elegans,Texas,29.638828,-95.65828,4.0,2022-04-28T15:37:34
Trachemys scripta elegans,Louisiana,30.391228,-90.113548,10.0,2022-04-29T12:48
Trachemys scripta elegans,Texas,31.624537,-94.644745,4.0,2022-04-29T11:13:44
Trachemys scripta elegans,Tennessee,35.01013,-85.364585,199.0,2022-04-30T10:56:27
Trachemys scripta elegans,Texas,30.615142,-95.527844,8.0,2022-04-27T11:43
Trachemys scripta elegans,Tennessee,36.435071,-89.405628,31.0,2022-04-27T14:30
Trachemys scripta elegans,Texas,29.76247,-95.45002,20.0,2022-05-01T12:43:47
Trachemys scripta elegans,Tennessee,35.388082,-88.766475,122.0,2022-04-27T12:25
Trachemys scripta elegans,Tennessee,36.075436,-86.504045,219.0,2022-05-01T12:34
Trachemys scripta elegans,Texas,32.628765,-95.463003,2.0,2022-04-30T11:36
Trachemys scripta elegans,Texas,29.760427,-95.369803,51859.0,2022-05-01T18:04
Trachemys scripta elegans,Texas,30.038706,-95.381224,89.0,2022-04-29T10:46:19
Trachemys scripta elegans,Texas,29.21764,-94.933791,,2022-04-27T09:18
Trachemys scripta elegans,Texas,29.636528,-95.66037,4.0,2022-04-27T15:49
Trachemys scripta elegans,Texas,32.629143,-95.462793,195.0,2022-05-01T14:09:46
Trachemys scripta elegans,Texas,29.521589,-95.802469,6.0,2022-05-02T10:13:54
Trachemys scripta elegans,Texas,29.765224,-95.45207,165.0,2022-03-29T10:14
Trachemys scripta elegans,Texas,29.636475,-95.660347,4.0,2022-04-17T17:10
Trachemys scripta elegans,Arkansas,36.163292,-92.14515,843.0,2022-05-03T12:08:49
Trachemys scripta elegans,Missouri,36.642338,-89.295574,100.0,2022-04-29T16:41
Trachemys scripta elegans,Kentucky,37.898308,-84.365654,3.0,2022-05-09T10:40
Trachemys scripta elegans,North Carolina,35.633494,-82.556207,213.0,2022-05-05T07:20
Trachemys scripta elegans,Texas,29.636672,-95.660163,7.0,2022-04-06T16:09
Trachemys scripta elegans,North Carolina,35.296582,-80.818375,,2022-04-23T09:51
Trachemys scripta elegans,Texas,29.635167,-95.660529,201.0,2022-04-30T09:10
Trachemys scripta elegans,Texas,29.615241,-95.512128,22.0,2022-05-05T18:24
Trachemys scripta elegans,Texas,29.615253,-95.512135,31.0,2022-05-05T18:24
Trachemys scripta elegans,Texas,30.439788,-94.824248,226.0,2022-04-23T13:10
Trachemys scripta elegans,Texas,29.764489,-95.449942,15.0,2022-04-29T11:03
Trachemys scripta elegans,Missouri,36.65707,-93.137188,,2021-05-22T17:24:16
Trachemys scripta elegans,Texas,29.370627,-95.627218,196.0,2022-04-30T16:35
Trachemys scripta elegans,Louisiana,30.003839,-90.097194,2325.0,2022-05-08T09:17
Trachemys scripta elegans,Texas,29.765224,-95.45207,210.0,2022-05-01T10:51
Trachemys scripta elegans,Texas,29.571946,-94.389918,292.0,2022-05-01T12:43
Trachemys scripta elegans,Arkansas,33.128518,-93.177966,40768.0,2022-04-12T12:20
Trachemys scripta elegans,Texas,30.439788,-94.824248,226.0,2022-04-23T13:14
Trachemys scripta elegans,Texas,29.657621,-94.546605,199.0,2022-04-30T19:07
Trachemys scripta elegans,Texas,29.615225,-95.5122,,2022-05-05T18:24
Trachemys scripta elegans,Tennessee,36.497832,-82.678951,21.0,2022-05-05T14:27:59
Trachemys scripta elegans,Texas,32.635725,-95.459261,31.0,2022-05-01T15:51
Trachemys scripta elegans,Texas,29.770078,-95.568108,114.0,2022-04-29T23:03:29
Trachemys scripta elegans,Texas,29.574658,-95.132164,4.0,2022-04-30T10:51:27
Trachemys scripta elegans,Louisiana,29.985145,-90.097558,14.0,2022-04-26T16:16:17
Trachemys scripta elegans,Texas,29.563131,-94.389923,1331.0,2022-04-23T11:00
Trachemys scripta elegans,Texas,29.762487,-95.449937,4.0,2022-04-29T08:47:31
Trachemys scripta elegans,Texas,30.026592,-95.295002,116.0,2022-04-30T10:25:15
Trachemys scripta elegans,Texas,29.476233,-95.249692,628.0,2022-04-29T12:04:53
Trachemys scripta elegans,Texas,29.702984,-95.074573,2636.0,2022-04-29T07:26:31
Trachemys scripta elegans,Texas,29.63685,-94.650914,10.0,2022-04-28T09:15
Trachemys scripta elegans,Texas,30.301996,-93.744365,4.0,2022-04-23T14:32
Trachemys scripta elegans,Texas,30.302037,-93.744538,4.0,2022-04-23T14:32
Trachemys scripta elegans,Texas,29.806641,-95.765534,858.0,2022-04-07T22:33
Trachemys scripta elegans,Louisiana,30.264043,-89.700442,187.0,2022-04-25T17:55:57
Trachemys scripta elegans,Texas,30.616685,-95.537022,2.0,2022-04-19T13:20
Trachemys scripta elegans,Texas,29.759864,-95.404627,8.0,2022-04-24T16:15
Trachemys scripta elegans,Texas,32.631213,-95.256277,31.0,2022-04-22T13:21
Trachemys scripta elegans,Louisiana,29.997811,-90.21102,8.0,2022-04-19T11:44
Trachemys scripta elegans,Texas,29.374027,-95.620524,210.0,2022-04-11T12:14:35
Trachemys scripta elegans,Texas,30.616896,-95.53715,4.0,2022-04-19T13:21
Trachemys scripta elegans,Texas,32.481807,-95.295359,4.0,2022-04-21T12:34
Trachemys scripta elegans,Texas,32.475919,-95.298434,2.0,2022-04-21T16:37
Trachemys scripta elegans,Mississippi,30.382252,-89.617849,386.0,2022-04-25T11:29
Trachemys scripta elegans,Texas,29.986338,-95.565917,4.0,2022-04-28T17:55:07
Trachemys scripta elegans,Texas,30.433302,-94.842494,8.0,2022-04-23T12:27
Trachemys scripta elegans,Texas,29.57291,-94.390556,22.0,2022-04-23T11:55
Trachemys scripta elegans,Arkansas,36.270348,-94.516635,212.0,2022-04-21T11:34
Trachemys scripta elegans,Arkansas,34.920809,-91.288932,,2022-04-22T10:24:23
Trachemys scripta elegans,Texas,29.690864,-93.969944,3104.0,2022-04-23T10:52:48
Trachemys scripta elegans,Texas,32.482295,-95.295866,1.0,2022-04-21T12:27
Trachemys scripta elegans,Arkansas,35.099032,-92.750851,28734.0,2022-04-24T23:11
Trachemys scripta elegans,Arkansas,35.233971,-92.387655,3429.0,2022-04-20T22:56
Trachemys scripta elegans,Texas,30.439698,-94.823582,2.0,2022-04-23T12:13
Trachemys scripta elegans,Texas,29.764014,-95.449657,15.0,2021-12-24T11:31
Trachemys scripta elegans,Tennessee,36.063089,-86.80965,176.0,2022-04-12T15:51
Trachemys scripta elegans,Texas,30.439323,-94.82541,8.0,2022-04-23T12:15
Trachemys scripta elegans,Louisiana,32.601924,-92.051068,4.0,2022-04-23T11:11
Trachemys scripta elegans,Texas,29.374219,-95.604242,,2022-04-23T12:58:55
Trachemys scripta elegans,Georgia,34.149913,-84.189753,28874.0,2022-04-16T18:54
Trachemys scripta elegans,Tennessee,36.199756,-87.920112,82.0,2022-04-22T18:46:39
Trachemys scripta elegans,Texas,31.443226,-94.705909,54.0,2022-04-24
Trachemys scripta elegans,Arkansas,35.808888,-90.737541,806.0,2022-04-12T14:59
Trachemys scripta elegans,Arkansas,33.107986,-92.178672,4.0,2022-04-26T11:36:55
Trachemys scripta elegans,Tennessee,36.132892,-86.603439,31.0,2022-04-22T10:34
Trachemys scripta elegans,Texas,30.43825,-94.825465,15.0,2022-04-23T12:16
Trachemys scripta elegans,Texas,29.614192,-94.55362,4.0,2022-04-23T09:49:08
Trachemys scripta elegans,Kentucky,37.81571,-86.084758,28329.0,2022-04-23T11:00:03
Trachemys scripta elegans,Louisiana,30.370812,-91.067942,49.0,2022-04-21T21:33
Trachemys scripta elegans,Texas,30.616642,-95.536967,4.0,2022-04-19T13:22
Trachemys scripta elegans,Texas,31.373178,-94.726286,64.0,2022-04-26T13:37:32
Trachemys scripta elegans,Texas,30.065439,-95.158386,4.0,2022-02-19T14:31:52
Trachemys scripta elegans,Texas,32.08624,-95.894055,,2022-04-22
Trachemys scripta elegans,Arkansas,34.937107,-92.415211,,2022-04-24T14:11
Trachemys scripta elegans,Texas,29.57327,-94.390345,8.0,2022-04-22T13:42:21
Trachemys scripta elegans,Louisiana,30.392181,-90.115785,10.0,2022-04-22T11:57
Trachemys scripta elegans,Texas,30.617052,-95.537209,4.0,2022-04-19T13:24
Trachemys scripta elegans,Texas,29.37044,-95.622498,700.0,2022-04-15T13:19
Trachemys scripta elegans,Arkansas,34.989375,-92.383537,15.0,2022-04-22T13:48:34
Trachemys scripta elegans,Arkansas,35.931532,-90.76475,4.0,2022-04-28T18:06
Trachemys scripta elegans,Louisiana,30.370975,-91.067655,49.0,2022-04-22T10:12:15
Trachemys scripta elegans,Louisiana,30.415079,-91.529016,339.0,2022-04-17T14:23
Trachemys scripta elegans,Tennessee,35.754751,-88.816451,8.0,2022-04-26T13:16
Trachemys scripta elegans,Texas,30.846184,-94.170982,4.0,2022-04-22T15:15
Trachemys scripta elegans,Arkansas,35.125209,-92.608115,8.0,2022-04-24T15:46
Trachemys scripta elegans,Louisiana,30.514254,-91.157195,8.0,2022-04-20T09:09
Trachemys scripta elegans,Texas,30.616678,-95.537016,4.0,2022-04-19T13:22
Trachemys scripta elegans,Texas,29.5734,-94.390725,3.0,2022-04-22T13:50:07
Trachemys scripta elegans,Arkansas,34.989475,-92.382903,21.0,2022-04-22T11:50:48
Trachemys scripta elegans,Texas,29.329953,-94.769384,,2022-04-22T16:21
Trachemys scripta elegans,Texas,29.771365,-95.570048,,2022-03-06T14:51
Trachemys scripta elegans,Texas,29.37044,-95.622498,700.0,2022-04-15T13:23
Trachemys scripta elegans,Texas,29.958252,-95.163993,2.0,2022-04-15T18:51
Trachemys scripta elegans,South Carolina,34.771073,-82.983108,28790.0,2022-04-04T19:30
Trachemys scripta elegans,Texas,30.927004,-95.686575,5.0,2022-04-16T09:01:11
Trachemys scripta elegans,Arkansas,36.134447,-94.138784,233.0,2022-04-01T15:45
Trachemys scripta elegans,Louisiana,30.425167,-91.026642,4.0,2022-04-09T13:28:23
Trachemys scripta elegans,Texas,29.72215,-95.745789,23.0,2022-03-29T10:27:07
Trachemys scripta elegans,Alabama,32.41991,-86.276364,210.0,2022-03-17T12:16
Trachemys scripta elegans,Texas,29.518113,-95.089303,4.0,2022-04-09T18:20:37
Trachemys scripta elegans,Texas,33.008588,-94.693752,,2022-04-02T10:38
Trachemys scripta elegans,Texas,29.298418,-94.790794,7473.0,2022-04-13T18:50:39
Trachemys scripta elegans,Texas,29.822366,-94.741834,122.0,2022-04-03T17:19
Trachemys scripta elegans,Louisiana,30.391416,-90.115987,10.0,2022-04-08T13:00
Trachemys scripta elegans,Alabama,32.697617,-87.254342,7.0,2022-03-16T09:04:15
Trachemys scripta elegans,Texas,28.982121,-96.013694,4.0,2022-03-27T12:19
Trachemys scripta elegans,Louisiana,30.371204,-91.067795,61.0,2022-04-07T15:10Z
Trachemys scripta elegans,Texas,30.846302,-94.170601,2.0,2022-03-29T12:03
Trachemys scripta elegans,Florida,30.243049,-81.380684,70.0,2022-04-15T17:07:38
Trachemys scripta elegans,Kentucky,36.545165,-89.295568,122.0,2022-04-09T15:07
Trachemys scripta elegans,Texas,30.558378,-95.63703,10.0,2022-04-18T11:08
Trachemys scripta elegans,Texas,29.371107,-95.631695,,2022-04-10T13:40:56
Trachemys scripta elegans,Arkansas,34.989462,-92.383505,3.0,2022-04-16T13:41:45
Trachemys scripta elegans,Texas,30.086737,-94.78517,15.0,2022-04-18T11:53
Trachemys scripta elegans,Texas,29.808759,-95.793248,205.0,2022-03-27T01:28
Trachemys scripta elegans,Texas,29.672038,-96.269233,13.0,2022-04-01T10:59:32Z
Trachemys scripta elegans,Texas,30.845942,-94.170708,2.0,2022-03-29T12:03
Trachemys scripta elegans,Texas,29.573748,-94.389629,31.0,2022-04-06T09:47
Trachemys scripta elegans,Texas,29.77138,-95.569636,50.0,2022-04-02T12:36
Trachemys scripta elegans,Louisiana,29.867944,-93.458047,4.0,2022-03-30T12:10
Trachemys scripta elegans,Texas,29.771473,-95.569704,25.0,2022-04-02T12:41
Trachemys scripta elegans,Mississippi,31.403336,-91.190134,15.0,2022-04-02T13:12
Trachemys scripta elegans,Louisiana,31.281487,-92.669421,,2021-09-24T14:27
Trachemys scripta elegans,Oklahoma,35.445621,-94.994946,4405.0,2022-03-02T15:01
Trachemys scripta elegans,Texas,33.004163,-94.697115,,2022-04-02T09:25
Trachemys scripta elegans,Texas,33.005097,-94.696312,,2022-04-02T09:40
Trachemys scripta elegans,Texas,29.964912,-95.607553,4.0,2022-04-12T10:02:03
Trachemys scripta elegans,Texas,29.614168,-94.551787,14.0,2022-04-05T15:43
Trachemys scripta elegans,Texas,30.614145,-95.534986,4.0,2022-03-28T12:28
Trachemys scripta elegans,Texas,29.638267,-95.660557,300.0,2022-04-13T10:59
Trachemys scripta elegans,Texas,29.760744,-95.372519,,2022-04-08T13:13:39
Trachemys scripta elegans,Texas,30.55655,-95.642678,3772.0,2022-04-18T12:42:19
Trachemys scripta elegans,South Carolina,34.675025,-82.820763,4.0,2022-04-13T16:58:29
Trachemys scripta elegans,Arkansas,35.104682,-92.434533,23.0,2022-04-15T12:44:41
Trachemys scripta elegans,Texas,29.854156,-95.796439,5.0,2022-04-13T18:29
Trachemys scripta elegans,Texas,29.585532,-95.569002,372.0,2022-04-15T19:35:42
Trachemys scripta elegans,Texas,29.573506,-94.391265,736.0,2022-04-14T11:56Z
Trachemys scripta elegans,Alabama,30.247648,-88.088259,772.0,2022-04-17T16:07:37
Trachemys scripta elegans,Texas,30.846282,-94.170876,4.0,2022-03-29T12:01
Trachemys scripta elegans,Texas,29.771503,-95.569663,22.0,2022-04-02T12:34
Trachemys scripta elegans,Texas,29.771069,-95.568787,,2022-03-06T14:00:54
Trachemys scripta elegans,Arkansas,34.98965,-92.38218,17.0,2022-04-21T12:46:12
Trachemys scripta elegans,Texas,29.524702,-95.807586,187.0,2022-04-17T10:38
Trachemys scripta elegans,Tennessee,36.003268,-86.916484,28592.0,2022-04-03T08:20
Trachemys scripta elegans,Texas,29.77177,-95.56932,4.0,2022-04-21T13:35:54
Trachemys scripta elegans,Texas,29.770868,-95.569028,85.0,2022-04-02T13:21
Trachemys scripta elegans,Texas,29.367114,-95.620421,,2022-04-08T11:17
Trachemys scripta elegans,Texas,29.771355,-95.569493,,2022-03-06T14:36
Trachemys scripta elegans,Texas,29.771494,-95.569464,,2022-03-06T13:40:52
Trachemys scripta elegans,Kentucky,37.723379,-85.869812,542.0,2022-04-03T17:23:27
Trachemys scripta elegans,Texas,29.766936,-95.452111,10.0,2022-04-19T14:24
Trachemys scripta elegans,Louisiana,30.001287,-90.09452,,2022-04-01T10:01
Trachemys scripta elegans,Texas,29.640287,-95.183608,4.0,2022-04-03T18:02:22Z
Trachemys scripta elegans,Texas,29.909816,-95.674479,38.0,2022-04-03T15:55
Trachemys scripta elegans,Texas,29.595435,-95.072805,2.0,2022-03-19T12:15
Trachemys scripta elegans,Texas,30.03627,-95.387646,572.0,2022-03-09T13:21
Trachemys scripta elegans,Texas,29.771541,-95.5698,23.0,2022-04-01T13:42:23Z
Trachemys scripta elegans,Texas,29.771365,-95.570045,,2022-03-06T14:52
Trachemys scripta elegans,Florida,30.269583,-81.508758,4.0,2022-04-11T14:18:52
Trachemys scripta elegans,Texas,29.217709,-94.933725,,2022-04-14T16:57
Trachemys scripta elegans,Alabama,32.597151,-85.484332,5.0,2022-03-30T09:00:12
Trachemys scripta elegans,Louisiana,29.925762,-90.12873,,2022-04-01T17:17
Trachemys scripta elegans,Texas,29.771599,-95.57011,36.0,2022-04-03T14:01Z
Trachemys scripta elegans,Texas,29.764311,-95.453197,40.0,2022-03-06T12:46
Trachemys scripta elegans,Texas,29.698713,-95.745792,70.0,2022-04-11T16:25:05
Trachemys scripta elegans,Texas,31.548696,-95.235665,31.0,2022-03-26T11:33
Trachemys scripta elegans,Texas,31.548849,-95.235875,2.0,2022-03-26T12:42
Trachemys scripta elegans,Texas,29.216583,-94.935218,4.0,2022-04-19T14:52
Trachemys scripta elegans,Texas,31.548858,-95.235858,2.0,2022-03-26T12:42
Trachemys scripta elegans,Texas,30.867372,-94.172956,8.0,2022-03-29T15:11
Trachemys scripta elegans,Texas,29.857372,-95.163206,52.0,2021-08-06T10:29
Trachemys scripta elegans,Texas,29.857433,-95.161076,24.0,2021-08-06T10:55
Trachemys scripta elegans,Texas,29.854652,-95.795725,53.0,2022-04-10T16:44
Trachemys scripta elegans,Texas,29.671805,-96.269263,46.0,2022-04-01T10:01:28Z
Trachemys scripta elegans,Texas,29.609517,-94.551699,1202.0,2022-03-25T17:52
Trachemys scripta elegans,Texas,29.910862,-95.672535,22.0,2022-04-03T15:48
Trachemys scripta elegans,Texas,29.762045,-95.39743,12.0,2022-04-06T19:27:43
Trachemys scripta elegans,Texas,31.548855,-95.235866,2.0,2022-03-26T12:42
Trachemys scripta elegans,Texas,32.62373,-95.267242,244.0,2022-04-09T10:08
Trachemys scripta elegans,Arkansas,36.105102,-94.192597,,2022-03-28T10:51:25
Trachemys scripta elegans,Texas,29.760613,-95.40199,,2022-04-16T10:16
Trachemys scripta elegans,Texas,29.545135,-95.309965,229.0,2022-04-05T16:03
Trachemys scripta elegans,Texas,30.613512,-95.532891,2.0,2022-03-28T12:37
Trachemys scripta elegans,Texas,30.575047,-96.293515,23.0,2022-03-24T13:08:21
Trachemys scripta elegans,Texas,29.742931,-95.429451,29458.0,2019-03-24T16:42:55
Trachemys scripta elegans,Kentucky,36.944375,-88.48825,4.0,2021-09-18T11:41:40
Trachemys scripta elegans,Texas,29.963655,-95.609825,5.0,2022-03-26T11:13:31
Trachemys scripta elegans,Texas,30.560541,-96.206416,,2022-04-19T10:53
Trachemys scripta elegans,Texas,29.371591,-95.622838,289.0,2022-03-23T12:17
Trachemys scripta elegans,Texas,29.986737,-95.567108,4.0,2022-04-20T11:11
Trachemys scripta elegans,Mississippi,30.382252,-89.617849,386.0,2022-04-20T11:45
Trachemys scripta elegans,Texas,29.636637,-95.660103,4.0,2022-04-10T18:34:54
Trachemys scripta elegans,Texas,29.573506,-94.391265,736.0,2022-04-13T12:27Z
Trachemys scripta elegans,Texas,29.764722,-95.453683,15.0,2022-03-06T12:53
Trachemys scripta elegans,Texas,29.689013,-95.308723,151.0,2022-04-15T17:29:37
Trachemys scripta elegans,Texas,29.771447,-95.569539,,2022-03-06T13:43:06
Trachemys scripta elegans,Texas,29.771522,-95.569475,,2022-03-06T13:41:47
Trachemys scripta elegans,South Carolina,34.674763,-82.820625,4.0,2022-04-13T17:53:44
Trachemys scripta elegans,Texas,29.635797,-95.66016,1.0,2022-04-18T10:34
Trachemys scripta elegans,Texas,29.573362,-94.390526,2.0,2022-04-15T11:08
Trachemys scripta elegans,Texas,32.320953,-95.406395,16.0,2022-04-10T10:49:33
Trachemys scripta elegans,Arkansas,35.3475,-90.219564,3648.0,2022-03-31T12:37
Trachemys scripta elegans,Arkansas,35.3475,-90.219564,3648.0,2022-03-31T12:41
Trachemys scripta elegans,Texas,29.374151,-95.616446,,2022-04-09T12:43
Trachemys scripta elegans,Texas,30.55655,-95.642678,3772.0,2022-04-18T12:42:19
Trachemys scripta elegans,South Carolina,34.675025,-82.82077,4.0,2022-04-13T17:54:36
Trachemys scripta elegans,Texas,29.573699,-94.391611,31.0,2022-04-08T12:52
Trachemys scripta elegans,Texas,30.177055,-95.504722,780.0,2022-04-02T10:53:10
Trachemys scripta elegans,Texas,31.620215,-94.64186,4.0,2022-04-02T16:24:28Z
Trachemys scripta elegans,Texas,31.243256,-96.054319,2.0,2022-03-26T10:41
Trachemys scripta elegans,Texas,29.572974,-94.390509,137.0,2022-04-18T09:46:55
Trachemys scripta elegans,Texas,29.573506,-94.391265,736.0,2022-04-13T12:27Z
Trachemys scripta elegans,Mississippi,32.350163,-90.057433,4.0,2022-04-03T14:55:15Z
Trachemys scripta elegans,Texas,29.594435,-95.65308,384.0,2022-04-14T19:17:38
Trachemys scripta elegans,Texas,29.806641,-95.765534,858.0,2022-03-26T22:56
Trachemys scripta elegans,Texas,29.367493,-95.623877,,2022-03-30T16:20
Trachemys scripta elegans,Texas,29.764598,-95.453685,15.0,2022-03-06T12:58
Trachemys scripta elegans,Louisiana,30.390931,-90.113539,10.0,2022-03-28T13:22
Trachemys scripta elegans,Texas,30.613768,-95.532547,4.0,2022-03-28T12:33
Trachemys scripta elegans,Arkansas,34.990117,-92.381745,4.0,2022-04-04T12:54:30
Trachemys scripta elegans,Texas,29.717337,-95.392973,11.0,2022-04-02T18:47:50
Trachemys scripta elegans,Louisiana,29.795763,-90.822871,5125.0,2022-04-01T17:32
Trachemys scripta elegans,Texas,29.607228,-94.555885,8.0,2022-04-06T10:18
Trachemys scripta elegans,Texas,30.140336,-95.540375,7.0,2022-03-31T12:21:57Z
Trachemys scripta elegans,Louisiana,29.736638,-90.122986,5.0,2022-04-16T19:51:59
Trachemys scripta elegans,Texas,29.413006,-95.234316,1436.0,2022-04-18T07:34
Trachemys scripta elegans,Texas,30.197222,-95.483612,20.0,2022-03-28T19:42:43
Trachemys scripta elegans,Texas,29.719277,-95.39225,366.0,2021-11-08T13:53:07
Trachemys scripta elegans,Texas,29.605204,-94.549496,,2022-04-11T12:04
Trachemys scripta elegans,Texas,29.806641,-95.765534,858.0,2022-04-01T18:30
Trachemys scripta elegans,Louisiana,32.506113,-92.649842,3.0,2021-05-13T14:34:24Z
Trachemys scripta elegans,Louisiana,29.992217,-90.094117,690.0,2022-02-20T04:37
Trachemys scripta elegans,Louisiana,30.371158,-91.067954,69.0,2022-04-07T21:08:10
Trachemys scripta elegans,Texas,29.716813,-95.491997,87.0,2022-04-01T11:17:50Z
Trachemys scripta elegans,Louisiana,30.425203,-91.026603,4.0,2022-04-09T13:25:39
Trachemys scripta elegans,Texas,29.636235,-95.660287,79.0,2022-03-26T11:23
Trachemys scripta elegans,Texas,29.377022,-95.585173,4.0,2022-03-27T15:28
Trachemys scripta elegans,Texas,30.02438,-94.144951,4.0,2022-03-26T10:10
Trachemys scripta elegans,Alabama,32.593475,-88.186705,5.0,2022-04-18T09:51:38
Trachemys scripta elegans,Texas,33.008938,-94.695127,,2022-04-02T10:43
Trachemys scripta elegans,Texas,29.671951,-96.269339,4.0,2022-04-09T11:10:34
Trachemys scripta elegans,Alabama,33.489065,-86.777297,504.0,2022-04-13T14:19
Trachemys scripta elegans,Texas,30.086737,-94.78517,15.0,2022-04-18T12:47
Trachemys scripta elegans,Texas,30.204879,-95.541671,69.0,2022-04-06T09:14
Trachemys scripta elegans,Texas,29.765106,-95.452667,89.0,2022-04-19T14:13
Trachemys scripta elegans,Alabama,32.595261,-85.482874,4.0,2022-04-19T15:39:21
Trachemys scripta elegans,Texas,29.59175,-95.069469,678.0,2022-04-21T11:21
Trachemys scripta elegans,Texas,30.006606,-95.51925,4.0,2022-04-15T13:28
Trachemys scripta elegans,Alabama,32.595155,-85.482888,4.0,2022-04-19T15:41:03
Trachemys scripta elegans,South Carolina,34.674975,-82.82093,5.0,2022-04-21T14:48:28
Trachemys scripta elegans,Texas,29.767086,-95.4522,,2022-04-10T18:06
Trachemys scripta elegans,Texas,33.329454,-95.374615,958.0,2022-04-09T00:10
Trachemys scripta elegans,Texas,29.770703,-95.568299,216.0,2022-04-02T19:44
Trachemys scripta elegans,Texas,31.37256,-94.725367,68.0,2022-03-30T09:12:14Z
Trachemys scripta elegans,Texas,29.766936,-95.451892,,2022-04-10T16:30
Trachemys scripta elegans,Texas,30.546499,-95.546033,2412144.0,2022-04-18T12:46:05
Trachemys scripta elegans,Texas,29.688428,-95.273159,201.0,2022-04-14T08:02
Trachemys scripta elegans,Texas,29.719628,-95.686908,192.0,2022-03-28T23:16
Trachemys scripta elegans,Alabama,32.162828,-85.718095,5.0,2022-04-12T17:30:18
Trachemys scripta elegans,Texas,29.21635,-94.935361,2.0,2022-04-09T13:33Z
Trachemys scripta elegans,Texas,29.771447,-95.569539,,2022-03-06T13:43:06
Trachemys scripta elegans,Texas,29.82205,-94.666914,,2022-04-11T13:23
Trachemys scripta elegans,Texas,29.524702,-95.807586,187.0,2022-04-17T10:50
Trachemys scripta elegans,Texas,29.767083,-95.452233,,2022-04-10T18:05
Trachemys scripta elegans,Texas,30.024672,-95.470992,65.0,2022-04-03T15:46:26Z
Trachemys scripta elegans,Alabama,33.489065,-86.777297,504.0,2022-04-13T14:19
Trachemys scripta elegans,Kentucky,36.899189,-88.029616,8.0,2022-04-03T14:16
Trachemys scripta elegans,Texas,29.857493,-95.700262,31.0,2022-03-27T10:00
Trachemys scripta elegans,Texas,32.475786,-95.291872,2.0,2022-03-27T11:14
Trachemys scripta elegans,Mississippi,30.308825,-89.332328,4.0,2022-04-02T04:43:04Z
Trachemys scripta elegans,Texas,29.719184,-95.391898,5.0,2022-04-14T17:40:08
Trachemys scripta elegans,Texas,29.215914,-94.935369,,2022-04-07T07:46
Trachemys scripta elegans,Texas,28.982882,-96.009611,4.0,2022-03-27T12:33
Trachemys scripta elegans,Texas,29.766844,-95.451975,,2022-04-10T15:57
Trachemys scripta elegans,Texas,31.243306,-96.054108,8.0,2022-03-26T10:41
Trachemys scripta elegans,Texas,33.754428,-95.475533,4.0,2022-04-05T09:15:09
Trachemys scripta elegans,Louisiana,30.310698,-91.096158,104.0,2022-03-31T15:22
Trachemys scripta elegans,Texas,31.962125,-95.902412,4.0,2022-04-03T12:09:48
Trachemys scripta elegans,Texas,29.672028,-96.26928,14.0,2022-04-01T10:03:20Z
Trachemys scripta elegans,Texas,29.595239,-95.072759,4.0,2022-03-27T12:52:53Z
Trachemys scripta elegans,Texas,29.05999,-95.26825,190.0,2022-03-24T11:29
Trachemys scripta elegans,Texas,28.982836,-96.009405,8.0,2022-03-27T12:34
Trachemys scripta elegans,Texas,29.379778,-95.611554,,2022-04-02T17:29
Trachemys scripta elegans,Georgia,33.458982,-82.011454,73.0,2022-03-28T17:08:48
Trachemys scripta elegans,Mississippi,33.271143,-88.783611,1330.0,2018-04-05T13:41
Trachemys scripta elegans,Texas,32.518806,-94.739487,,2022-03-28T16:10
Trachemys scripta elegans,Texas,29.852143,-95.800882,20.0,2021-06-28T15:24
Trachemys scripta elegans,Texas,29.373798,-95.625778,295.0,2022-03-23T13:29
Trachemys scripta elegans,Texas,29.716804,-95.393082,14.0,2022-03-26T18:08:43
Trachemys scripta elegans,Texas,29.373798,-95.625778,295.0,2022-03-23T13:58
Trachemys scripta elegans,Texas,29.909944,-95.683307,22.0,2022-03-26T17:49
Trachemys scripta elegans,Louisiana,30.310698,-91.096158,104.0,2022-03-27T15:22
Trachemys scripta elegans,Arkansas,33.143454,-92.080529,200.0,2022-03-26T14:26Z
Trachemys scripta elegans,Florida,29.132629,-81.00328,4.0,2019-04-07T14:38
Trachemys scripta elegans,Texas,29.563842,-95.659997,5.0,2022-03-05T16:57:40Z
Trachemys scripta elegans,South Carolina,34.710395,-82.785187,5.0,2022-03-25T21:26:47
Trachemys scripta elegans,Arkansas,36.107767,-93.97375,114.0,2022-03-28
Trachemys scripta elegans,Texas,29.376656,-95.603263,71.0,2022-03-20T11:14
Trachemys scripta elegans,Tennessee,36.350627,-82.252241,357.0,2022-03-22T15:57:56
Trachemys scripta elegans,Texas,32.370352,-96.238729,115.0,2022-03-16T12:41
Trachemys scripta elegans,Louisiana,32.601506,-92.051067,55.0,2022-03-19T12:50:04
Trachemys scripta elegans,Texas,29.636511,-95.66033,24.0,2022-03-21T14:49:25Z
Trachemys scripta elegans,Texas,29.984617,-95.572298,61.0,2022-02-28T17:28
Trachemys scripta elegans,Mississippi,32.47432,-90.136635,8.0,2022-03-19T18:09:39
Trachemys scripta elegans,Tennessee,36.572415,-82.234872,22.0,2022-03-19T09:51:35
Trachemys scripta elegans,Tennessee,35.781977,-83.98855,15.0,2022-03-16T16:31
Trachemys scripta elegans,Louisiana,30.28451,-89.919968,,2022-03-20T11:03
Trachemys scripta elegans,Texas,29.768141,-95.806848,253.0,2022-03-12T15:25
Trachemys scripta elegans,Texas,30.12274,-95.473388,29407.0,2022-03-16T19:11:14
Trachemys scripta elegans,Texas,29.984733,-95.572786,33.0,2022-02-28T17:45
Trachemys scripta elegans,Texas,32.055073,-95.443565,194.0,2022-03-13T11:24
Trachemys scripta elegans,Texas,29.919821,-95.86099,,2022-03-15T09:56
Trachemys scripta elegans,Texas,29.762691,-95.37973,286.0,2022-03-20T12:22
Trachemys scripta elegans,Arkansas,35.219622,-91.585379,25518.0,2022-03-04T11:35:54Z
Trachemys scripta elegans,Alabama,33.510644,-86.808252,8.0,2022-03-24T15:07:25
Trachemys scripta elegans,Arkansas,34.730188,-92.355335,34.0,2022-03-10T13:35
Trachemys scripta elegans,Texas,30.00704,-94.142091,15.0,2022-03-14T18:19
Trachemys scripta elegans,Texas,30.086968,-95.118172,35.0,2022-03-18T14:48:16Z
Trachemys scripta elegans,Texas,29.71682,-95.390476,507.0,2022-03-18T13:30:32
Trachemys scripta elegans,Texas,29.636517,-95.66033,4.0,2022-03-19T16:48Z
Trachemys scripta elegans,Tennessee,36.308071,-87.133306,122.0,2022-03-17T12:19
Trachemys scripta elegans,Texas,29.636545,-95.660287,4.0,2022-03-19T16:44:30Z
Trachemys scripta elegans,South Carolina,34.674216,-82.822956,4.0,2022-03-18T12:40:12
Trachemys scripta elegans,Alabama,33.555743,-86.69684,3.0,2022-03-19T13:28:57
Trachemys scripta elegans,Texas,31.357351,-94.726334,186.0,2022-03-23
Trachemys scripta elegans,Tennessee,35.970097,-87.934779,8.0,2022-03-20T11:29
Trachemys scripta elegans,Texas,30.09128,-95.409571,78.0,2022-03-18T19:12Z
Trachemys scripta elegans,Texas,29.85155,-95.803211,105.0,2021-06-16T10:22
Trachemys scripta elegans,Tennessee,35.96433,-87.9536,8.0,2022-03-20T09:15
Trachemys scripta elegans,Tennessee,35.945794,-87.956193,31.0,2022-03-20T10:17
Trachemys scripta elegans,Texas,30.558812,-96.209419,4.0,2022-03-20T12:24:21
Trachemys scripta elegans,Texas,29.76339,-95.452185,583.0,2022-03-17T12:55
Trachemys scripta elegans,Texas,29.370627,-95.627218,196.0,2022-03-17T01:53
Trachemys scripta elegans,Texas,29.701943,-95.071087,391.0,2021-04-20T16:37:33Z
Trachemys scripta elegans,Louisiana,32.601633,-92.051056,,2022-03-19T12:28:14
Trachemys scripta elegans,Texas,31.623983,-94.646263,4.0,2022-03-14T14:47:23Z
Trachemys scripta elegans,Tennessee,36.152606,-82.413484,388.0,2022-03-17T15:24
Trachemys scripta elegans,Tennessee,36.152606,-82.413484,388.0,2022-03-17T15:27
Trachemys scripta elegans,Tennessee,36.152606,-82.413484,388.0,2022-03-17T15:28
Trachemys scripta elegans,Louisiana,30.164956,-90.451866,,2022-03-15T13:48:49
Trachemys scripta elegans,Arkansas,36.115618,-94.052344,9.0,2022-03-10T15:37:01
Trachemys scripta elegans,Texas,32.696263,-94.111288,,2022-03-10T13:59
Trachemys scripta elegans,Texas,29.737711,-95.811671,25.0,2022-03-12T12:49:33Z
Trachemys scripta elegans,Florida,29.692617,-82.397571,4.0,2022-03-01T11:27
Trachemys scripta elegans,Texas,29.015569,-95.44497,4.0,2022-03-15T11:53:43Z
Trachemys scripta elegans,Texas,32.567792,-94.694652,29093.0,2022-03-12T11:58:30
Trachemys scripta elegans,Arkansas,36.131903,-94.174044,53.0,2022-03-14
Trachemys scripta elegans,Georgia,33.915459,-84.326878,93.0,2022-03-17T09:48:58
Trachemys scripta elegans,Texas,29.803003,-95.699517,4.0,2022-03-11T13:21:02
Trachemys scripta elegans,Arkansas,36.135983,-94.174362,408.0,2022-03-14T09:36:53Z
Trachemys scripta elegans,Tennessee,36.165908,-82.392054,144.0,2022-03-17T14:41
Trachemys scripta elegans,Texas,31.37515,-94.728399,400.0,2022-03-12
Trachemys scripta elegans,Texas,29.975388,-95.594087,8.0,2022-03-15T10:55:02
Trachemys scripta elegans,Texas,29.761344,-95.387882,32.0,2022-03-16T10:09
Trachemys scripta elegans,Texas,28.982765,-96.013723,2.0,2022-03-16T16:19
Trachemys scripta elegans,Texas,29.771509,-95.56957,7.0,2022-03-12T14:22:27Z
Trachemys scripta elegans,Kentucky,37.917296,-85.658564,24.0,2022-03-16T11:23
Trachemys scripta elegans,Texas,29.986517,-95.567059,22.0,2022-03-11T13:36:10Z
Trachemys scripta elegans,Texas,29.771458,-95.569527,9.0,2022-03-12T14:24:09Z
Trachemys scripta elegans,Texas,31.572676,-94.331305,29226.0,2022-03-11T11:42:16
Trachemys scripta elegans,Texas,29.373449,-95.627029,5.0,2022-03-15T14:32:55Z
Trachemys scripta elegans,Texas,29.741267,-95.775231,4.0,2022-03-15T18:30:59Z
Trachemys scripta elegans,Texas,29.377131,-95.606351,4.0,2022-03-16T13:06
Trachemys scripta elegans,Texas,29.374003,-95.619722,,2022-03-10T10:30
Trachemys scripta elegans,Texas,31.357406,-94.726462,228.0,2022-03-17
Trachemys scripta elegans,Texas,29.712637,-95.389592,32.0,2022-03-16T15:34Z
Trachemys scripta elegans,Texas,28.982767,-96.014177,2.0,2022-03-16T16:19
Trachemys scripta elegans,Texas,30.603575,-96.302665,,2022-03-15T13:03
Trachemys scripta elegans,Louisiana,29.994361,-92.88664,767.0,2022-03-07T13:23
Trachemys scripta elegans,North Carolina,35.608959,-82.428112,194.0,2022-03-07T07:14
Trachemys scripta elegans,Arkansas,35.3475,-90.219564,3648.0,2022-03-05T08:59
Trachemys scripta elegans,Arkansas,36.354765,-94.221794,61.0,2022-03-03T18:24
Trachemys scripta elegans,Texas,29.708553,-95.387039,76.0,2022-03-02T13:53
Trachemys scripta elegans,Texas,29.914225,-95.685758,189.0,2022-02-20T00:00
Trachemys scripta elegans,Missouri,36.969508,-90.150683,191.0,2022-03-06T15:55:14
Trachemys scripta elegans,Arkansas,33.892844,-94.223605,250.0,2022-03-09T13:24Z
Trachemys scripta elegans,Texas,31.375351,-94.728292,400.0,2022-03-05
Trachemys scripta elegans,Texas,30.011756,-95.25087,,2022-03-06T09:49
Trachemys scripta elegans,Arkansas,33.892844,-94.223605,250.0,2022-03-09T13:24Z
Trachemys scripta elegans,Texas,29.06071,-95.267809,2.0,2021-11-19T14:16
Trachemys scripta elegans,Texas,29.985833,-95.62983,4.0,2022-03-05T09:38:53
Trachemys scripta elegans,Texas,29.76099,-95.402107,,2022-03-03T11:27
Trachemys scripta elegans,Texas,29.370627,-95.627218,196.0,2022-03-06T12:17
Trachemys scripta elegans,Texas,29.820772,-95.613349,248.0,2022-03-05T20:58
Trachemys scripta elegans,Texas,29.767062,-95.451716,10.0,2022-03-04T11:04:38Z
Trachemys scripta elegans,Texas,31.357479,-94.726226,206.0,2022-03-06
Trachemys scripta elegans,Texas,31.548853,-95.235856,3.0,2022-03-05T14:09
Trachemys scripta elegans,Arkansas,36.34555,-92.367674,5.0,2022-03-10T12:43:48
Trachemys scripta elegans,Texas,31.444169,-94.692841,2004.0,2022-03-04
Trachemys scripta elegans,Texas,29.373948,-95.626293,,2022-03-01T10:01
Trachemys scripta elegans,Texas,29.767003,-95.452099,22.0,2022-03-05T12:22
Trachemys scripta elegans,Louisiana,30.391233,-90.115986,10.0,2022-03-04T12:21
Trachemys scripta elegans,Louisiana,29.948604,-93.078765,466.0,2022-03-06T14:06
Trachemys scripta elegans,Texas,29.700247,-95.560659,742.0,2022-03-06T10:23
Trachemys scripta elegans,Texas,29.589398,-95.591826,149.0,2022-03-04T10:01
Trachemys scripta elegans,Texas,29.766894,-95.452071,23.0,2022-03-05T12:21
Trachemys scripta elegans,Texas,32.906317,-96.019992,,2022-03-04T13:58
Trachemys scripta elegans,Texas,29.766882,-95.452147,22.0,2022-03-05T12:22
Trachemys scripta elegans,Texas,29.588049,-95.592012,,2022-03-04T09:26
Trachemys scripta elegans,Texas,33.051888,-95.093997,15.0,2022-03-04T11:59
Trachemys scripta elegans,Louisiana,30.409012,-91.173325,4.0,2022-03-10T16:13:42Z
Trachemys scripta elegans,Texas,29.761775,-95.450014,22.0,2022-03-05T13:55
Trachemys scripta elegans,Texas,31.54973,-95.236808,104.0,2022-03-05T12:30
Trachemys scripta elegans,Texas,30.6209,-95.528887,,2022-03-05T11:13
Trachemys scripta elegans,Tennessee,36.317063,-87.19388,4.0,2022-03-03T14:24
Trachemys scripta elegans,Texas,29.7618,-95.450027,22.0,2022-03-05T13:55
Trachemys scripta elegans,Texas,29.762429,-95.449974,357.0,2022-03-04T10:11:20Z
Trachemys scripta elegans,Texas,29.762455,-95.450037,4.0,2022-03-04T10:20:17
Trachemys scripta elegans,Texas,29.762144,-95.450139,22.0,2022-03-05T13:43
Trachemys scripta elegans,Texas,29.762145,-95.450162,22.0,2022-03-05T13:43
Trachemys scripta elegans,Texas,29.972392,-95.600762,7.0,2022-03-05T15:03:41
Trachemys scripta elegans,Georgia,33.79839,-84.314734,,2022-03-02T14:34:16
Trachemys scripta elegans,Georgia,33.924756,-83.385617,88.0,2021-04-30T12:37
Trachemys scripta elegans,Tennessee,36.572463,-82.234894,8.0,2022-03-02T11:42
Trachemys scripta elegans,Texas,29.370627,-95.627218,196.0,2022-02-22T10:14
Trachemys scripta elegans,Louisiana,30.391163,-90.115948,10.0,2022-03-01T12:20
Trachemys scripta elegans,Mississippi,30.397993,-88.790034,2.0,2022-02-26T10:12
Trachemys scripta elegans,Texas,32.692395,-94.178917,15.0,2022-01-17T13:41:43
Trachemys scripta elegans,Texas,29.912753,-95.674863,,2022-02-27T17:36:41
Trachemys scripta elegans,Louisiana,30.283031,-89.920178,10.0,2022-02-26T09:55
Trachemys scripta elegans,Louisiana,30.499195,-91.720192,1965.0,2022-01-28T13:55
Trachemys scripta elegans,Texas,29.760522,-95.406315,,2022-02-28T11:05
Trachemys scripta elegans,Texas,29.806641,-95.765534,858.0,2022-02-13T19:33
Trachemys scripta elegans,Texas,29.220356,-94.923979,395.0,2022-03-02T14:00:18Z
Trachemys scripta elegans,Texas,29.857769,-95.700001,2.0,2022-02-21T14:37
Trachemys scripta elegans,Arkansas,34.989995,-92.38188,3.0,2022-02-01T12:48:57
Trachemys scripta elegans,Florida,29.479121,-81.143626,15.0,2022-02-20T13:43
Trachemys scripta elegans,Texas,29.60225,-94.555458,,2022-02-21T12:47
Trachemys scripta elegans,Texas,29.602186,-94.555481,,2022-02-21T12:46
Trachemys scripta elegans,Texas,29.857719,-95.700015,15.0,2022-02-21T14:26
Trachemys scripta elegans,Texas,29.857698,-95.700064,2.0,2022-02-21T14:33
Trachemys scripta elegans,Alabama,32.595592,-85.482481,63.0,2022-02-23T15:45:27
Trachemys scripta elegans,Texas,29.857921,-95.69968,31.0,2022-02-21T14:22
Trachemys scripta elegans,Texas,30.867906,-94.173745,244.0,2020-06-01T13:18
Trachemys scripta elegans,Texas,29.857847,-95.699941,15.0,2022-02-21T14:22
Trachemys scripta elegans,Georgia,33.785127,-84.373474,8.0,2021-05-31T12:43
Trachemys scripta elegans,Arkansas,33.136382,-92.083469,128.0,2022-02-19T10:07:32
Trachemys scripta elegans,Texas,29.588681,-96.339994,317.0,2021-09-25T09:10
Trachemys scripta elegans,Texas,28.98229,-96.014331,221.0,2018-09-16T11:04
Trachemys scripta elegans,Texas,29.719093,-95.731808,1.0,2022-02-17T14:53
Trachemys scripta elegans,Arkansas,33.135025,-92.081465,105.0,2022-02-19T09:57:50Z
Trachemys scripta elegans,Texas,29.571597,-94.386705,15.0,2022-02-15T13:28
Trachemys scripta elegans,Texas,29.612702,-94.551149,2978.0,2022-02-19T11:46:07Z
Trachemys scripta elegans,Texas,29.639658,-95.659929,283.0,2022-02-22T17:01:36Z
Trachemys scripta elegans,Texas,29.857269,-95.162442,15.0,2022-02-11T13:57
Trachemys scripta elegans,Texas,29.857556,-95.163307,31.0,2022-02-11T13:51
Trachemys scripta elegans,Texas,31.617796,-94.641637,22.0,2022-02-17T13:40:30Z
Trachemys scripta elegans,Texas,29.528887,-95.407967,4.0,2022-02-11T11:17:50Z
Trachemys scripta elegans,Tennessee,36.572426,-82.234835,26.0,2022-02-15T15:41
Trachemys scripta elegans,Arkansas,35.318867,-93.184692,17.0,2022-02-10T08:45:24
Trachemys scripta elegans,Texas,29.370627,-95.627218,196.0,2022-02-15T09:19
Trachemys scripta elegans,Texas,29.804471,-95.819789,184.0,2022-01-29T01:41
Trachemys scripta elegans,Texas,30.571465,-96.365423,15.0,2022-02-14T11:10
Trachemys scripta elegans,Louisiana,30.4071,-91.17782,12.0,2022-02-03T16:25:48
Trachemys scripta elegans,Louisiana,30.136168,-90.820473,198.0,2022-02-12T15:37
Trachemys scripta elegans,Oklahoma,35.477842,-94.924503,28677.0,2022-02-13T14:37
Trachemys scripta elegans,Texas,29.976795,-95.588517,5.0,2016-08-19T10:13:53
Trachemys scripta elegans,Texas,30.087883,-95.385131,,2022-02-11T14:43:47
Trachemys scripta elegans,Louisiana,30.41886,-91.180422,22.0,2021-04-15T12:56:05Z
Trachemys scripta elegans,Texas,29.518925,-95.089705,3.0,2022-02-13T11:34:19
Trachemys scripta elegans,Texas,29.957369,-95.167627,,2022-02-11T17:32
Trachemys scripta elegans,Missouri,36.68298,-93.287483,,2020-05-24T13:39:29
Trachemys scripta elegans,Tennessee,36.551797,-87.305172,31.0,2022-02-16T11:25
Trachemys scripta elegans,Louisiana,29.779687,-90.79425,5.0,2022-02-10T19:01:06
Trachemys scripta elegans,Texas,31.37515,-94.728399,400.0,2022-02-10
Trachemys scripta elegans,Texas,29.524702,-95.807586,187.0,2017-11-07T09:34
Trachemys scripta elegans,Texas,29.377653,-95.604189,6577.0,2022-01-29T11:03:37Z
Trachemys scripta elegans,Arkansas,35.242129,-91.57675,5958.0,2021-10-30T15:03
Trachemys scripta elegans,South Carolina,34.67444,-82.822773,30.0,2022-02-04T13:04:37
Trachemys scripta elegans,Texas,30.083661,-95.389517,60.0,2022-02-09T11:35:07
Trachemys scripta elegans,Texas,30.655703,-96.309922,4.0,2022-02-05T13:43:37
Trachemys scripta elegans,Texas,29.974312,-95.167104,65.0,2022-02-08T16:16:01Z
Trachemys scripta elegans,Mississippi,31.3313,-91.453143,,2022-02-08T14:38
Trachemys scripta elegans,Texas,29.766913,-95.452157,10.0,2022-01-28T14:26
Trachemys scripta elegans,Texas,29.370627,-95.627218,196.0,2022-01-18T11:38
Trachemys scripta elegans,Texas,31.37515,-94.728399,400.0,2022-02-02
Trachemys scripta elegans,Tennessee,36.572346,-82.234933,61.0,2022-02-01T13:30
Trachemys scripta elegans,Texas,29.595448,-95.072769,22.0,2022-01-30T13:55:03
Trachemys scripta elegans,Texas,29.7666,-95.450662,4.0,2022-02-02T14:43:23
Trachemys scripta elegans,Texas,33.236508,-94.23517,3.0,2021-06-08T13:51:41
Trachemys scripta elegans,Texas,29.762428,-95.45012,4.0,2022-02-02T13:09:58Z
Trachemys scripta elegans,Texas,29.373865,-95.622747,,2022-01-27T13:00
Trachemys scripta elegans,Texas,29.759884,-95.369803,51859.0,2022-01-28T16:17:11
Trachemys scripta elegans,Texas,29.580955,-96.337029,8.0,2022-01-18T15:34
Trachemys scripta elegans,Texas,33.303587,-95.778205,26.0,2021-12-23T10:36:30
Trachemys scripta elegans,Texas,29.01748,-95.445962,242.0,2022-01-29T14:11
Trachemys scripta elegans,Texas,29.370627,-95.627218,196.0,2022-01-27T12:58
Trachemys scripta elegans,Texas,29.765224,-95.45207,210.0,2022-01-10T12:14Z
Trachemys scripta elegans,Texas,29.765224,-95.45207,210.0,2022-01-10T12:16Z
Trachemys scripta elegans,Florida,29.6926,-82.397557,2.0,2022-01-27T14:48
Trachemys scripta elegans,Texas,29.856954,-95.161413,7.0,2022-01-29T11:05
Trachemys scripta elegans,Texas,29.766563,-95.450583,4.0,2022-02-02T14:46:32Z
Trachemys scripta elegans,Texas,29.33657,-95.288939,198.0,2022-01-14T14:30
Trachemys scripta elegans,Texas,29.583138,-96.337031,8.0,2022-01-18T15:05
Trachemys scripta elegans,Texas,29.580706,-96.336656,8.0,2022-01-18T15:26
Trachemys scripta elegans,Texas,29.583138,-96.337031,8.0,2022-01-18T14:54
Trachemys scripta elegans,Texas,29.806641,-95.765534,858.0,2022-01-03T03:49
Trachemys scripta elegans,Texas,33.052187,-95.093523,,2020-03-03T15:00
Trachemys scripta elegans,Texas,29.573342,-94.389444,,2022-01-23T17:20
Trachemys scripta elegans,Texas,29.771081,-95.891897,71.0,2021-12-24T10:54:57
Trachemys scripta elegans,Texas,29.583138,-96.337031,8.0,2022-01-18T15:04
Trachemys scripta elegans,Texas,29.573361,-94.389444,,2022-01-23T17:20
Trachemys scripta elegans,Mississippi,30.397888,-88.790093,,2022-01-22T15:59
Trachemys scripta elegans,Texas,29.671877,-95.918743,4.0,2022-01-19T11:04Z
Trachemys scripta elegans,Texas,29.573375,-94.389525,,2022-01-23T17:21
Trachemys scripta elegans,Texas,29.608352,-94.550838,857.0,2022-01-18T12:45
Trachemys scripta elegans,Texas,29.602629,-94.555642,50.0,2021-12-22T20:18
Trachemys scripta elegans,Tennessee,36.19692,-83.028757,133.0,2022-01-18T15:21:06
Trachemys scripta elegans,Tennessee,36.291645,-87.094389,31.0,2022-01-18T10:49
Trachemys scripta elegans,Texas,29.766912,-95.452071,22.0,2022-01-09T16:14
Trachemys scripta elegans,Texas,29.60207,-94.555835,15.0,2021-12-22T14:19
Trachemys scripta elegans,Texas,29.542145,-95.197761,64.0,2022-01-14T12:48
Trachemys scripta elegans,Texas,29.761829,-95.450088,20.0,2022-01-09T17:04
Trachemys scripta elegans,Louisiana,30.040813,-89.98442,,2021-12-27T11:26
Trachemys scripta elegans,Texas,30.144326,-95.240485,218.0,2021-12-09T10:18
Trachemys scripta elegans,Texas,33.60048,-95.95122,,2021-12-31T14:12
Trachemys scripta elegans,Texas,31.37515,-94.728399,400.0,2021-12-04
Trachemys scripta elegans,Texas,30.194045,-95.512082,8.0,2021-06-30T21:21
Trachemys scripta elegans,Texas,30.560684,-95.634131,15.0,2021-12-01T13:48
Trachemys scripta elegans,Louisiana,29.984908,-90.098179,61.0,2021-12-12T13:56
Trachemys scripta elegans,Texas,29.374203,-95.610435,15.0,2021-11-19T16:26Z
Trachemys scripta elegans,Texas,30.144326,-95.240485,218.0,2021-12-14T11:32
Trachemys scripta elegans,Louisiana,32.508367,-92.167357,3.0,2021-12-01T14:43
Trachemys scripta elegans,Louisiana,32.508713,-92.16811,15.0,2021-12-01T14:52
Trachemys scripta elegans,Texas,29.373411,-95.627139,,2022-01-11T12:44
Trachemys scripta elegans,Texas,31.563001,-94.221737,29226.0,2021-12-16T14:04
Trachemys scripta elegans,Texas,29.76691,-95.452186,20.0,2022-01-09T16:12
Trachemys scripta elegans,Texas,30.194067,-95.511764,8.0,2021-04-08T09:49
Trachemys scripta elegans,Louisiana,32.3451,-91.372293,488.0,2021-11-21T17:39
Trachemys scripta elegans,Texas,29.37591,-95.613054,15.0,2021-11-19T16:27Z
Trachemys scripta elegans,Mississippi,30.382252,-89.617849,386.0,2021-12-02T11:19
Trachemys scripta elegans,Texas,29.758583,-95.741883,4.0,2022-01-01T13:15:05
Trachemys scripta elegans,Texas,29.510372,-95.103301,,2022-01-01T16:26
Trachemys scripta elegans,Alabama,34.857335,-87.903593,19.0,2021-11-28T13:59
Trachemys scripta elegans,Louisiana,32.508367,-92.167357,3.0,2021-12-01T14:43
Trachemys scripta elegans,Louisiana,32.508124,-92.167414,16.0,2021-12-01T14:42
Trachemys scripta elegans,Texas,29.986492,-95.566766,3.0,2021-11-26T12:23:54
Trachemys scripta elegans,Mississippi,30.285601,-89.625752,1000.0,2021-12-30T11:42
Trachemys scripta elegans,Texas,29.986677,-95.567114,7.0,2021-11-26T12:22:02
Trachemys scripta elegans,Mississippi,34.742962,-90.121567,5.0,2021-12-26T15:12:06Z
Trachemys scripta elegans,Texas,29.614593,-95.127295,2.0,2021-12-14T15:14
Trachemys scripta elegans,Louisiana,32.34336,-91.371607,488.0,2021-11-21T17:39
Trachemys scripta elegans,Texas,29.375165,-95.594784,2.0,2021-12-17T13:43
Trachemys scripta elegans,Texas,29.375169,-95.594779,2.0,2021-12-17T13:43
Trachemys scripta elegans,Texas,29.779399,-95.62383,22.0,2021-11-29T11:26:41
Trachemys scripta elegans,Texas,29.901131,-95.81459,1425.0,2021-12-27T21:38
Trachemys scripta elegans,Mississippi,30.382252,-89.617849,386.0,2021-12-01T11:27
Trachemys scripta elegans,Texas,29.761837,-95.45008,22.0,2022-01-09T17:09
Trachemys scripta elegans,Texas,31.375836,-94.7289,234.0,2021-11-29T13:01:33Z
Trachemys scripta elegans,Texas,30.029404,-95.295587,8.0,2021-11-24T13:49
Trachemys scripta elegans,Texas,29.636547,-95.660298,,2022-01-14T11:24
Trachemys scripta elegans,Texas,32.392112,-95.382452,29120.0,2021-10-16T16:13:15
Trachemys scripta elegans,Texas,29.671798,-96.269113,3.0,2022-01-14T14:30
Trachemys scripta elegans,Kentucky,36.897492,-88.099974,488.0,2021-10-07T12:54
Trachemys scripta elegans,Texas,29.767132,-95.451633,15.0,2021-12-28T14:06
Trachemys scripta elegans,Texas,29.201834,-95.522693,8.0,2022-01-11T13:59
Trachemys scripta elegans,Texas,29.672826,-94.523327,6564.0,2021-12-24T16:24:30
Trachemys scripta elegans,Texas,31.37515,-94.728399,400.0,2021-12-15
Trachemys scripta elegans,Texas,29.671804,-96.269208,17.0,2021-12-29T12:35Z
Trachemys scripta elegans,Louisiana,32.34278,-91.372293,488.0,2021-11-21T17:39
Trachemys scripta elegans,Texas,31.357981,-94.726473,113.0,2021-12-23
Trachemys scripta elegans,Mississippi,31.322701,-89.315071,244.0,2022-01-14T15:04
Trachemys scripta elegans,Texas,29.761851,-95.450085,20.0,2022-01-09T17:08
Trachemys scripta elegans,Texas,33.543454,-96.147046,,2021-12-27T13:45:24
Trachemys scripta elegans,Texas,29.76698,-95.452175,22.0,2022-01-09T16:12
Trachemys scripta elegans,Texas,29.7669,-95.452195,4.0,2022-01-18T10:00:57Z
Trachemys scripta elegans,Missouri,36.737759,-94.094304,17.0,2021-12-15T10:52
Trachemys scripta elegans,Texas,29.761851,-95.450091,20.0,2022-01-09T17:05
Trachemys scripta elegans,Louisiana,30.34181,-91.104584,18.0,2022-01-13T17:17
Trachemys scripta elegans,Texas,29.769334,-95.892682,795.0,2021-12-09T17:55:46
Trachemys scripta elegans,Texas,29.806641,-95.765534,858.0,2021-11-04T19:18
Trachemys scripta elegans,Texas,29.63653,-95.660046,1.0,2021-11-23T15:00
Trachemys scripta elegans,Tennessee,35.170816,-85.124255,213.0,2021-12-26T12:45
Trachemys scripta elegans,Texas,29.564118,-95.025484,11721.0,2021-12-18T10:10
Trachemys scripta elegans,Louisiana,30.416533,-91.161203,114.0,2021-11-30T13:09
Trachemys scripta elegans,Louisiana,32.508367,-92.167357,3.0,2021-12-01T14:43
Trachemys scripta elegans,Kentucky,37.915819,-85.667787,63.0,2021-06-05T08:49
Trachemys scripta elegans,Texas,30.199017,-95.688532,5.0,2021-12-30T13:47:57Z
Trachemys scripta elegans,Texas,29.981233,-95.842637,609.0,2021-12-27T02:10
Trachemys scripta elegans,Texas,30.203533,-95.541803,9.0,2021-04-26T10:49
Trachemys scripta elegans,Louisiana,32.343024,-91.373254,3237.0,2021-11-21T17:39
Trachemys scripta elegans,Texas,29.603277,-94.556072,,2021-11-10T09:37
Trachemys scripta elegans,Texas,29.560408,-95.541485,,2021-12-27T14:50:02Z
Trachemys scripta elegans,Texas,30.210906,-95.543908,,2021-05-06T22:42
Trachemys scripta elegans,Texas,31.476422,-95.432487,5.0,2021-11-22T15:01:59
Trachemys scripta elegans,Texas,29.042537,-95.474371,352.0,2021-12-31T11:57:09
Trachemys scripta elegans,Texas,29.767599,-95.805537,337.0,2021-12-30T10:38
Trachemys scripta elegans,Texas,30.540645,-94.265063,29356.0,2021-12-24T13:24
Trachemys scripta elegans,Texas,29.216552,-94.935268,2.0,2021-12-23T13:39
Trachemys scripta elegans,Texas,29.372706,-95.622899,,2021-12-21T12:36
Trachemys scripta elegans,Texas,29.907419,-95.795249,1442.0,2021-12-27T22:27
Trachemys scripta elegans,Texas,29.604802,-95.095807,15.0,2022-01-13T11:16Z
Trachemys scripta elegans,Louisiana,30.793301,-91.437078,3053.0,2021-10-16T13:17
Trachemys scripta elegans,Texas,29.640226,-95.219748,4.0,2019-03-20
Trachemys scripta elegans,Mississippi,30.382252,-89.617849,386.0,2021-11-29T11:32
Trachemys scripta elegans,Texas,29.370627,-95.627218,196.0,2021-11-10T12:52
Trachemys scripta elegans,Texas,29.806641,-95.765534,858.0,2021-12-03T22:02
Trachemys scripta elegans,Texas,29.301581,-94.797696,20124.0,2021-12-29T06:20:26
Trachemys scripta elegans,Texas,29.59251,-95.256313,430.0,2022-01-11T11:30:33Z
Trachemys scripta elegans,Texas,29.37708,-95.60586,,2021-11-07T13:38
Trachemys scripta elegans,Texas,29.808759,-95.793248,205.0,2021-12-24T20:30
Trachemys scripta elegans,Mississippi,30.475586,-88.816692,,2022-01-01T12:43
Trachemys scripta elegans,Missouri,37.185058,-94.478638,6.0,2021-06-30T12:29:26Z
Trachemys scripta elegans,Texas,30.149656,-95.518714,4.0,2021-05-27T09:00
Trachemys scripta elegans,Texas,29.608352,-94.550838,857.0,2022-01-18T11:43
Trachemys scripta elegans,Texas,29.762331,-95.450286,,2021-12-26T14:49:05
Trachemys scripta elegans,Texas,30.144326,-95.240485,218.0,2021-12-14T10:11
Trachemys scripta elegans,Texas,29.766881,-95.452149,22.0,2022-01-16T17:49
Trachemys scripta elegans,Texas,29.373547,-95.627988,,2022-01-16T14:07:38Z
Trachemys scripta elegans,Louisiana,30.281403,-89.92572,9.0,2021-12-17T02:09:03
Trachemys scripta elegans,Texas,29.216663,-94.935139,,2021-12-13T16:15
Trachemys scripta elegans,Texas,29.636552,-95.660051,1.0,2021-11-23T14:59
Trachemys scripta elegans,Texas,29.636471,-95.660088,1.0,2021-11-23T14:59
Trachemys scripta elegans,Texas,29.973153,-95.570318,198.0,2021-11-14T12:25
Trachemys scripta elegans,Texas,32.78328,-95.986795,5.0,2021-12-04T13:38:48
Trachemys scripta elegans,Tennessee,35.090988,-89.863298,118.0,2021-12-23T13:45:17Z
Trachemys scripta elegans,Texas,30.6298,-96.291603,47.0,2022-01-07T11:36:58Z
Trachemys scripta elegans,Texas,31.37515,-94.728399,400.0,2021-12-19
Trachemys scripta elegans,Texas,30.103247,-94.15995,10.0,2021-12-28T16:36:24
Trachemys scripta elegans,Louisiana,29.927245,-90.127388,,2021-12-24T14:31
Trachemys scripta elegans,Texas,31.375315,-94.728676,400.0,2021-12-29
Trachemys scripta elegans,Texas,30.560633,-95.634003,15.0,2021-12-01T13:52
Trachemys scripta elegans,Florida,29.692098,-82.399013,,2021-12-13T15:09
Trachemys scripta elegans,Louisiana,30.793301,-91.437078,3053.0,2021-10-16T13:19
Trachemys scripta elegans,Texas,30.056537,-95.229043,87.0,2021-12-27T10:14:11Z
Trachemys scripta elegans,Louisiana,31.377838,-93.41262,106.0,2021-06-17T18:57:54Z
Trachemys scripta elegans,Louisiana,29.927393,-90.125953,,2021-12-25T09:04
Trachemys scripta elegans,Mississippi,30.391851,-88.791067,189.0,2021-12-30T16:10
Trachemys scripta elegans,Oklahoma,36.161926,-95.843502,25.0,2020-04-28T10:57:35
Trachemys scripta elegans,Louisiana,30.398458,-91.174627,22.0,2021-12-12T12:19:36
Trachemys scripta elegans,Texas,29.375177,-95.594819,2.0,2021-12-17T13:44
Trachemys scripta elegans,Louisiana,31.378253,-93.41233,18.0,2021-06-17T19:02:25Z
Trachemys scripta elegans,Texas,30.168128,-95.497908,65.0,2021-06-30T09:18
Trachemys scripta elegans,Texas,30.146686,-95.168638,122.0,2021-11-21T10:06
Trachemys scripta elegans,Texas,30.560577,-95.633788,15.0,2021-12-01T13:53
Trachemys scripta elegans,Texas,29.636525,-95.659939,1.0,2021-11-23T15:01
Trachemys scripta elegans,Texas,32.476272,-95.297792,,2021-05-15T09:03:51
Trachemys scripta elegans,Texas,29.636544,-95.659985,1.0,2021-11-23T15:02
Trachemys scripta elegans,Texas,29.636559,-95.659868,1.0,2021-11-23T15:02
Trachemys scripta elegans,Texas,30.153983,-95.497711,11.0,2020-12-22T10:21
Trachemys scripta elegans,Oklahoma,36.312596,-95.61609,18182.0,2021-08-24T00:16
Trachemys scripta elegans,Texas,29.767002,-95.452067,22.0,2021-11-28T17:05
Trachemys scripta elegans,Missouri,36.994962,-94.315993,22.0,2021-05-19T11:14:42Z
Trachemys scripta elegans,Texas,30.230618,-95.496891,,2021-10-16
Trachemys scripta elegans,Missouri,36.52112,-93.26217,11252.0,2020-08-05T11:41:07Z
Trachemys scripta elegans,Florida,29.190537,-81.047096,35.0,2019-04-05T14:03
Trachemys scripta elegans,Texas,32.869539,-95.05443,,2020-03-29T10:57:18Z
Trachemys scripta elegans,Missouri,37.964253,-91.831833,376892.0,2021-09-25T14:35
Trachemys scripta elegans,Texas,29.770275,-95.568562,21.0,2021-11-14T15:19
Trachemys scripta elegans,Arkansas,36.334412,-94.102753,8.0,2021-11-06T16:38:15
Trachemys scripta elegans,Florida,29.645847,-82.347118,37.0,2021-11-17T11:23
Trachemys scripta elegans,Arkansas,34.9896,-92.38198,4.0,2021-11-07T14:35:25
Trachemys scripta elegans,Texas,30.697718,-95.605996,,2021-05-27T18:52
Trachemys scripta elegans,Louisiana,32.348772,-91.380131,,2021-11-21T13:55
Trachemys scripta elegans,Georgia,33.785022,-84.37348,5.0,2021-10-16T10:08:09
Trachemys scripta elegans,Missouri,37.964253,-91.831833,376892.0,2021-09-25T14:32
Trachemys scripta elegans,Texas,30.029436,-95.295563,43.0,2021-11-24T13:44:27
Trachemys scripta elegans,Texas,29.698343,-95.561557,20.0,2021-11-21T11:16
Trachemys scripta elegans,Arkansas,34.991703,-92.379975,4.0,2021-11-07T14:08:15
Trachemys scripta elegans,Texas,30.026721,-95.294915,3.0,2021-11-24T13:29:27
Trachemys scripta elegans,Texas,32.475889,-95.29845,6.0,2021-11-16T15:54
Trachemys scripta elegans,Florida,30.40025,-84.645508,,2021-11-12T10:48
Trachemys scripta elegans,Arkansas,36.212983,-94.156655,178.0,2021-09-26T13:11
Trachemys scripta elegans,Texas,31.37515,-94.728399,400.0,2021-11-13
Trachemys scripta elegans,Louisiana,29.997584,-90.210628,18.0,2021-11-13T14:52
Trachemys scripta elegans,Texas,29.911237,-95.672653,22.0,2021-11-07T18:10
Trachemys scripta elegans,Arkansas,33.321764,-93.233203,28984.0,2021-05-16T19:58
Trachemys scripta elegans,Texas,29.652621,-95.467146,315.0,2021-11-14T14:01:14Z
Trachemys scripta elegans,Mississippi,30.382252,-89.617849,386.0,2021-11-23T11:37
Trachemys scripta elegans,Texas,30.623848,-95.537219,61.0,2021-11-08T15:38Z
Trachemys scripta elegans,Texas,29.806641,-95.765534,858.0,2021-10-21T04:00
Trachemys scripta elegans,Mississippi,32.326887,-90.146642,61.0,2021-11-12T10:45
Trachemys scripta elegans,Texas,30.619705,-95.530808,61.0,2021-11-08T14:26Z
Trachemys scripta elegans,Texas,29.622297,-95.44604,29458.0,2021-11-06T16:41:49Z
Trachemys scripta elegans,Arkansas,36.134147,-94.134317,147.0,2021-11-05T16:13Z
Trachemys scripta elegans,Texas,29.97462,-95.591023,78.0,2018-05-07T10:08:09
Trachemys scripta elegans,Texas,29.776299,-95.892094,890.0,2021-11-14T16:01:13
Trachemys scripta elegans,Texas,29.595436,-95.072733,,2021-11-20T12:36
Trachemys scripta elegans,Texas,29.788813,-95.49108,9.0,2021-11-03T10:09:30
Trachemys scripta elegans,Texas,29.713836,-95.389323,1715.0,2021-11-07T14:12:26
Trachemys scripta elegans,Missouri,36.965277,-90.174637,119.0,2021-10-31T13:05:38Z
Trachemys scripta elegans,Texas,30.715008,-95.551914,24.0,2018-11-01T13:36:52
Trachemys scripta elegans,Texas,29.762391,-95.450149,2.0,2021-11-11T13:23
Trachemys scripta elegans,Texas,29.910154,-95.524417,49694.0,2021-10-09T11:16:07
Trachemys scripta elegans,Texas,29.555456,-95.586191,59.0,2021-11-09T09:14
Trachemys scripta elegans,Georgia,34.137718,-84.811157,10.0,2021-11-07T14:49:19
Trachemys scripta elegans,Tennessee,36.506746,-82.614681,89.0,2021-11-07T15:49:38
Trachemys scripta elegans,Tennessee,35.86451,-86.420376,205.0,2021-10-10T22:08
Trachemys scripta elegans,Texas,29.573909,-94.389922,15.0,2021-11-07T09:52:26
Trachemys scripta elegans,Texas,29.636404,-95.658922,59.0,2021-11-05T13:25
Trachemys scripta elegans,Tennessee,35.839061,-86.388122,191.0,2021-11-04T17:57Z
Trachemys scripta elegans,Texas,32.216658,-95.765367,4.0,2021-08-04T13:06
Trachemys scripta elegans,Texas,29.788678,-95.49115,13.0,2021-10-26T15:54:05
Trachemys scripta elegans,Texas,30.026706,-95.294925,7.0,2021-11-24T13:30:22
Trachemys scripta elegans,Texas,32.053903,-95.442482,148.0,2021-11-21T13:26
Trachemys scripta elegans,Texas,29.766882,-95.452141,22.0,2021-11-13T15:39
Trachemys scripta elegans,Texas,30.205137,-95.54207,4.0,2018-04-27T15:58:14
Trachemys scripta elegans,Texas,29.78875,-95.491225,13.0,2021-11-03T11:45:33
Trachemys scripta elegans,Missouri,37.964253,-91.831833,376892.0,2021-10-10T16:20
Trachemys scripta elegans,Texas,29.771426,-95.56973,24.0,2021-11-14T14:55
Trachemys scripta elegans,Texas,29.806641,-95.765534,858.0,2021-10-27T19:15
Trachemys scripta elegans,Arkansas,36.141879,-94.120701,106.0,2021-11-13T12:14
Trachemys scripta elegans,Texas,29.77516,-95.892039,62.0,2021-11-20T09:13:09
Trachemys scripta elegans,Texas,32.053903,-95.442482,148.0,2021-11-21T13:17
Trachemys scripta elegans,Texas,32.053903,-95.442482,148.0,2021-11-21T13:17
Trachemys scripta elegans,Texas,30.367891,-95.554209,65528.0,2021-11-10T18:43
Trachemys scripta elegans,Texas,30.624513,-95.536962,61.0,2021-11-08T15:55Z
Trachemys scripta elegans,Texas,31.884935,-95.421247,55.0,2021-11-21T12:21
Trachemys scripta elegans,Texas,31.37515,-94.728399,400.0,2021-11-17
Trachemys scripta elegans,Louisiana,30.331597,-90.008817,180.0,2021-11-10T10:24Z
Trachemys scripta elegans,Texas,30.714765,-95.551913,7.0,2018-11-01T14:09:44
Trachemys scripta elegans,Texas,29.370173,-95.622854,,2021-11-10T13:01
Trachemys scripta elegans,Missouri,37.964253,-91.831833,376892.0,2021-09-25T14:36
Trachemys scripta elegans,Louisiana,30.237781,-91.041823,29382.0,2021-11-05T12:23
Trachemys scripta elegans,Texas,29.748424,-95.677351,9099.0,2016-05-24T20:59
Trachemys scripta elegans,Texas,30.714487,-95.552006,10.0,2018-11-02T11:21:15
Trachemys scripta elegans,Texas,30.714767,-95.55217,5.0,2018-10-18T12:59:23
Trachemys scripta elegans,Texas,31.37515,-94.728399,400.0,2021-11-08
Trachemys scripta elegans,Texas,33.009815,-94.699264,8.0,2021-11-07T12:33
Trachemys scripta elegans,Texas,29.565284,-95.124137,15.0,2021-10-17T10:44
Trachemys scripta elegans,Texas,29.771465,-95.569511,20.0,2021-09-18T17:32
Trachemys scripta elegans,Kentucky,37.976734,-85.746657,28329.0,2021-06-18T11:05:17
Trachemys scripta elegans,Texas,31.551045,-95.305623,20.0,2021-11-01T12:51:52Z
Trachemys scripta elegans,Texas,29.766882,-95.452159,22.0,2021-10-30T18:27
Trachemys scripta elegans,Tennessee,35.839016,-86.387393,222.0,2021-10-07T14:58
Trachemys scripta elegans,Texas,29.716113,-95.824088,11.0,2021-07-07T11:05:15
Trachemys scripta elegans,Mississippi,30.392407,-88.792043,189.0,2021-10-24T16:08
Trachemys scripta elegans,Texas,29.9041,-95.571525,64.0,2021-04-24T14:00:17Z
Trachemys scripta elegans,Texas,29.808254,-95.843582,31.0,2021-10-30T00:36
Trachemys scripta elegans,Texas,29.524702,-95.807586,186.0,2021-10-30T13:01Z
Trachemys scripta elegans,Texas,29.577861,-95.409665,37.0,2021-10-29T10:25
Trachemys scripta elegans,Louisiana,30.40817,-91.171412,5.0,2021-11-02T09:55:46Z
Trachemys scripta elegans,Texas,29.912989,-95.684289,500.0,2021-10-24T15:25
Trachemys scripta elegans,Arkansas,36.106561,-94.183009,192.0,2021-10-31T17:04
Trachemys scripta elegans,Texas,32.8513,-95.813125,4.0,2021-10-31T13:17:39
Trachemys scripta elegans,Louisiana,30.409013,-91.173425,4.0,2021-11-03T11:45:19Z
Trachemys scripta elegans,Louisiana,30.344209,-89.769625,29382.0,2021-10-16T09:23
Trachemys scripta elegans,Louisiana,30.101257,-91.930051,200.0,2021-11-02T14:19
Trachemys scripta elegans,Mississippi,30.54261,-89.619775,32.0,2021-10-15T15:48:44
Trachemys scripta elegans,Texas,29.761794,-95.449958,4.0,2021-10-03T12:38
Trachemys scripta elegans,Texas,29.771536,-95.569478,48.0,2018-04-28T14:31:19
Trachemys scripta elegans,Louisiana,30.408171,-91.171338,11.0,2021-11-02T09:56:04Z
Trachemys scripta elegans,Illinois,37.37653,-88.92973,4.0,2021-10-30T16:25
Trachemys scripta elegans,Mississippi,31.287455,-89.375764,27.0,2021-10-16T14:41:36
Trachemys scripta elegans,Florida,30.473918,-84.261866,4.0,2021-11-01T13:00
Trachemys scripta elegans,Alabama,34.709075,-86.632637,4.0,2021-10-20T10:42:08Z
Trachemys scripta elegans,Oklahoma,36.225138,-95.904265,,2021-09-27T11:52:47
Trachemys scripta elegans,Texas,29.911607,-95.677292,382.0,2021-10-19T13:56
Trachemys scripta elegans,Texas,30.055122,-95.418554,29407.0,2021-11-01T14:29:24Z
Trachemys scripta elegans,Kentucky,37.355495,-86.166962,1777.0,2021-10-17T19:49:42
Trachemys scripta elegans,Louisiana,30.408142,-91.171349,8.0,2021-11-04T09:57:53
Trachemys scripta elegans,Louisiana,32.436134,-91.988052,31.0,2021-10-19T13:55
Trachemys scripta elegans,Texas,29.762111,-95.375975,500.0,2021-10-16T10:35
Trachemys scripta elegans,North Carolina,35.633489,-82.558152,8.0,2021-10-21T11:57
Trachemys scripta elegans,Texas,29.698105,-93.947971,195.0,2021-10-17T18:55
Trachemys scripta elegans,Arkansas,36.0658,-94.233405,5.0,2021-09-29T09:44:30
Trachemys scripta elegans,Texas,29.374172,-95.612211,1642.0,2021-10-16T08:51
Trachemys scripta elegans,Texas,29.909934,-95.683335,22.0,2021-10-24T15:34
Trachemys scripta elegans,Texas,33.646341,-96.139756,3.0,2021-10-19T13:37
Trachemys scripta elegans,North Carolina,35.633494,-82.556207,213.0,2021-10-04T18:05
Trachemys scripta elegans,Texas,29.911486,-95.677078,316.0,2021-10-19T13:55
Trachemys scripta elegans,Texas,29.911143,-95.684197,22.0,2021-10-24T15:28
Trachemys scripta elegans,Texas,29.911645,-95.67755,316.0,2021-10-19T13:55
Trachemys scripta elegans,Texas,29.699153,-95.451513,4.0,2020-12-23T14:44:15
Trachemys scripta elegans,Texas,30.603033,-96.360036,30.0,2017-05-06T16:41
Trachemys scripta elegans,Louisiana,30.006462,-90.063485,29407.0,2021-10-15T10:38
Trachemys scripta elegans,Texas,29.69911,-95.451487,10.0,2021-05-03T14:41:54
Trachemys scripta elegans,Texas,29.699117,-95.451483,5.0,2020-08-21T14:53:26
Trachemys scripta elegans,Texas,29.764863,-95.452125,8.0,2019-07-03T15:54:18
Trachemys scripta elegans,Texas,29.699208,-95.451508,5.0,2021-04-19T14:21:32
Trachemys scripta elegans,Texas,29.613954,-94.538979,122.0,2021-10-18T15:42
Trachemys scripta elegans,Florida,30.862585,-86.835136,228.0,2021-09-25
Trachemys scripta elegans,Texas,29.575092,-95.570699,,2021-10-18T10:50
Trachemys scripta elegans,Texas,29.370279,-95.622872,,2021-10-17T12:28
Trachemys scripta elegans,Texas,29.820772,-95.613349,248.0,2021-10-24T22:21
Trachemys scripta elegans,Texas,29.699172,-95.45153,4.0,2020-04-29T13:18:28
Trachemys scripta elegans,Mississippi,30.54261,-89.619775,32.0,2021-10-20T15:59:41
Trachemys scripta elegans,Texas,29.720202,-95.390663,262.0,2021-10-26T13:43:31Z
Trachemys scripta elegans,Alabama,34.70908,-86.632622,5.0,2021-10-20T09:20:28Z
Trachemys scripta elegans,Texas,29.910864,-95.672601,22.0,2021-10-24T14:57
Trachemys scripta elegans,Texas,29.718803,-95.392489,500.0,2021-10-23T09:47
Trachemys scripta elegans,Tennessee,36.575333,-82.228612,236.0,2021-10-21T14:34:33
Trachemys scripta elegans,Missouri,37.134785,-94.466805,40.0,2021-10-24T13:53:51
Trachemys scripta elegans,Missouri,37.028659,-94.519247,182.0,2021-10-17T13:12:08Z
Trachemys scripta elegans,Mississippi,32.432399,-90.845834,66.0,2021-09-05T17:27
Trachemys scripta elegans,Texas,29.699083,-95.451519,134.0,2021-04-27T11:48:45
Trachemys scripta elegans,Texas,29.699147,-95.451363,5.0,2020-04-23T13:19:05
Trachemys scripta elegans,Texas,29.595181,-95.258447,59.0,2021-10-17T10:22
Trachemys scripta elegans,Texas,31.882704,-95.421558,7.0,2021-10-03T12:37
Trachemys scripta elegans,Texas,29.507974,-95.13269,1.0,2021-10-16T11:59Z
Trachemys scripta elegans,Texas,29.699162,-95.45147,4.0,2020-01-26T11:09:09
Trachemys scripta elegans,Texas,31.767946,-95.665459,4.0,2021-10-01T16:05
Trachemys scripta elegans,Texas,29.593019,-95.589652,59.0,2021-10-13T16:31
Trachemys scripta elegans,Texas,29.858751,-95.161734,2.0,2021-10-06T12:39
Trachemys scripta elegans,Texas,29.762442,-95.450133,500.0,2021-10-09T14:40
Trachemys scripta elegans,Texas,29.563105,-95.650619,2735.0,2021-10-08T15:39
Trachemys scripta elegans,Texas,30.160775,-95.466203,8.0,2021-09-24T09:49:36
Trachemys scripta elegans,Louisiana,31.737948,-92.560347,8.0,2021-10-09T09:44
Trachemys scripta elegans,Texas,29.76245,-95.450139,500.0,2021-10-09T14:40
Trachemys scripta elegans,Texas,29.698801,-93.949312,2.0,2021-10-11T11:48
Trachemys scripta elegans,Indiana,37.989532,-87.621656,2.0,2021-06-20T07:47
Trachemys scripta elegans,Texas,29.766817,-95.451944,,2021-10-09T13:12
Trachemys scripta elegans,Texas,29.764958,-95.452147,,2021-10-09T12:52
Trachemys scripta elegans,Texas,29.765224,-95.45207,210.0,2021-10-08T08:35
Trachemys scripta elegans,Tennessee,35.092762,-89.861019,422.0,2021-10-13T11:33:47Z
Trachemys scripta elegans,Arkansas,36.33749,-94.099971,294.0,2021-10-13T07:41:59
Trachemys scripta elegans,Georgia,34.079267,-84.455458,10.0,2021-10-07T16:40
Trachemys scripta elegans,Texas,29.836187,-95.463877,23.0,2021-10-10T11:51:01Z
Trachemys scripta elegans,Texas,29.561019,-95.640802,,2021-10-08T15:39
Trachemys scripta elegans,Louisiana,31.283465,-92.611336,31.0,2021-10-08T12:07
Trachemys scripta elegans,Texas,33.84023,-95.955947,10.0,2021-10-06T23:02
Trachemys scripta elegans,Texas,31.996444,-96.073761,15.0,2021-10-09T11:32
Trachemys scripta elegans,Texas,29.043335,-95.420666,4.0,2015-01-25
Trachemys scripta elegans,Louisiana,31.654195,-92.479747,8.0,2021-10-09T14:05
Trachemys scripta elegans,Louisiana,30.107707,-92.123959,1077.0,2021-10-11T11:50:26
Trachemys scripta elegans,Arkansas,34.93949,-92.418511,,2021-10-06T13:31
Trachemys scripta elegans,Texas,29.782226,-95.727241,29458.0,2021-10-08T11:13:32Z
Trachemys scripta elegans,Missouri,37.477314,-91.988217,244.0,2021-09-26T20:45
Trachemys scripta elegans,North Carolina,35.63354,-82.55794,,2021-09-10T17:04:10
Trachemys scripta elegans,Arkansas,34.896961,-92.091797,65.0,2021-09-23T15:57:28
Trachemys scripta elegans,Texas,30.235563,-95.965813,13.0,2021-09-30T12:34:44
Trachemys scripta elegans,Texas,31.882733,-95.421614,4.0,2021-10-03T10:45
Trachemys scripta elegans,Texas,29.913834,-95.677365,32.0,2021-10-03T17:07
Trachemys scripta elegans,Oklahoma,36.549415,-95.919116,17.0,2021-09-28T14:48:34
Trachemys scripta elegans,Texas,31.375207,-94.728162,428.0,2021-10-05
Trachemys scripta elegans,Texas,30.869662,-94.389633,6.0,2021-09-18T14:45
Trachemys scripta elegans,Texas,29.71893,-95.391945,6.0,2021-05-08T15:08:45
Trachemys scripta elegans,Texas,29.420591,-95.237571,15.0,2021-09-20T08:54
Trachemys scripta elegans,Missouri,37.964253,-91.831833,376892.0,2021-09-12T15:14
Trachemys scripta elegans,Oklahoma,36.065218,-95.991196,4.0,2021-09-22T15:55
Trachemys scripta elegans,Texas,29.497267,-95.182105,7.0,2021-10-02T14:32:18Z
Trachemys scripta elegans,Mississippi,34.373081,-89.443162,65.0,2021-09-19T12:33:31
Trachemys scripta elegans,Louisiana,32.531642,-93.81541,16.0,2021-09-12T18:44:39Z
Trachemys scripta elegans,Texas,29.808759,-95.793248,205.0,2021-09-11T23:28
Trachemys scripta elegans,Tennessee,36.287057,-82.403231,27.0,2021-09-10T17:00
Trachemys scripta elegans,Kentucky,37.57368,-85.756761,28388.0,2021-09-11T15:34:51
Trachemys scripta elegans,Texas,29.5982,-95.590575,,2021-09-28T10:22
Trachemys scripta elegans,Texas,30.225275,-95.497132,8.0,2021-09-25T14:26Z
Trachemys scripta elegans,Louisiana,30.408939,-91.173401,9.0,2021-10-05T17:10:59Z
Trachemys scripta elegans,Texas,29.896389,-95.698906,,2021-10-06T17:30
Trachemys scripta elegans,Texas,30.281555,-96.324805,5.0,2021-10-01T16:24:47
Trachemys scripta elegans,Arkansas,34.791252,-92.249458,,2021-09-22T14:36:02
Trachemys scripta elegans,Texas,29.771508,-95.56948,8.0,2020-05-31T13:41:04
Trachemys scripta elegans,Texas,29.781176,-95.624881,126.0,2015-04-22T09:22Z
Trachemys scripta elegans,Georgia,33.94477,-83.37406,48.0,2021-09-21T18:38:30
Trachemys scripta elegans,Tennessee,36.576299,-82.227139,154.0,2021-09-28T12:18:30
Trachemys scripta elegans,Texas,29.370093,-95.622862,,2021-09-23T11:55
Trachemys scripta elegans,Louisiana,29.925672,-90.125586,165.0,2021-10-07T15:07:35
Trachemys scripta elegans,Louisiana,30.004273,-90.093894,198.0,2021-09-26T12:37
Trachemys scripta elegans,Louisiana,30.096767,-92.462984,,2021-09-13T11:44
Trachemys scripta elegans,Texas,29.767446,-95.88672,395.0,2021-10-03T16:28:59
Trachemys scripta elegans,Tennessee,36.286995,-82.40325,22.0,2021-09-10T16:47
Trachemys scripta elegans,Texas,29.145345,-95.292334,203.0,2021-08-19T03:46
Trachemys scripta elegans,Tennessee,36.301122,-82.387067,22.0,2021-09-10T16:30
Trachemys scripta elegans,Texas,29.969135,-95.572769,4.0,2021-09-16T18:03:05Z
Trachemys scripta elegans,Louisiana,30.40905,-91.173334,9.0,2021-10-05T16:14:21Z
Trachemys scripta elegans,Texas,29.766921,-95.432168,22.0,2021-09-25T14:43:41
Trachemys scripta elegans,Texas,30.023789,-95.29431,195.0,2021-10-03T04:28
Trachemys scripta elegans,Texas,31.996685,-96.073635,,2021-10-03T10:24
Trachemys scripta elegans,Texas,30.609334,-96.351633,22.0,2021-09-01T13:32:24Z
Trachemys scripta elegans,Texas,32.29579,-95.293377,798.0,2021-09-21T15:12:29
Trachemys scripta elegans,Texas,30.415914,-96.212958,29356.0,2021-09-21T10:41
Trachemys scripta elegans,Texas,31.35734,-94.726559,180.0,2021-09-21
Trachemys scripta elegans,Texas,31.37515,-94.728399,400.0,2021-09-20
Trachemys scripta elegans,Oklahoma,33.729175,-94.64218,3.0,2021-07-01T15:13:58Z
Trachemys scripta elegans,Mississippi,30.54261,-89.619775,32.0,2021-10-06T16:01:12
Trachemys scripta elegans,Louisiana,30.101068,-91.930126,200.0,2021-09-17T14:27
Trachemys scripta elegans,Arkansas,36.354603,-94.221901,37.0,2021-09-25T09:30
Trachemys scripta elegans,Missouri,37.964253,-91.831833,376892.0,2021-09-12T15:58
Trachemys scripta elegans,Louisiana,30.390594,-90.115653,18.0,2021-09-23T13:10
Trachemys scripta elegans,Texas,30.859617,-95.398779,15.0,2021-09-09T09:54
Trachemys scripta elegans,Texas,30.006211,-95.518999,4.0,2021-09-12T15:38:09Z
Trachemys scripta elegans,Missouri,37.018695,-90.092126,61.0,2021-09-14T10:56
Trachemys scripta elegans,Arkansas,35.349962,-94.421997,14.0,2021-09-04T13:30:47
Trachemys scripta elegans,Texas,29.76838,-95.430772,4.0,2021-09-12T18:21:17Z
Trachemys scripta elegans,Texas,30.344942,-96.179633,56.0,2021-09-10T16:01:46Z
Trachemys scripta elegans,Texas,29.806641,-95.765534,858.0,2021-09-05T00:48
Trachemys scripta elegans,Texas,31.37515,-94.728399,400.0,2021-09-09
Trachemys scripta elegans,Oklahoma,36.282915,-95.604934,28563.0,2020-09-25T13:35:52
Trachemys scripta elegans,Alabama,33.510286,-86.809338,3.0,2021-09-25T12:27:05
Trachemys scripta elegans,Texas,29.766811,-95.452006,500.0,2021-10-02T17:01
Trachemys scripta elegans,Texas,31.962882,-95.885202,244.0,2021-10-02T14:29
Trachemys scripta elegans,Texas,29.554929,-95.586116,,2021-10-04T11:13
Trachemys scripta elegans,Oklahoma,36.226111,-95.897778,,2021-10-03T10:54:44
Trachemys scripta elegans,Texas,30.225211,-95.497,8.0,2021-09-25T14:14Z
Trachemys scripta elegans,Texas,29.562746,-95.402824,221.0,2021-10-07T14:58
Trachemys scripta elegans,Arkansas,35.091167,-92.465905,,2021-10-04T12:54
Trachemys scripta elegans,Texas,29.765224,-95.45207,76.0,2021-07-10T10:02
Trachemys scripta elegans,Texas,28.982489,-96.013815,8.0,2021-09-14T11:18
Trachemys scripta elegans,Texas,30.030814,-95.172997,6.0,2021-09-25T18:05:36Z
Trachemys scripta elegans,Texas,30.457149,-94.502794,29356.0,2021-09-12T09:37
Trachemys scripta elegans,Texas,29.370627,-95.627218,196.0,2021-09-17
Trachemys scripta elegans,Louisiana,32.823869,-93.498186,65.0,2021-10-02T16:41:36Z
Trachemys scripta elegans,Texas,31.548518,-95.2407,2.0,2021-09-26T11:07
Trachemys scripta elegans,Louisiana,29.918539,-90.210909,5574.0,2021-09-15T10:22
Trachemys scripta elegans,Texas,29.697878,-95.822333,4.0,2021-09-17T10:21:11Z
Trachemys scripta elegans,Texas,30.17447,-95.585022,9.0,2021-09-10T19:00:43Z
Trachemys scripta elegans,Texas,29.218426,-94.932344,,2021-09-24T10:24
Trachemys scripta elegans,Oklahoma,36.12355,-95.967903,9.0,2021-09-19T14:04:19Z
Trachemys scripta elegans,Missouri,36.041245,-89.960435,126518.0,2021-05-22T18:46
Trachemys scripta elegans,Texas,30.144814,-95.469138,12.0,2021-09-22T13:47:32
Trachemys scripta elegans,Tennessee,35.809779,-89.167821,15.0,2021-09-23T10:18
Trachemys scripta elegans,Louisiana,32.471235,-93.710298,23.0,2021-06-08T14:55Z
Trachemys scripta elegans,Kentucky,37.067773,-87.663293,321.0,2021-04-26T08:01:25Z
Trachemys scripta elegans,Tennessee,35.950377,-86.192033,,2018-06-21
Trachemys scripta elegans,Tennessee,36.032547,-89.655968,,2019-07-02T16:01:39
Trachemys scripta elegans,Louisiana,30.343136,-90.989287,14.0,2021-05-09T10:37:10
Trachemys scripta elegans,Kentucky,37.903154,-84.365527,7.0,2021-08-06T12:03Z
Trachemys scripta elegans,Louisiana,30.369293,-91.103983,47.0,2021-07-10T11:05:26
Trachemys scripta elegans,Texas,30.862151,-95.396969,15.0,2021-05-07T10:53
Trachemys scripta elegans,North Carolina,35.505478,-82.529948,8.0,2021-09-06T15:28:48
Trachemys scripta elegans,Tennessee,35.740397,-84.24218,45.0,2021-09-06T17:39:40
Trachemys scripta elegans,Texas,30.573519,-96.364165,15.0,2021-09-07T11:26
Trachemys scripta elegans,Texas,30.590724,-94.236437,29356.0,2016-11-14T11:52
Trachemys scripta elegans,Louisiana,30.559387,-90.67852,9.0,2021-09-04T12:29:23Z
Trachemys scripta elegans,Mississippi,34.793338,-88.960201,77.0,2021-06-11T12:01:02Z
Trachemys scripta elegans,Georgia,32.468608,-84.996251,3.0,2021-09-05T08:46:13
Trachemys scripta elegans,Texas,30.664731,-95.002948,178.0,2015-07-11T12:57
Trachemys scripta elegans,Texas,29.806641,-95.765534,858.0,2021-08-11T02:58
Trachemys scripta elegans,Texas,29.602082,-95.6224,47.0,2021-09-06T18:32:16
Trachemys scripta elegans,Texas,32.315218,-95.252708,31.0,2021-08-28T17:52Z
Trachemys scripta elegans,Arkansas,35.972469,-94.358059,,2019-04-30T09:49:08
Trachemys scripta elegans,Arkansas,35.9723,-94.358275,4.0,2021-06-03T10:23:03
Trachemys scripta elegans,Texas,31.624425,-94.644291,9.0,2021-09-02T14:18:06Z
Trachemys scripta elegans,Louisiana,30.369332,-91.1049,25.0,2018-06-02T13:54
Trachemys scripta elegans,Texas,30.088674,-95.39955,1222.0,2021-06-26T16:45
Trachemys scripta elegans,Louisiana,30.369332,-91.1049,25.0,2018-06-02T13:53
Trachemys scripta elegans,Arkansas,36.230307,-92.709666,368.0,2021-08-31T13:18:31
Trachemys scripta elegans,Louisiana,30.369314,-91.104857,25.0,2017-06-06T12:58
Trachemys scripta elegans,Louisiana,29.758432,-93.602725,4.0,2021-04-16T16:39
Trachemys scripta elegans,Texas,30.589532,-94.65912,4764.0,2021-08-29T11:50
Trachemys scripta elegans,Texas,32.316055,-95.253288,8.0,2021-08-27T16:00:05
Trachemys scripta elegans,Texas,29.736695,-95.731957,1108.0,2021-07-28T06:07
Trachemys scripta elegans,Louisiana,30.369332,-91.1049,25.0,2018-06-02T13:53
Trachemys scripta elegans,Tennessee,36.494067,-89.300666,8.0,2021-09-06T13:26
Trachemys scripta elegans,Tennessee,36.551795,-87.305157,8.0,2021-09-08T17:02
Trachemys scripta elegans,Texas,33.792597,-96.015582,9656.0,2021-08-28T19:54:22
Trachemys scripta elegans,West Virginia,37.85082,-81.311025,28329.0,2020-04-05T19:39:39
Trachemys scripta elegans,Texas,29.766933,-95.45225,500.0,2021-08-29T16:16
Trachemys scripta elegans,Texas,29.868439,-96.285662,29433.0,2015-07-04T12:34:36
Trachemys scripta elegans,Texas,30.287861,-95.416294,12.0,2019-11-20T11:06:15
Trachemys scripta elegans,Texas,29.582181,-95.760783,5754.0,2016-09-01T17:53
Trachemys scripta elegans,Texas,29.370554,-95.626472,15.0,2020-06-29T14:58Z
Trachemys scripta elegans,Florida,29.090152,-80.930014,831.0,2020-02-04T12:51
Trachemys scripta elegans,Oklahoma,36.008268,-96.018078,28592.0,2021-08-23T17:52
Trachemys scripta elegans,Texas,29.762484,-95.449939,,2021-08-22T12:13
Trachemys scripta elegans,Texas,30.878296,-94.234706,4.0,2021-08-25T09:49
Trachemys scripta elegans,Illinois,37.707441,-89.225217,9.0,2021-08-20T13:25:16
Trachemys scripta elegans,Texas,29.748456,-95.803568,1.0,2021-08-21T08:39
Trachemys scripta elegans,Texas,30.590426,-96.327725,9.0,2021-08-21T08:37:40
Trachemys scripta elegans,Texas,29.562687,-95.640538,15.0,2021-08-15T08:15
Trachemys scripta elegans,Texas,29.7669,-95.452187,5.0,2021-08-20T11:14:02
Trachemys scripta elegans,Texas,29.528347,-95.0476,9.0,2020-04-29T12:44:31Z
Trachemys scripta elegans,Mississippi,34.428586,-89.392756,,2020-10-17T12:02:48
Trachemys scripta elegans,Texas,32.633713,-95.466603,2.0,2021-08-21T12:48
Trachemys scripta elegans,Tennessee,36.088429,-86.741838,4.0,2021-08-24T09:22Z
Trachemys scripta elegans,Oklahoma,35.901713,-95.25155,,2021-08-21T12:40:17Z
Trachemys scripta elegans,Tennessee,36.238853,-89.540363,61.0,2021-08-25T10:29
Trachemys scripta elegans,Texas,30.714653,-95.55215,7.0,2018-09-24T14:09:57
Trachemys scripta elegans,Texas,29.766905,-95.452187,5.0,2021-08-20T11:14:04
Trachemys scripta elegans,Georgia,33.983048,-84.288888,28902.0,2021-08-15T13:40:18
Trachemys scripta elegans,Arkansas,35.31805,-92.326247,4.0,2021-08-11T08:04:17Z
Trachemys scripta elegans,Texas,30.64791,-95.00464,1000000.0,2021-08-17T11:16
Trachemys scripta elegans,Texas,29.896311,-95.6988,,2021-08-08T14:14
Trachemys scripta elegans,Texas,29.708077,-95.385751,15.0,2021-07-18T09:32
Trachemys scripta elegans,Louisiana,32.601442,-92.045692,768.0,2018-03-29T13:14
Trachemys scripta elegans,Texas,29.544084,-95.100869,,2019-05-15T18:27
Trachemys scripta elegans,Texas,29.526403,-95.798914,,2021-08-15T09:24
Trachemys scripta elegans,Texas,29.763709,-95.563646,65.0,2021-08-13T10:39:26Z
Trachemys scripta elegans,Texas,30.078983,-93.73326,4.0,2021-08-06T09:13
Trachemys scripta elegans,Texas,29.766964,-95.452206,500.0,2021-08-14T16:30
Trachemys scripta elegans,Texas,30.412142,-94.317269,29356.0,2019-05-31T10:23
Trachemys scripta elegans,Texas,30.584541,-94.287999,29356.0,2019-09-24T17:24
Trachemys scripta elegans,Texas,29.370627,-95.627218,196.0,2019-04-28T14:58
Trachemys scripta elegans,Oklahoma,36.500844,-94.956517,122.0,2021-08-17T15:07
Trachemys scripta elegans,South Carolina,34.00712,-81.081803,7.0,2021-08-11T10:53:49
Trachemys scripta elegans,Louisiana,30.380914,-90.648958,5.0,2020-08-08T10:05:42
Trachemys scripta elegans,North Carolina,35.633839,-82.558311,185.0,2021-08-13T20:04:33
Trachemys scripta elegans,Texas,32.216293,-95.761353,,2021-08-19T12:30
Trachemys scripta elegans,Alabama,30.244286,-87.718195,488.0,2021-08-05T13:32
Trachemys scripta elegans,Texas,29.762444,-95.45015,500.0,2021-08-14T17:30
Trachemys scripta elegans,Missouri,37.695624,-90.652042,28359.0,2020-06-28T12:59
Trachemys scripta elegans,Mississippi,33.34006,-88.87081,963.0,2021-06-09T06:53:15
Trachemys scripta elegans,Texas,29.714757,-95.386756,196.0,2021-08-07T11:51:38
Trachemys scripta elegans,Florida,29.859482,-81.222412,29433.0,2021-06-15T13:29:54
Trachemys scripta elegans,Missouri,36.704813,-89.328029,28505.0,2020-06-27T15:25
Trachemys scripta elegans,Texas,30.189583,-95.543167,4.0,2020-05-14T08:52
Trachemys scripta elegans,Texas,29.714794,-95.386805,196.0,2021-08-07T11:51:59
Trachemys scripta elegans,Texas,29.714805,-95.386768,196.0,2021-08-07T11:50:54
Trachemys scripta elegans,Texas,29.910981,-95.671945,48.0,2021-08-01T18:54
Trachemys scripta elegans,Missouri,36.624345,-94.186435,153.0,2021-08-05T14:05
Trachemys scripta elegans,Texas,30.78115,-95.660025,,2021-08-04T13:09:32
Trachemys scripta elegans,Texas,29.966694,-94.6875,1000000.0,2021-07-04T15:00
Trachemys scripta elegans,Texas,29.766903,-95.45218,20.0,2021-07-31T16:45
Trachemys scripta elegans,Louisiana,31.110717,-92.46499,2796.0,2021-07-20T12:37
Trachemys scripta elegans,Texas,29.761833,-95.450047,25.0,2021-07-31T15:19:08
Trachemys scripta elegans,Texas,29.374175,-95.606483,15.0,2020-11-10T16:56Z
Trachemys scripta elegans,Louisiana,31.110717,-92.46499,2796.0,2021-07-17T10:33
Trachemys scripta elegans,Texas,29.556231,-95.496616,29483.0,2021-08-01T16:16
Trachemys scripta elegans,Mississippi,30.646693,-88.949692,29330.0,2021-08-04T11:13
Trachemys scripta elegans,Texas,29.825154,-95.616489,395.0,2021-07-29T08:47:25
Trachemys scripta elegans,Louisiana,29.746647,-90.13755,8.0,2021-08-03T13:33:44Z
Trachemys scripta elegans,Texas,29.217862,-94.934315,,2021-07-29T11:49
Trachemys scripta elegans,Texas,31.624417,-94.64422,4.0,2021-07-30T10:50:25Z
Trachemys scripta elegans,Louisiana,29.872202,-90.060968,29433.0,2021-07-31T20:31:31
Trachemys scripta elegans,Texas,31.624213,-94.644593,8.0,2021-07-30T10:36:34Z
Trachemys scripta elegans,Texas,29.778371,-94.835201,16.0,2020-01-22T15:27:55Z
Trachemys scripta elegans,Louisiana,30.343287,-90.988704,8.0,2021-02-28T08:40:10
Trachemys scripta elegans,Tennessee,35.139105,-89.809521,839.0,2021-07-23T19:40
Trachemys scripta elegans,Mississippi,32.359591,-88.660151,,2016-04-10T12:34
Trachemys scripta elegans,Texas,29.670735,-96.320563,8.0,2021-07-25T18:04
Trachemys scripta elegans,Texas,29.571129,-95.016827,41.0,2021-05-02T09:58:35Z
Trachemys scripta elegans,Louisiana,30.972235,-91.997377,7.0,2019-11-05T16:00
Trachemys scripta elegans,North Carolina,35.246983,-81.672761,5.0,2021-06-25T15:23
Trachemys scripta elegans,Texas,29.766947,-95.452166,1.0,2021-07-25T19:15
Trachemys scripta elegans,Oklahoma,33.73708,-94.657056,167.0,2021-07-13T10:51:51
Trachemys scripta elegans,Texas,29.766686,-95.450509,1.0,2021-07-25T19:07
Trachemys scripta elegans,Texas,29.598133,-95.59057,4.0,2020-03-28T13:53:06
Trachemys scripta elegans,Texas,29.76662,-95.450576,1.0,2021-07-25T19:06
Trachemys scripta elegans,Texas,29.766922,-95.452178,1.0,2021-07-25T19:14
Trachemys scripta elegans,Texas,29.808049,-95.54104,2369.0,2021-07-10T11:03:22Z
Trachemys scripta elegans,Texas,30.029511,-95.295525,3.0,2021-07-24T14:53:45
Trachemys scripta elegans,Texas,30.624846,-95.527392,2.0,2021-07-24T12:49
Trachemys scripta elegans,Texas,30.028791,-95.295174,2.0,2021-07-24T14:55
Trachemys scripta elegans,Texas,30.026589,-95.294828,1.0,2021-07-24T14:42
Trachemys scripta elegans,Texas,30.026634,-95.294977,1.0,2021-07-24T15:08
Trachemys scripta elegans,Texas,30.618952,-95.531163,2.0,2021-07-24T14:18
Trachemys scripta elegans,Texas,29.636672,-95.660396,1.0,2021-07-26T14:27
Trachemys scripta elegans,Texas,31.375355,-94.724879,28.0,2021-07-25
Trachemys scripta elegans,Texas,29.967208,-95.608728,4.0,2021-07-24T17:48:26
Trachemys scripta elegans,Texas,30.026705,-95.29496,1.0,2021-07-24T15:09
Trachemys scripta elegans,Texas,29.771472,-95.56993,165.0,2021-07-25T16:33:13
Trachemys scripta elegans,Texas,29.762081,-95.450101,2.0,2021-07-25T18:04
Trachemys scripta elegans,Texas,30.028758,-95.295,4.0,2021-07-24T14:54
Trachemys scripta elegans,South Carolina,34.674399,-82.822931,2.0,2021-07-23T11:14
Trachemys scripta elegans,Texas,30.026604,-95.294839,1.0,2021-07-24T14:42
Trachemys scripta elegans,Texas,30.621737,-95.539312,8.0,2021-07-24T15:59
Trachemys scripta elegans,Illinois,37.707595,-89.225303,4.0,2021-07-20T18:59:09
Trachemys scripta elegans,Texas,31.375403,-94.724874,28.0,2021-07-21
Trachemys scripta elegans,Texas,32.475873,-95.292203,,2020-06-30
Trachemys scripta elegans,Texas,30.136911,-95.515083,,2021-07-16T09:48:45Z
Trachemys scripta elegans,Texas,29.764861,-95.452067,500.0,2021-07-17T18:10
Trachemys scripta elegans,Louisiana,32.507599,-92.166989,8.0,2021-07-17T21:37
Trachemys scripta elegans,Texas,30.5911,-96.328029,391.0,2021-07-17T12:46:14Z
Trachemys scripta elegans,Texas,30.58122,-94.378595,26.0,2021-07-04T13:58:25
Trachemys scripta elegans,Georgia,33.789007,-84.373013,289.0,2021-05-11T13:44:15
Trachemys scripta elegans,Texas,30.562281,-96.212053,,2021-07-21T11:48
Trachemys scripta elegans,Texas,29.823714,-95.623457,3230.0,2021-07-11T01:05
Trachemys scripta elegans,Texas,32.84803,-94.425709,15.0,2021-07-06T09:12
Trachemys scripta elegans,Oklahoma,34.813291,-95.707217,,2021-05-30T14:13:19
Trachemys scripta elegans,Florida,30.397424,-86.590962,,2021-07-19T16:28
Trachemys scripta elegans,Mississippi,32.291716,-88.960501,4.0,2021-07-19T15:31
Trachemys scripta elegans,Oklahoma,34.988263,-95.354508,194.0,2021-07-02
Trachemys scripta elegans,Tennessee,36.571893,-82.23498,47.0,2021-07-12T10:48
Trachemys scripta elegans,Oklahoma,34.796632,-95.833284,,2021-05-15T12:28:09
Trachemys scripta elegans,Texas,31.357479,-94.726162,261.0,2021-07-18
Trachemys scripta elegans,Texas,31.334861,-94.709381,200.0,2021-07-18
Trachemys scripta elegans,Texas,30.591029,-96.328072,5.0,2021-07-17T12:44:25Z
Trachemys scripta elegans,Alabama,33.510662,-86.808892,10.0,2021-07-16T13:38:24
Trachemys scripta elegans,Texas,29.7669,-95.4522,500.0,2021-07-17T19:25
Trachemys scripta elegans,Oklahoma,36.707704,-95.995787,28505.0,2021-07-18T15:30
Trachemys scripta elegans,Texas,30.394405,-95.510019,29382.0,2021-07-17T09:50
Trachemys scripta elegans,Oklahoma,33.765179,-94.646694,,2021-05-19T18:45:46
Trachemys scripta elegans,Texas,29.555897,-95.586421,,2021-07-13T10:22
Trachemys scripta elegans,Texas,29.931497,-95.923575,4.0,2021-07-13T11:04:54
Trachemys scripta elegans,Texas,30.650426,-96.301596,,2021-07-14T10:59
Trachemys scripta elegans,Texas,29.5887,-95.591872,9.0,2021-07-12T11:18:25
Trachemys scripta elegans,Texas,29.526175,-95.800135,,2021-07-12T12:01
Trachemys scripta elegans,Texas,29.806641,-95.765534,858.0,2021-06-16T22:59
Trachemys scripta elegans,Texas,30.603338,-96.3031,,2021-07-14T09:26
Trachemys scripta elegans,Texas,32.87323,-95.967906,14052.0,2021-06-23T11:53:44Z
Trachemys scripta elegans,Texas,29.563708,-95.123166,8.0,2021-07-05T18:49
Trachemys scripta elegans,Louisiana,29.995362,-90.119622,1419.0,2021-07-11T10:05:20
Trachemys scripta elegans,Louisiana,31.150288,-92.47852,18.0,2021-07-09T19:41:37
Trachemys scripta elegans,Texas,32.57497,-96.258942,10.0,2021-06-22T10:14:07
Trachemys scripta elegans,Texas,31.357241,-94.726334,197.0,2021-07-11
Trachemys scripta elegans,Texas,29.710739,-95.818342,430.0,2021-07-10T10:14
Trachemys scripta elegans,South Carolina,34.048298,-81.186874,,2021-07-11T07:28Z
Trachemys scripta elegans,Texas,30.159482,-95.55152,9.0,2021-07-09T10:38:55Z
Trachemys scripta elegans,Texas,29.710739,-95.818342,430.0,2021-07-10T10:03
Trachemys scripta elegans,Mississippi,30.327907,-89.62757,100.0,2021-07-08T12:09
Trachemys scripta elegans,Texas,31.37515,-94.728399,400.0,2021-07-10
Trachemys scripta elegans,Texas,29.588995,-95.592247,4.0,2021-07-12T11:04:06
Trachemys scripta elegans,Texas,29.681371,-95.04946,13061.0,2021-07-06T16:36:33
Trachemys scripta elegans,Texas,29.717586,-95.393354,9.0,2021-05-09T11:58
Trachemys scripta elegans,Texas,32.572971,-95.446737,6.0,2021-06-24T10:56
Trachemys scripta elegans,Texas,30.219848,-95.444873,18.0,2021-07-04T21:11:24Z
Trachemys scripta elegans,Arkansas,35.038206,-92.909583,5.0,2021-07-03T13:01:13
Trachemys scripta elegans,Louisiana,32.483846,-92.116342,,2021-06-24T09:41:52
Trachemys scripta elegans,Louisiana,30.679333,-92.039003,3271.0,2021-07-07T10:15:39
Trachemys scripta elegans,Arkansas,35.281883,-92.487781,5.0,2021-07-01T19:14
Trachemys scripta elegans,Texas,29.766872,-95.452197,500.0,2021-07-03T14:43
Trachemys scripta elegans,Texas,29.987308,-95.655987,29433.0,2021-07-03T10:17:06
Trachemys scripta elegans,Arkansas,33.232665,-94.02092,,2021-06-29T10:38
Trachemys scripta elegans,Texas,31.357278,-94.726183,200.0,2021-07-05
Trachemys scripta elegans,Texas,30.21813,-95.448945,31.0,2021-07-05T09:03:57Z
Trachemys scripta elegans,Texas,30.168128,-95.508903,4.0,2021-06-25T14:12:23Z
Trachemys scripta elegans,Texas,29.910906,-95.672178,500.0,2021-07-05T16:51
Trachemys scripta elegans,Texas,30.217948,-95.446942,20.0,2021-07-04T21:05Z
Trachemys scripta elegans,Texas,30.219924,-95.44478,49.0,2021-07-04T21:11:24Z
Trachemys scripta elegans,Missouri,36.578407,-93.304451,19.0,2021-06-25T09:29:15
Trachemys scripta elegans,Alabama,34.431857,-86.246711,8.0,2021-06-26T10:55
Trachemys scripta elegans,Florida,30.377412,-81.576615,29382.0,2020-05-18T11:56:45
Trachemys scripta elegans,Texas,30.217851,-95.449259,19.0,2021-07-04T21:04:13Z
Trachemys scripta elegans,Texas,29.530363,-95.085091,,2021-07-03T11:06:30Z
Trachemys scripta elegans,Louisiana,31.102788,-92.476369,42.0,2021-07-04T15:38:10
Trachemys scripta elegans,Texas,30.302813,-94.805466,76.0,2021-05-31T17:37:14
Trachemys scripta elegans,Texas,32.417103,-94.322877,4.0,2021-07-06T07:16:40
Trachemys scripta elegans,Texas,29.374005,-95.620261,,2021-07-02T12:56
Trachemys scripta elegans,Texas,31.357571,-94.726291,264.0,2021-06-30
Trachemys scripta elegans,Texas,30.53232,-96.292529,5.0,2021-06-29T21:19:55
Trachemys scripta elegans,Texas,29.988307,-95.6275,5.0,2021-07-01T17:48:47Z
Trachemys scripta elegans,Texas,28.915207,-95.579141,4.0,2018-11-25T11:57
Trachemys scripta elegans,Texas,28.914732,-95.578642,2.0,2018-12-13T08:32
Trachemys scripta elegans,Arkansas,36.372854,-94.208817,8846.0,2021-06-28T16:40
Trachemys scripta elegans,Missouri,37.412732,-89.639142,61.0,2021-06-07T12:30
Trachemys scripta elegans,Tennessee,36.303026,-87.128788,20.0,2021-06-19T08:29
Trachemys scripta elegans,Louisiana,32.50747,-92.166641,16.0,2021-06-23T19:35
Trachemys scripta elegans,Tennessee,36.302865,-87.128781,20.0,2021-06-19T08:26
Trachemys scripta elegans,Louisiana,32.507402,-92.166845,38.0,2021-06-23T19:33
Trachemys scripta elegans,Tennessee,36.301275,-87.126723,50.0,2021-06-19T08:19
Trachemys scripta elegans,Texas,29.370627,-95.627218,196.0,2021-06-24T04:10
Trachemys scripta elegans,Texas,29.55488,-95.586053,,2021-06-27T18:02Z
Trachemys scripta elegans,Louisiana,30.36022,-90.991109,9.0,2021-06-30T03:59:08
Trachemys scripta elegans,Florida,30.766635,-86.608117,3.0,2021-06-24T16:09
Trachemys scripta elegans,Texas,30.168175,-95.50888,4.0,2021-06-25T14:13:19Z
Trachemys scripta elegans,Texas,29.374405,-95.603088,100.0,2021-06-26T12:52:12
Trachemys scripta elegans,Texas,30.529705,-95.645376,29356.0,2021-06-25T17:54
Trachemys scripta elegans,Texas,29.763975,-95.4533,6.0,2021-06-25T10:28:40
Trachemys scripta elegans,Texas,31.37515,-94.728399,400.0,2021-06-26
Trachemys scripta elegans,Texas,30.136047,-95.371631,24.0,2021-06-16T10:23:08Z
Trachemys scripta elegans,Texas,29.766986,-95.451464,10.0,2021-06-28T14:12:25
Trachemys scripta elegans,Florida,29.132427,-81.004012,8.0,2018-11-17T11:45
Trachemys scripta elegans,Louisiana,32.50747,-92.166955,38.0,2021-06-23T19:32
Trachemys scripta elegans,Arkansas,36.0703,-94.12949,,2021-06-27T11:04:35
Trachemys scripta elegans,Texas,31.37515,-94.728399,,2021-06-29
Trachemys scripta elegans,Texas,29.766598,-95.452566,22.0,2021-06-27T15:05
Trachemys scripta elegans,Texas,30.145467,-95.46875,55.0,2021-06-20T18:51Z
Trachemys scripta elegans,Tennessee,35.94682,-83.937728,5.0,2021-06-26T15:06:34
Trachemys scripta elegans,Texas,29.766899,-95.452156,20.0,2021-06-27T15:31
Trachemys scripta elegans,Louisiana,32.508084,-92.169201,357.0,2021-06-23T18:32
Trachemys scripta elegans,Louisiana,32.508084,-92.169201,357.0,2021-06-23T18:31
Trachemys scripta elegans,Oklahoma,36.094536,-95.937575,65.0,2021-06-22T17:22:56Z
Trachemys scripta elegans,Texas,33.288997,-95.67547,,2021-06-19T14:32
Trachemys scripta elegans,Texas,29.731968,-94.543455,10.0,2021-06-17
Trachemys scripta elegans,Texas,33.289102,-95.67547,,2021-06-19T14:33
Trachemys scripta elegans,Texas,33.289093,-95.67548,,2021-06-19T14:32
Trachemys scripta elegans,Oklahoma,35.553609,-95.471054,263.0,2020-04-30
Trachemys scripta elegans,Texas,29.91385,-95.680653,500.0,2021-06-20T16:32
Trachemys scripta elegans,Texas,33.288823,-95.675435,,2021-06-19T13:55
Trachemys scripta elegans,Florida,29.64346,-82.362262,7.0,2017-11-12T17:15:01
Trachemys scripta elegans,Arkansas,36.136488,-94.120269,,2021-06-19T08:53:18
Trachemys scripta elegans,Louisiana,30.425278,-91.026108,,2019-05-30T11:37:20Z
Trachemys scripta elegans,Louisiana,32.507536,-92.167114,42.0,2021-06-19T07:36
Trachemys scripta elegans,Arkansas,35.058182,-91.924981,1319.0,2021-06-08T08:54:08
Trachemys scripta elegans,Texas,29.970995,-95.572713,50.0,2021-06-22T13:34
Trachemys scripta elegans,Texas,31.358523,-94.724575,40.0,2021-06-20
Trachemys scripta elegans,Texas,33.41835,-96.021114,,2021-06-22T09:29:55
Trachemys scripta elegans,South Carolina,34.535211,-82.684826,,2021-06-20T15:56:59
Trachemys scripta elegans,South Carolina,34.92737,-82.440437,230.0,2021-06-24T11:11
Trachemys scripta elegans,Texas,29.716317,-95.38608,122.0,2021-06-21T14:28
Trachemys scripta elegans,Missouri,36.984867,-90.157549,7092.0,2021-06-20T07:48
Trachemys scripta elegans,Texas,29.555068,-95.586414,,2021-06-21T10:27
Trachemys scripta elegans,Tennessee,35.139105,-89.809521,839.0,2021-06-17T18:35
Trachemys scripta elegans,Texas,33.418322,-96.021111,4.0,2021-06-22T09:29:46
Trachemys scripta elegans,Texas,29.835571,-95.750909,8.0,2021-05-30T13:56:55Z
Trachemys scripta elegans,Texas,30.663901,-96.345031,,2021-06-19T11:17
Trachemys scripta elegans,Mississippi,33.829372,-88.734101,28902.0,2021-06-09T10:27:12
Trachemys scripta elegans,Texas,31.931436,-94.698193,29173.0,2021-06-19T08:06:26
Trachemys scripta elegans,Oklahoma,36.362827,-96.047096,66.0,2021-06-22T07:56:50
Trachemys scripta elegans,Louisiana,30.563793,-91.16111,5.0,2019-06-25T09:30:40
Trachemys scripta elegans,Arkansas,35.287642,-93.134501,4729.0,2016-05-01T10:59:28Z
Trachemys scripta elegans,North Carolina,35.254717,-81.158042,,2021-06-17T08:31:57
Trachemys scripta elegans,Texas,31.334055,-94.708523,50.0,2021-06-19
Trachemys scripta elegans,Louisiana,32.508296,-92.168079,166.0,2021-06-19T06:41
Trachemys scripta elegans,Texas,31.062642,-96.320708,,2021-05-26T11:04:24
Trachemys scripta elegans,Louisiana,30.563645,-91.160902,5.0,2019-06-25T10:17:02
Trachemys scripta elegans,Texas,29.958381,-95.164729,8.0,2021-06-09T18:59
Trachemys scripta elegans,Texas,32.722473,-95.207192,201.0,2021-06-20T09:21:43Z
Trachemys scripta elegans,Texas,32.543827,-94.717529,,2021-06-19T16:33
Trachemys scripta elegans,Arkansas,35.376033,-93.354408,4693.0,2021-06-18T10:10:23Z
Trachemys scripta elegans,Texas,29.539148,-95.52313,,2021-06-21T15:17Z
Trachemys scripta elegans,Mississippi,30.369195,-89.61107,163.0,2021-03-19T10:49
Trachemys scripta elegans,Texas,30.263327,-95.563241,16.0,2019-05-13T08:56:51Z
Trachemys scripta elegans,Louisiana,30.32841,-90.927958,9.0,2021-06-20T18:37:55
Trachemys scripta elegans,Louisiana,31.37795,-93.412453,22.0,2021-06-15T18:48:45Z
Trachemys scripta elegans,Texas,32.415305,-95.800895,5.0,2021-06-14T10:24:20
Trachemys scripta elegans,Louisiana,31.37793,-93.412405,4.0,2021-06-15T18:49:59Z
Trachemys scripta elegans,Texas,32.309352,-95.184017,13.0,2021-06-09T20:27
Trachemys scripta elegans,Texas,29.628072,-95.664938,4.0,2021-05-27T17:48:15
Trachemys scripta elegans,Texas,33.640588,-95.517532,,2021-04-25T18:15
Trachemys scripta elegans,Florida,29.619656,-82.324941,24.0,2021-05-30T17:08:13
Trachemys scripta elegans,Texas,30.620904,-95.522363,226.0,2021-06-13T07:50:22
Trachemys scripta elegans,Texas,29.586931,-95.741783,32.0,2021-06-05T13:43:45
Trachemys scripta elegans,Alabama,31.154371,-85.15665,32.0,2021-05-21T18:53:16
Trachemys scripta elegans,Texas,31.378913,-94.729702,35.0,2021-06-12
Trachemys scripta elegans,Texas,30.603205,-96.303265,,2021-06-16T09:43
Trachemys scripta elegans,Louisiana,30.382763,-90.160003,4.0,2021-06-16T15:30:37Z
Trachemys scripta elegans,Texas,29.63414,-95.662827,15.0,2021-05-31T16:30
Trachemys scripta elegans,Tennessee,35.139105,-89.809521,839.0,2021-06-10T18:54
Trachemys scripta elegans,North Carolina,35.63354,-82.55794,,2021-05-20T15:05:34
Trachemys scripta elegans,Georgia,32.874762,-83.71844,45.0,2021-06-16T17:20:26
Trachemys scripta elegans,Texas,29.911053,-95.691912,,2017-09-16T12:02:16
Trachemys scripta elegans,Texas,29.444321,-95.435557,29483.0,2021-06-01T18:13:01
Trachemys scripta elegans,Georgia,33.997054,-83.923438,31.0,2021-05-27T09:36
Trachemys scripta elegans,Texas,29.71899,-95.391921,1.0,2021-06-12T17:34
Trachemys scripta elegans,Texas,30.375083,-95.539276,87.0,2021-06-14T19:46:54Z
Trachemys scripta elegans,Illinois,37.292363,-89.065691,955.0,2021-05-13T14:01:01
Trachemys scripta elegans,Texas,30.589338,-95.706109,29356.0,2015-05-27T14:36
Trachemys scripta elegans,Texas,29.718975,-95.391936,2.0,2021-06-12T17:34
Trachemys scripta elegans,Texas,28.914748,-95.578673,3.0,2020-12-30T10:55
Trachemys scripta elegans,Texas,29.806641,-95.765534,858.0,2021-06-02T23:05
Trachemys scripta elegans,North Carolina,35.63354,-82.55794,,2021-05-20T15:04:08
Trachemys scripta elegans,Texas,30.198251,-95.687932,29407.0,2021-06-06T10:26:57
Trachemys scripta elegans,Texas,29.371544,-95.623042,15.0,2021-05-28T18:38
Trachemys scripta elegans,Tennessee,35.139105,-89.809521,839.0,2021-06-10T18:33
Trachemys scripta elegans,Mississippi,30.432117,-88.65829,,2021-06-13T09:52
Trachemys scripta elegans,Louisiana,31.37812,-93.412338,19.0,2021-06-16T18:34:47Z
Trachemys scripta elegans,Texas,29.623104,-95.747429,90.0,2020-04-16T13:40:30
Trachemys scripta elegans,Texas,29.911097,-95.691895,5.0,2018-09-23T13:35:16
Trachemys scripta elegans,Texas,29.581343,-95.62628,8.0,2021-05-27T13:42
Trachemys scripta elegans,Texas,29.910988,-95.688745,5.0,2018-02-18T14:30:57
Trachemys scripta elegans,Texas,29.580234,-95.628171,1.0,2021-05-24T15:03
Trachemys scripta elegans,Texas,29.911025,-95.691887,5.0,2018-03-17T14:00:58
Trachemys scripta elegans,Louisiana,31.378063,-93.412497,20.0,2021-06-15T18:54:25Z
Trachemys scripta elegans,Mississippi,30.485086,-88.662548,29356.0,2021-06-13T09:51
Trachemys scripta elegans,Louisiana,30.542724,-91.990746,,2021-06-11T19:29:08
Trachemys scripta elegans,Texas,31.357241,-94.726377,200.0,2021-06-13
Trachemys scripta elegans,Texas,29.806641,-95.765534,858.0,2021-05-04T22:10
Trachemys scripta elegans,Texas,30.392842,-94.339395,29.0,2021-06-11T07:41:40
Trachemys scripta elegans,Texas,29.579841,-95.628422,1.0,2021-05-24T14:55
Trachemys scripta elegans,Illinois,37.29189,-89.076499,476.0,2021-05-13T14:34:42
Trachemys scripta elegans,North Carolina,35.63354,-82.55794,,2021-05-20T15:55:48
Trachemys scripta elegans,Texas,30.122519,-95.488716,65.0,2021-04-06T15:00Z
Trachemys scripta elegans,Texas,31.440214,-94.690094,1700.0,2021-06-14
Trachemys scripta elegans,Tennessee,35.038263,-89.787133,,2021-06-11T13:33:48
Trachemys scripta elegans,Texas,29.76108,-95.620217,,2017-09-02T12:48:54
Trachemys scripta elegans,Texas,33.007843,-94.699584,61.0,2021-05-30T11:10
Trachemys scripta elegans,Texas,29.723337,-95.390687,95.0,2021-06-04T14:15:22
Trachemys scripta elegans,Kentucky,36.890788,-88.214737,10.0,2021-06-02T09:03:30Z
Trachemys scripta elegans,Louisiana,29.646652,-92.436437,,2021-05-30T09:23:47Z
Trachemys scripta elegans,Texas,30.02886,-95.293955,32.0,2021-06-03T09:09
Trachemys scripta elegans,Texas,29.981538,-95.58545,374.0,2021-06-03T08:59:42
Trachemys scripta elegans,Texas,30.878022,-94.234857,4.0,2021-06-02T10:51
Trachemys scripta elegans,Texas,29.718156,-95.3922,,2021-06-06T16:08
Trachemys scripta elegans,Texas,29.467055,-95.49015,4.0,2021-05-30T15:20:51Z
Trachemys scripta elegans,Texas,29.372555,-95.622878,8.0,2021-05-28T18:36:55
Trachemys scripta elegans,Texas,31.594412,-94.837538,5.0,2021-05-29T12:42:25
Trachemys scripta elegans,Texas,29.374237,-95.615875,8.0,2021-05-29T18:38:51
Trachemys scripta elegans,Texas,29.674244,-94.475182,10.0,2021-05-25
Trachemys scripta elegans,Mississippi,33.083321,-90.980119,4151.0,2021-06-06T11:23
Trachemys scripta elegans,Texas,33.338339,-95.293736,8.0,2021-05-31T14:34:08
Trachemys scripta elegans,Texas,29.377567,-95.611908,3.0,2021-05-29T18:17:54
Trachemys scripta elegans,Louisiana,30.542867,-90.936937,5.0,2021-05-24T10:12:35
Trachemys scripta elegans,Texas,29.766878,-95.450517,22.0,2021-05-15T17:17
Trachemys scripta elegans,Arkansas,34.845036,-92.093037,36.0,2021-06-10T13:28:05
Trachemys scripta elegans,Louisiana,33.158789,-93.934771,29012.0,2021-05-22T09:11:38
Trachemys scripta elegans,Texas,29.614162,-94.551668,,2021-05-28T08:46:46
Trachemys scripta elegans,Texas,30.166378,-95.763115,2.0,2021-06-05T21:13
Trachemys scripta elegans,Texas,31.444169,-94.692841,1703.0,2021-05-31
Trachemys scripta elegans,Texas,30.000997,-95.517585,9.0,2021-05-30T21:47:45Z
Trachemys scripta elegans,Arkansas,34.686937,-92.461555,5.0,2021-06-04T15:59:05
Trachemys scripta elegans,Texas,29.374031,-95.615828,14.0,2021-05-28T19:11
Trachemys scripta elegans,Texas,30.026658,-95.294923,8.0,2021-06-03T10:36:08
Trachemys scripta elegans,Texas,29.66718,-94.5104,10.0,2021-05-26
Trachemys scripta elegans,Illinois,37.584963,-89.188592,5.0,2021-06-09T10:37:06
Trachemys scripta elegans,Texas,29.375717,-95.60796,580.0,2021-05-30T10:54Z
Trachemys scripta elegans,Texas,29.803751,-94.404198,65.0,2021-05-29T12:36:51Z
Trachemys scripta elegans,Tennessee,36.432104,-89.405459,15.0,2021-06-02T13:33
Trachemys scripta elegans,Texas,30.024938,-95.29702,24.0,2021-06-03T10:38
Trachemys scripta elegans,Texas,30.823907,-96.143942,818.0,2021-05-31T11:56:48Z
Trachemys scripta elegans,Tennessee,36.373872,-86.353297,50.0,2021-05-16T15:24
Trachemys scripta elegans,Texas,29.169338,-95.634566,,2021-05-29
Trachemys scripta elegans,Texas,29.374205,-95.615945,10.0,2021-05-28T19:07:47
Trachemys scripta elegans,Texas,29.636834,-95.660027,2.0,2021-05-27T16:46
Trachemys scripta elegans,Texas,30.01154,-95.532373,5.0,2021-05-31T09:04:38Z
Trachemys scripta elegans,Texas,30.011492,-95.532302,5.0,2021-05-31T09:03:28Z
Trachemys scripta elegans,Texas,29.372667,-95.622847,6.0,2021-05-29T18:53:17
Trachemys scripta elegans,Texas,29.581896,-95.625511,2.0,2021-05-27T13:51
Trachemys scripta elegans,Texas,29.806641,-95.765534,858.0,2021-05-10T21:32
Trachemys scripta elegans,Texas,29.761793,-95.450039,,2021-05-28T16:12:16
Trachemys scripta elegans,Texas,33.48078,-94.163597,4.0,2021-05-22T04:12:55Z
Trachemys scripta elegans,Mississippi,30.376536,-89.615668,357.0,2021-05-28T07:47:31
Trachemys scripta elegans,Arkansas,33.316963,-93.248213,5.0,2019-04-12T11:18:04
Trachemys scripta elegans,Texas,29.45283,-95.106636,138.0,2021-05-26T09:15
Trachemys scripta elegans,Texas,30.182874,-95.548199,12.0,2021-05-27T12:18:47Z
Trachemys scripta elegans,Texas,29.581059,-95.627027,5.0,2021-05-24T15:22
Trachemys scripta elegans,Texas,29.580448,-95.627674,8.0,2021-05-27T13:35
Trachemys scripta elegans,Texas,29.63674,-95.660417,1.0,2021-05-26T17:20
Trachemys scripta elegans,Texas,29.636744,-95.660479,1.0,2021-05-26T17:11
Trachemys scripta elegans,Texas,29.595424,-95.071128,5.0,2021-06-08T16:28:38Z
Trachemys scripta elegans,Texas,29.634085,-95.663068,8.0,2021-05-26T18:00
Trachemys scripta elegans,Louisiana,29.989544,-90.094967,65.0,2021-05-30T15:45:01
Trachemys scripta elegans,Texas,30.918008,-94.005894,8.0,2021-06-06T09:52
Trachemys scripta elegans,Texas,29.636773,-95.660462,1.0,2021-05-26T17:19
Trachemys scripta elegans,Texas,29.582347,-95.624828,1.0,2021-05-24T15:11
Trachemys scripta elegans,Tennessee,36.470369,-89.363809,244.0,2021-05-31T10:48
Trachemys scripta elegans,Texas,29.582318,-95.624823,1.0,2021-05-24T15:09
Trachemys scripta elegans,Texas,31.37515,-94.728399,400.0,2021-05-29
Trachemys scripta elegans,Texas,29.374029,-95.620059,,2021-06-03T09:33
Trachemys scripta elegans,Texas,29.580007,-95.62827,1.0,2021-05-24T14:59
Trachemys scripta elegans,Texas,29.579976,-95.628304,1.0,2021-05-24T14:59
Trachemys scripta elegans,Louisiana,31.658988,-93.380829,254.0,2021-05-31T11:26:54
Trachemys scripta elegans,Texas,32.573886,-95.443898,2.0,2021-06-02T15:18
Trachemys scripta elegans,Texas,29.376295,-95.612842,197.0,2021-05-30T12:57:08
Trachemys scripta elegans,Texas,31.356429,-94.72762,14.0,2021-06-02
Trachemys scripta elegans,Kentucky,37.710514,-84.395845,41.0,2021-05-24T14:00
Trachemys scripta elegans,Louisiana,30.372283,-91.102783,1414.0,2021-05-22T13:22:59
Trachemys scripta elegans,Texas,30.204297,-95.541642,16.0,2021-06-05T10:54:39
Trachemys scripta elegans,Texas,30.821628,-94.171403,4.0,2021-06-05T19:22:04Z
Trachemys scripta elegans,Oklahoma,33.736802,-94.660535,5999.0,2021-04-25T13:33
Trachemys scripta elegans,Texas,29.16929,-95.634615,6.0,2021-05-28T09:56:43
Trachemys scripta elegans,Texas,31.906363,-95.172395,10.0,2021-06-02T11:45:51
Trachemys scripta elegans,Tennessee,35.94683,-83.937737,5.0,2021-06-06T13:53:40
Trachemys scripta elegans,Texas,29.614189,-94.551743,,2021-05-30T16:23
Trachemys scripta elegans,Texas,32.572761,-95.446588,4.0,2021-06-02T13:58
Trachemys scripta elegans,Texas,29.7669,-95.452154,22.0,2021-05-15T17:03
Trachemys scripta elegans,Mississippi,30.367593,-88.57933,264.0,2021-05-22T12:22:50
Trachemys scripta elegans,Texas,29.373797,-95.623192,15.0,2021-05-29T17:09:22
Trachemys scripta elegans,Tennessee,36.434465,-88.076941,4.0,2021-06-10T13:37:18Z
Trachemys scripta elegans,Oklahoma,35.537905,-95.924877,,2021-06-06T09:43
Trachemys scripta elegans,Texas,29.374413,-95.611542,16.0,2021-05-29T17:35:13
Trachemys scripta elegans,Louisiana,30.380636,-90.643858,6.0,2021-05-31T11:22:57
Trachemys scripta elegans,Texas,29.573325,-94.390463,14.0,2021-04-21T13:49
Trachemys scripta elegans,Texas,30.050306,-95.436043,17.0,2021-05-28T18:04:25
Trachemys scripta elegans,Texas,30.574612,-96.268692,10.0,2021-05-04T18:00:58Z
Trachemys scripta elegans,Oklahoma,36.226033,-95.897985,,2021-06-03T13:40
Trachemys scripta elegans,Oklahoma,36.124423,-95.985097,,2021-06-03T16:30
Trachemys scripta elegans,Texas,29.771469,-95.569389,,2021-06-05T17:22
Trachemys scripta elegans,Texas,29.763765,-95.586933,8.0,2021-05-29T14:17:57
Trachemys scripta elegans,Florida,30.279812,-81.409722,6.0,2021-06-05T14:12:07
Trachemys scripta elegans,Texas,29.771467,-95.569461,,2021-06-05T17:21
Trachemys scripta elegans,Texas,29.762542,-95.395153,1.0,2021-05-31T11:34
Trachemys scripta elegans,Texas,29.21661,-94.935044,15.0,2021-05-20T00:37
Trachemys scripta elegans,Oklahoma,35.5374,-95.928644,134.0,2021-06-06T09:31
Trachemys scripta elegans,Oklahoma,36.223492,-95.902742,,2021-06-03T13:11
Trachemys scripta elegans,Texas,29.698407,-93.948179,,2021-05-02T12:16
Trachemys scripta elegans,Texas,30.299555,-94.255115,29382.0,2021-05-28T19:38:20
Trachemys scripta elegans,North Carolina,35.661094,-82.49504,28649.0,2021-04-30T11:36
Trachemys scripta elegans,Alabama,30.251104,-88.087412,206.0,2021-05-22T08:54
Trachemys scripta elegans,Texas,31.37515,-94.728399,400.0,2021-05-25
Trachemys scripta elegans,Georgia,34.032397,-84.308753,6.0,2021-05-23T20:44:27
Trachemys scripta elegans,Tennessee,36.451669,-89.343229,122.0,2021-05-23T13:00
Trachemys scripta elegans,Tennessee,36.466743,-89.364815,31.0,2021-05-23T14:22
Trachemys scripta elegans,Texas,29.374679,-95.621213,492.0,2021-05-13T11:06
Trachemys scripta elegans,Texas,29.969577,-95.572595,88.0,2021-05-24T18:24
Trachemys scripta elegans,Texas,30.82408,-95.226563,5.0,2021-05-27T05:20:41Z
Trachemys scripta elegans,Texas,29.966822,-95.608108,4.0,2021-05-21T15:21:44
Trachemys scripta elegans,Texas,29.573225,-94.389387,17.0,2021-04-21T14:03
Trachemys scripta elegans,Louisiana,29.935428,-90.12478,65.0,2021-05-25T13:21:05Z
Trachemys scripta elegans,Missouri,37.506411,-94.556866,,2021-05-24T10:35:02
Trachemys scripta elegans,Texas,29.371392,-95.625822,4.0,2021-05-20T14:09
Trachemys scripta elegans,Missouri,37.491438,-94.485447,,2021-05-26T17:29:42
Trachemys scripta elegans,Texas,29.574542,-94.390171,400.0,2021-05-23T08:14
Trachemys scripta elegans,Texas,29.586792,-95.010123,199.0,2021-05-21T18:34:27
Trachemys scripta elegans,Texas,29.766853,-95.450522,6.0,2021-04-05T15:41:01
Trachemys scripta elegans,Texas,29.602617,-94.55461,,2021-05-20T13:25
Trachemys scripta elegans,Texas,30.018165,-95.625365,65.0,2021-05-27T10:18:14
Trachemys scripta elegans,Texas,29.378182,-95.585767,4.0,2021-05-20T13:03
Trachemys scripta elegans,Texas,29.216967,-95.594608,4.0,2021-05-20T18:48
Trachemys scripta elegans,Texas,29.378088,-95.58543,2.0,2021-05-20T13:06
Trachemys scripta elegans,Texas,30.079517,-94.8029,4.0,2021-05-24T17:57
Trachemys scripta elegans,Texas,29.378213,-95.585401,2.0,2021-05-20T13:02
Trachemys scripta elegans,Texas,31.444169,-94.692841,1703.0,2021-05-26
Trachemys scripta elegans,Louisiana,30.213438,-92.017594,16.0,2021-05-23T14:25:24
Trachemys scripta elegans,Texas,29.684052,-95.661042,4.0,2021-05-25T14:54Z
Trachemys scripta elegans,Texas,28.982145,-96.013732,8.0,2021-05-22T16:25
Trachemys scripta elegans,Tennessee,36.015444,-87.977045,5.0,2021-05-22T10:55:53Z
Trachemys scripta elegans,Texas,29.614378,-94.538938,,2021-05-20T12:04
Trachemys scripta elegans,Kentucky,36.911577,-88.036389,15.0,2021-05-22T09:27
Trachemys scripta elegans,Texas,29.634314,-95.661469,22.0,2021-03-30T13:15:43Z
Trachemys scripta elegans,Texas,29.374013,-95.624014,2.0,2021-05-20T14:26
Trachemys scripta elegans,Texas,29.088933,-95.624154,15.0,2021-05-20T17:09
Trachemys scripta elegans,Texas,29.373973,-95.623752,2.0,2021-05-20T14:27
Trachemys scripta elegans,Texas,29.374155,-95.607042,10.0,2021-05-21T12:52:45
Trachemys scripta elegans,Georgia,33.909381,-84.324854,220.0,2021-05-21T09:48:30
Trachemys scripta elegans,Texas,30.917729,-94.002898,15.0,2021-05-23T09:43
Trachemys scripta elegans,Texas,33.032833,-95.632872,5.0,2021-05-24T12:04:23
Trachemys scripta elegans,Louisiana,30.213272,-92.0177,4.0,2021-05-23T14:25:29
Trachemys scripta elegans,Texas,33.481627,-96.127579,28957.0,2021-05-23T18:43:40
Trachemys scripta elegans,Texas,29.216493,-94.935235,,2021-05-18T15:07
Trachemys scripta elegans,Texas,33.485458,-94.162597,4.0,2021-05-23T08:37:17Z
Trachemys scripta elegans,Louisiana,30.575721,-90.453226,6.0,2021-05-23T13:58:53Z
Trachemys scripta elegans,Texas,29.760647,-95.372389,,2021-05-21T12:15:43
Trachemys scripta elegans,Texas,29.573341,-94.390444,11.0,2021-04-21T13:49
Trachemys scripta elegans,Texas,29.37396,-95.624373,8.0,2021-05-20T14:24
Trachemys scripta elegans,Mississippi,31.42599,-91.453135,197.0,2021-05-23T09:29
Trachemys scripta elegans,Texas,29.373967,-95.626197,5.0,2021-05-21T15:26:07
Trachemys scripta elegans,Texas,30.917812,-94.003116,15.0,2021-05-23T09:38
Trachemys scripta elegans,Kentucky,36.898512,-88.032958,4.0,2021-05-22T13:26:08
Trachemys scripta elegans,Texas,30.026156,-95.471733,21.0,2021-05-18T10:14:42
Trachemys scripta elegans,North Carolina,36.231343,-81.79211,22.0,2021-05-19T12:04
Trachemys scripta elegans,Tennessee,36.237797,-89.586743,61.0,2021-05-19T11:38
Trachemys scripta elegans,Texas,30.579406,-94.378234,198.0,2021-05-20T14:40
Trachemys scripta elegans,Texas,29.698611,-93.949439,,2021-05-02T11:56
Trachemys scripta elegans,Florida,30.397536,-86.591086,2.0,2021-05-19T07:01
Trachemys scripta elegans,Tennessee,36.263401,-89.487853,1152.0,2021-05-19T10:58
Trachemys scripta elegans,Texas,29.371339,-95.625962,2.0,2021-05-15T17:58
Trachemys scripta elegans,Arkansas,36.224848,-90.20217,28563.0,2021-05-13T20:01:42
Trachemys scripta elegans,Arkansas,36.315511,-94.191702,170.0,2021-05-14T09:10
Trachemys scripta elegans,Texas,30.129628,-95.542092,4.0,2021-05-18T16:00:10Z
Trachemys scripta elegans,Arkansas,36.106452,-94.19373,65.0,2021-05-14T13:34:05
Trachemys scripta elegans,Florida,30.2386,-81.698158,6.0,2021-05-15T11:16:13
Trachemys scripta elegans,Louisiana,30.408402,-91.16987,8.0,2021-05-15T09:37:03
Trachemys scripta elegans,Arkansas,33.292158,-93.230067,,2021-05-13T15:00:48
Trachemys scripta elegans,Texas,29.806641,-95.765534,858.0,2021-04-14T18:14
Trachemys scripta elegans,Texas,29.78883,-95.491097,16.0,2021-05-18T11:12:50
Trachemys scripta elegans,Texas,31.487571,-94.744795,,2020-06-13T18:25:07
Trachemys scripta elegans,Illinois,37.377008,-88.929906,,2021-05-17T17:22:08
Trachemys scripta elegans,Georgia,33.652,-84.492997,4.0,2021-05-14T17:51:55
Trachemys scripta elegans,Texas,32.22049,-95.767287,,2021-05-15T10:41
Trachemys scripta elegans,Texas,32.216738,-95.765583,,2021-05-15T11:17
Trachemys scripta elegans,Texas,29.781374,-95.825875,189.0,2021-05-13T20:17
Trachemys scripta elegans,Texas,32.216738,-95.765583,,2021-05-15T11:17
Trachemys scripta elegans,Texas,29.723137,-95.241117,9.0,2021-05-03T09:33:26
Trachemys scripta elegans,Texas,29.806641,-95.765534,858.0,2021-04-21T23:32
Trachemys scripta elegans,Georgia,34.04806,-83.880528,,2021-05-14T16:32:40
Trachemys scripta elegans,Arkansas,36.281097,-94.153309,116.0,2021-05-14T08:18
Trachemys scripta elegans,Arkansas,36.383977,-90.221646,149.0,2021-05-11T16:19:16
Trachemys scripta elegans,Texas,30.174445,-95.584979,22.0,2021-05-15T18:39:12
Trachemys scripta elegans,Louisiana,30.15682,-92.817162,9.0,2021-05-14T13:15:03Z
Trachemys scripta elegans,Texas,31.161862,-93.598247,10.0,2021-05-14T09:58
Trachemys scripta elegans,Louisiana,29.795979,-90.13356,15.0,2021-03-05T13:01
Trachemys scripta elegans,Texas,32.217712,-95.766783,,2021-05-15T11:11
Trachemys scripta elegans,Texas,29.835872,-94.75821,208.0,2021-05-13T12:15
Trachemys scripta elegans,Texas,30.037851,-95.376851,33.0,2021-05-15T10:44
Trachemys scripta elegans,Louisiana,29.879237,-90.024335,,2021-05-15T11:33
Trachemys scripta elegans,Texas,29.766786,-95.450624,22.0,2021-05-09T03:22:02
Trachemys scripta elegans,Texas,29.607172,-94.554815,8.0,2021-05-08T10:38
Trachemys scripta elegans,Texas,29.676592,-94.61342,10.0,2021-05-12
Trachemys scripta elegans,Louisiana,30.427063,-91.166161,30.0,2021-05-11T14:52
Trachemys scripta elegans,Texas,29.636419,-95.660339,,2021-05-13T11:24
Trachemys scripta elegans,Illinois,37.853478,-89.187521,,2021-05-10T11:31
Trachemys scripta elegans,Florida,30.346536,-81.539426,5.0,2021-05-04T11:10:24
Trachemys scripta elegans,Texas,29.713901,-95.392042,22.0,2021-05-10T14:01
Trachemys scripta elegans,Texas,29.544813,-94.741382,10.0,2021-05-13
Trachemys scripta elegans,Louisiana,32.344053,-93.280058,,2021-05-10T14:31:14
Trachemys scripta elegans,Texas,29.766922,-95.452127,22.0,2021-05-09T03:15:20
Trachemys scripta elegans,Texas,29.716844,-95.390502,29.0,2021-05-09T20:52:49
Trachemys scripta elegans,Texas,31.444169,-94.692841,1703.0,2021-05-13
Trachemys scripta elegans,Texas,29.652937,-94.544778,5.0,2021-05-08T15:53:44
Trachemys scripta elegans,Texas,29.966758,-95.608047,31.0,2021-05-08T10:08:45
Trachemys scripta elegans,Texas,30.560842,-96.21457,200.0,2021-05-07T11:29:15
Trachemys scripta elegans,Texas,29.971348,-95.572922,4.0,2021-05-07T13:01
Trachemys scripta elegans,Texas,29.718875,-95.390878,20.0,2021-05-08T13:39:20Z
Trachemys scripta elegans,Texas,29.766908,-95.450408,6.0,2021-05-07T10:45:15
Trachemys scripta elegans,Texas,30.562397,-96.213662,28.0,2021-05-07T13:19:58
Trachemys scripta elegans,Oklahoma,36.132307,-95.974887,9.0,2021-05-06T20:04:28Z
Trachemys scripta elegans,Texas,29.377768,-95.604579,3558.0,2021-05-09T10:47:14Z
Trachemys scripta elegans,Texas,29.761997,-95.450059,42.0,2021-05-09T03:48:27
Trachemys scripta elegans,Texas,29.761747,-95.450008,36.0,2021-05-09T03:49:24
Trachemys scripta elegans,Texas,29.766688,-95.450586,22.0,2021-05-09T03:21:49
Trachemys scripta elegans,Tennessee,36.151802,-86.813063,117.0,2021-05-12
Trachemys scripta elegans,Texas,29.216377,-94.935382,7.0,2021-05-10T09:58
Trachemys scripta elegans,Texas,33.620208,-94.752588,,2021-04-25T16:12
Trachemys scripta elegans,Texas,30.527003,-94.384362,30418.0,2021-05-07T20:29:46
Trachemys scripta elegans,Texas,31.37515,-94.728399,400.0,2021-05-12
Trachemys scripta elegans,Texas,29.764867,-95.452142,5.0,2021-05-11T18:05:29
Trachemys scripta elegans,Texas,29.764772,-95.685455,6.0,2021-05-09T09:36:47
Trachemys scripta elegans,Texas,33.620088,-94.75251,,2021-04-25T16:14
Trachemys scripta elegans,Texas,29.69925,-93.948522,,2021-05-02T11:55
Trachemys scripta elegans,Texas,29.714107,-95.391977,23.0,2021-05-10T01:53:23
Trachemys scripta elegans,Oklahoma,36.223545,-95.902787,10.0,2021-05-06T12:50:23
Trachemys scripta elegans,Texas,29.769158,-95.5542,5.0,2021-05-02T10:35
Trachemys scripta elegans,Texas,29.720138,-95.390844,25.0,2021-05-08T15:33Z
Trachemys scripta elegans,Louisiana,30.421154,-91.169985,90.0,2021-04-30T14:35
Trachemys scripta elegans,Texas,29.766881,-95.452186,22.0,2021-05-09T04:50:14
Trachemys scripta elegans,Texas,29.716829,-95.390571,22.0,2021-05-09T20:53:38
Trachemys scripta elegans,Louisiana,30.428095,-90.471709,676.0,2019-02-23T11:08
Trachemys scripta elegans,Texas,28.982346,-96.013788,8.0,2021-05-08T09:32
Trachemys scripta elegans,Louisiana,30.474253,-90.139502,198.0,2021-05-01T13:05
Trachemys scripta elegans,Texas,29.90793,-95.56005,5.0,2021-05-08T20:07:40
Trachemys scripta elegans,Louisiana,29.925597,-90.12865,2338.0,2021-05-08T15:33
Trachemys scripta elegans,Louisiana,30.346703,-91.224617,800.0,2020-08-22T07:52
Trachemys scripta elegans,Arkansas,36.42264,-90.560323,97.0,2021-05-06T16:03
Trachemys scripta elegans,Arkansas,36.423112,-90.563686,57.0,2021-05-06T16:05
Trachemys scripta elegans,Texas,29.376099,-95.585484,15.0,2021-05-10T09:27
Trachemys scripta elegans,Texas,29.766667,-95.450538,6.0,2021-05-07T10:54:32
Trachemys scripta elegans,Texas,29.371052,-95.626633,2.0,2021-05-11T10:37
Trachemys scripta elegans,Texas,29.766085,-95.431038,,2021-04-24T11:29
Trachemys scripta elegans,Louisiana,30.439542,-91.001525,5.0,2021-05-11T09:28:49Z
Trachemys scripta elegans,Texas,29.766896,-95.452184,22.0,2021-05-09T12:40
Trachemys scripta elegans,Texas,29.366251,-95.606576,496.0,2021-05-10T07:16
Trachemys scripta elegans,Texas,29.716864,-95.390567,22.0,2021-05-10T08:52
Trachemys scripta elegans,Mississippi,30.386816,-89.624007,107.0,2021-05-13T14:27:59
Trachemys scripta elegans,Louisiana,32.529766,-92.071371,28.0,2021-03-27
Trachemys scripta elegans,Texas,32.799846,-95.951559,9.0,2021-05-13T18:09:24
Trachemys scripta elegans,Texas,33.620182,-94.865553,,2021-04-25T16:35
Trachemys scripta elegans,Texas,29.908625,-95.560232,5.0,2021-05-08T20:12:50
Trachemys scripta elegans,Texas,29.716235,-95.726537,9.0,2021-05-09T13:01:45
Trachemys scripta elegans,Louisiana,32.530587,-92.072678,8.0,2021-04-24T10:09:37Z
Trachemys scripta elegans,Louisiana,30.396956,-90.429189,194.0,2020-07-10T10:55
Trachemys scripta elegans,Texas,31.906877,-95.902913,197.0,2021-05-06T14:03
Trachemys scripta elegans,Texas,30.917689,-94.003228,4.0,2021-05-04T08:09
Trachemys scripta elegans,Texas,30.863197,-95.39748,31.0,2021-05-07T11:09
Trachemys scripta elegans,Texas,29.766762,-95.45047,4.0,2021-05-07T10:38:54
Trachemys scripta elegans,Texas,29.373835,-95.626388,4.0,2021-05-07T16:50
Trachemys scripta elegans,Texas,29.717552,-95.393352,21.0,2021-05-08T13:49:45Z
Trachemys scripta elegans,Oklahoma,36.718882,-95.951119,357.0,2020-05-02T08:45:48Z
Trachemys scripta elegans,Texas,29.76664,-95.45607,65.0,2021-05-08T13:11:34
Trachemys scripta elegans,Texas,29.345649,-95.681769,4.0,2021-05-07T14:24
Trachemys scripta elegans,Illinois,37.377002,-89.036095,28417.0,2021-05-06T12:28:08
Trachemys scripta elegans,Texas,29.684948,-95.887373,111.0,2021-05-06T11:27:55
Trachemys scripta elegans,Texas,30.510073,-95.663372,,2021-03-27T16:30
Trachemys scripta elegans,Texas,29.694039,-95.60283,166.0,2021-05-03T13:28:53
Trachemys scripta elegans,Louisiana,30.360177,-90.991038,8.0,2021-05-03T21:57:17
Trachemys scripta elegans,Texas,29.68247,-95.266328,4.0,2021-05-02T10:50:07
Trachemys scripta elegans,Mississippi,31.295219,-89.987746,197.0,2021-05-01T09:32
Trachemys scripta elegans,Texas,29.57382,-95.63572,4.0,2021-05-02T11:50:05Z
Trachemys scripta elegans,Texas,29.765106,-95.35916,8.0,2021-05-03T10:07:43
Trachemys scripta elegans,Texas,33.489987,-94.163642,4.0,2021-05-05T17:08:54Z
Trachemys scripta elegans,Louisiana,30.494477,-90.916398,198.0,2021-05-03T18:15Z
Trachemys scripta elegans,Texas,29.608352,-94.550838,857.0,2021-05-03T12:50
Trachemys scripta elegans,Arkansas,34.778283,-92.50827,4.0,2021-05-06T14:31:05
Trachemys scripta elegans,Louisiana,30.390566,-90.115617,10.0,2021-05-01T15:05
Trachemys scripta elegans,Georgia,33.762956,-84.329555,49.0,2021-05-04T07:31
Trachemys scripta elegans,Louisiana,30.360213,-90.991057,12.0,2021-05-03T21:18:14
Trachemys scripta elegans,Texas,29.752606,-95.77782,255.0,2021-05-02T07:26
Trachemys scripta elegans,Texas,29.540025,-95.376576,9.0,2021-05-02T04:30:28Z
Trachemys scripta elegans,Texas,29.812483,-95.771723,29433.0,2021-05-02T15:07:48Z
Trachemys scripta elegans,Louisiana,30.442318,-90.932511,195.0,2021-05-01T15:35
Trachemys scripta elegans,Texas,30.021682,-96.29185,198.0,2021-05-02T10:51
Trachemys scripta elegans,Texas,33.358243,-94.31683,28236.0,2021-04-30T12:30Z
Trachemys scripta elegans,Tennessee,36.287043,-82.403253,1075.0,2021-05-02T10:31:07
Trachemys scripta elegans,Texas,29.336561,-95.288681,198.0,2021-05-02T10:19
Trachemys scripta elegans,Texas,29.636799,-95.660159,15.0,2021-05-02T09:02Z
Trachemys scripta elegans,Texas,29.766897,-95.432067,3.0,2021-05-02T16:02:40Z
Trachemys scripta elegans,Louisiana,29.880457,-90.02417,,2021-05-02T13:43
Trachemys scripta elegans,Texas,29.526053,-95.799161,45.0,2021-05-05T09:30Z
Trachemys scripta elegans,Texas,29.970274,-95.572804,197.0,2021-05-01T14:20
Trachemys scripta elegans,Texas,30.601225,-96.340867,4.0,2021-05-03T17:38:38Z
Trachemys scripta elegans,Texas,29.701234,-95.438944,1300.0,2021-05-03T12:59
Trachemys scripta elegans,Texas,29.765263,-95.359108,4.0,2021-05-03T10:07:37
Trachemys scripta elegans,Texas,29.571946,-94.389918,200.0,2021-05-03T10:22
Trachemys scripta elegans,Texas,29.926677,-95.807813,11.0,2021-05-04T16:53:57Z
Trachemys scripta elegans,Texas,30.434393,-95.615928,93.0,2021-05-01T20:01Z
Trachemys scripta elegans,Texas,29.502178,-94.98289,,2021-05-03T07:30
Trachemys scripta elegans,Texas,29.765224,-95.45207,210.0,2021-05-03T03:50Z
Trachemys scripta elegans,Texas,29.988287,-95.57082,198.0,2021-05-01T01:23Z
Trachemys scripta elegans,Texas,29.97086,-95.572844,8.0,2021-05-05T11:28
Trachemys scripta elegans,Texas,29.622435,-95.512568,29458.0,2021-05-02T10:00:14
Trachemys scripta elegans,Texas,29.567274,-94.391296,1331.0,2021-05-03T10:30
Trachemys scripta elegans,Mississippi,33.288607,-90.48347,5.0,2021-05-01T13:25
Trachemys scripta elegans,Arkansas,33.357655,-93.228988,34.0,2021-05-01T17:29
Trachemys scripta elegans,Texas,29.526776,-95.801225,,2021-05-02T08:41
Trachemys scripta elegans,Texas,29.762217,-95.451923,185.0,2021-05-02T10:44:44
Trachemys scripta elegans,Illinois,37.377576,-88.930351,31.0,2021-05-01T13:11
Trachemys scripta elegans,Texas,29.703939,-95.676278,22.0,2021-05-03T17:07Z
Trachemys scripta elegans,Louisiana,30.360221,-90.991089,7.0,2021-05-03T21:13:35
Trachemys scripta elegans,Texas,29.439969,-95.224974,,2021-05-02T21:34
Trachemys scripta elegans,Texas,31.37515,-94.728399,400.0,2021-05-02
Trachemys scripta elegans,Texas,30.017364,-95.622328,6.0,2021-05-02T08:28:03
Trachemys scripta elegans,Texas,31.349567,-94.667389,,2021-05-05T10:33:56
Trachemys scripta elegans,Texas,29.765224,-95.45207,210.0,2021-05-03T05:00Z
Trachemys scripta elegans,Texas,29.984441,-95.571745,42.0,2021-05-02T18:22
Trachemys scripta elegans,Mississippi,31.288149,-89.988348,1265.0,2021-05-01T13:08
Trachemys scripta elegans,Texas,29.986105,-95.568222,10.0,2021-05-02T13:29:42
Trachemys scripta elegans,Mississippi,31.299718,-89.990199,61.0,2021-05-01T10:58
Trachemys scripta elegans,Texas,29.761617,-95.449792,3207.0,2021-05-03T16:42:47
Trachemys scripta elegans,Texas,29.988399,-95.562146,77.0,2021-05-03T14:19
Trachemys scripta elegans,Texas,29.572891,-94.39164,278.0,2021-05-02T11:51:45Z
Trachemys scripta elegans,Texas,29.563947,-95.118539,4.0,2021-05-02T13:08Z
Trachemys scripta elegans,Texas,29.771278,-95.793922,3.0,2021-05-03T20:02:59
Trachemys scripta elegans,Texas,29.713836,-95.389323,1715.0,2021-05-03T13:53:32
Trachemys scripta elegans,Texas,29.580607,-95.409378,118.0,2021-05-02T18:31:13Z
Trachemys scripta elegans,Texas,30.037935,-95.377176,,2021-04-24T09:24
Trachemys scripta elegans,Texas,30.586113,-96.301495,,2021-04-29T13:52
Trachemys scripta elegans,Texas,29.724819,-95.340709,304.0,2021-05-01T12:38:50Z
Trachemys scripta elegans,Oklahoma,36.327453,-95.583241,,2021-04-30T11:39:44
Trachemys scripta elegans,Texas,29.770808,-95.568663,180.0,2021-04-26T14:48:09
Trachemys scripta elegans,Mississippi,32.326699,-90.147071,381.0,2021-03-27T12:36:41
Trachemys scripta elegans,Louisiana,30.824557,-91.377957,9.0,2021-04-29T09:29:32
Trachemys scripta elegans,Arkansas,35.097716,-92.462681,10.0,2021-05-05T10:52
Trachemys scripta elegans,Louisiana,30.360222,-90.991053,6.0,2021-05-03T21:13:14
Trachemys scripta elegans,Texas,29.595006,-95.072393,2.0,2021-05-02T11:04
Trachemys scripta elegans,Texas,29.573923,-94.389882,,2021-04-25T15:24
Trachemys scripta elegans,Mississippi,33.97754,-90.112379,28902.0,2021-04-08T14:59:32
Trachemys scripta elegans,Texas,30.663896,-96.345028,,2021-05-06T09:47
Trachemys scripta elegans,Texas,28.982332,-96.01379,8.0,2021-05-02T09:06
Trachemys scripta elegans,Texas,29.971168,-95.572948,4.0,2021-05-06T09:45
Trachemys scripta elegans,Louisiana,30.004227,-90.092998,329.0,2021-05-01T13:34
Trachemys scripta elegans,Texas,29.767545,-95.445691,29458.0,2021-05-01T13:41:20
Trachemys scripta elegans,Texas,29.719158,-95.392128,5.0,2021-05-02T10:54:04Z
Trachemys scripta elegans,Texas,29.820389,-95.612295,40.0,2021-05-02T16:15Z
Trachemys scripta elegans,Louisiana,30.436408,-91.19225,244.0,2020-10-10T08:30
Trachemys scripta elegans,Florida,29.641656,-82.348901,78.0,2021-05-01T13:24
Trachemys scripta elegans,Texas,30.170535,-95.472252,121.0,2021-05-03T03:17Z
Trachemys scripta elegans,Texas,29.671303,-95.919316,22.0,2021-05-02T15:46:49
Trachemys scripta elegans,Texas,29.717727,-95.393303,15.0,2021-05-03T17:22
Trachemys scripta elegans,Texas,29.761862,-95.450067,20.0,2021-05-02T16:07:29
Trachemys scripta elegans,Texas,29.752301,-95.778609,107.0,2021-05-02T07:46
Trachemys scripta elegans,Texas,29.759503,-95.594345,6.0,2021-05-04T15:04:21
Trachemys scripta elegans,Texas,29.765224,-95.45207,210.0,2021-05-03T04:44Z
Trachemys scripta elegans,Texas,30.015416,-95.556143,3683.0,2021-05-02T03:27:03Z
Trachemys scripta elegans,Texas,29.83835,-95.447158,3.0,2021-05-02T12:08:02
Trachemys scripta elegans,Mississippi,31.646789,-91.210365,14.0,2021-05-01T13:54
Trachemys scripta elegans,Louisiana,30.530743,-91.093339,196.0,2021-05-03T16:00
Trachemys scripta elegans,Texas,29.765255,-95.359178,12.0,2021-05-03T10:08:34
Trachemys scripta elegans,Texas,29.581128,-95.100319,4.0,2021-05-02T10:14:22Z
Trachemys scripta elegans,Texas,29.555288,-95.586143,150.0,2021-05-01T17:18
Trachemys scripta elegans,Texas,29.700771,-94.376536,10.0,2021-04-29
Trachemys scripta elegans,Louisiana,29.917942,-92.509896,4.0,2021-04-25T10:19
Trachemys scripta elegans,Texas,28.971152,-96.02045,1581.0,2021-04-29T13:38
Trachemys scripta elegans,Louisiana,30.480019,-90.98611,196.0,2021-05-01T10:00
Trachemys scripta elegans,Oklahoma,36.225568,-95.897116,31.0,2021-04-29T14:02
Trachemys scripta elegans,Texas,29.764898,-95.621215,195.0,2021-04-30T14:06
Trachemys scripta elegans,Louisiana,30.542712,-90.936867,10.0,2021-05-01T07:51:59
Trachemys scripta elegans,Oklahoma,36.225568,-95.897116,31.0,2021-04-29T13:58
Trachemys scripta elegans,Texas,29.578117,-95.130655,2.0,2021-04-30T18:00
Trachemys scripta elegans,Texas,29.592625,-95.651222,4.0,2021-05-01T16:41:11Z
Trachemys scripta elegans,Texas,29.765224,-95.452071,1.0,2019-05-12T10:21
Trachemys scripta elegans,Texas,29.766803,-95.450538,418.0,2021-05-03T15:48:41
Trachemys scripta elegans,Texas,31.085097,-94.184651,4.0,2021-05-03T19:16
Trachemys scripta elegans,Texas,29.682505,-95.26625,15.0,2021-05-02T10:51:19
Trachemys scripta elegans,Texas,29.585408,-95.005475,,2021-05-03T15:04
Trachemys scripta elegans,Texas,30.545088,-95.822372,16.0,2021-05-03T12:22:28
Trachemys scripta elegans,Texas,29.766563,-95.450745,6.0,2021-05-03T15:38:38
Trachemys scripta elegans,Texas,29.763938,-95.453322,6.0,2021-05-01T12:00:16
Trachemys scripta elegans,Texas,29.217613,-94.934444,143.0,2021-05-03T13:04
Trachemys scripta elegans,Texas,29.760659,-95.421693,206.0,2021-05-01
Trachemys scripta elegans,Georgia,33.758388,-84.357855,14.0,2021-05-02T17:14:57
Trachemys scripta elegans,Texas,29.414311,-95.717785,5.0,2021-05-03T10:50:36
Trachemys scripta elegans,Texas,29.766834,-95.450527,30.0,2021-05-02T08:01
Trachemys scripta elegans,Texas,29.763967,-95.453317,6.0,2021-05-01T12:01:29
Trachemys scripta elegans,Oklahoma,36.209678,-95.997966,48203.0,2021-05-06T15:47:47Z
Trachemys scripta elegans,Louisiana,30.044851,-89.874191,927.0,2021-05-06T13:39:39
Trachemys scripta elegans,Tennessee,36.287124,-82.403185,128.0,2021-05-02T10:30:37
Trachemys scripta elegans,Texas,29.526528,-95.798917,,2021-05-02T09:00
Trachemys scripta elegans,Texas,29.968936,-95.572825,15.0,2021-05-03T12:55
Trachemys scripta elegans,Texas,30.828208,-95.23285,5.0,2021-04-21T10:25:15Z
Trachemys scripta elegans,Texas,29.94905,-95.667372,29433.0,2021-05-02T18:35:21Z
Trachemys scripta elegans,Texas,29.57245,-94.533577,,2021-04-20T14:12
Trachemys scripta elegans,Texas,29.802684,-95.672811,29433.0,2021-05-02T17:33:30Z
Trachemys scripta elegans,Texas,29.554994,-95.586268,,2021-05-02T11:10
Trachemys scripta elegans,Alabama,32.454934,-86.467691,,2021-05-02T10:12:03
Trachemys scripta elegans,Texas,30.846366,-94.170855,8.0,2021-05-03T17:03
Trachemys scripta elegans,Texas,31.261147,-94.314378,50.0,2021-05-03T11:49:29
Trachemys scripta elegans,Texas,30.016291,-95.509083,1399.0,2021-05-02T19:38:27
Trachemys scripta elegans,Mississippi,31.297097,-90.004162,197.0,2021-05-01T13:36
Trachemys scripta elegans,Texas,30.177727,-95.584384,8.0,2021-05-02T10:00:25
Trachemys scripta elegans,Texas,29.371012,-95.366431,2378.0,2021-05-02T18:28:25Z
Trachemys scripta elegans,Texas,29.764033,-95.453225,24.0,2021-05-02T09:24:17
Trachemys scripta elegans,Illinois,37.376459,-88.929751,8.0,2021-05-01T14:47
Trachemys scripta elegans,Texas,30.841556,-94.673746,29304.0,2021-05-02T08:45:14
Trachemys scripta elegans,Texas,29.761717,-95.450066,4.0,2021-05-01T14:30
Trachemys scripta elegans,Texas,29.771555,-95.569481,201.0,2021-03-29T16:55:37
Trachemys scripta elegans,Texas,29.896378,-95.574929,24.0,2021-04-20T14:26:41Z
Trachemys scripta elegans,Texas,29.760581,-95.402141,5.0,2021-05-01T17:17:24
Trachemys scripta elegans,Texas,30.08417,-95.694563,50.0,2021-05-01T13:39:29
Trachemys scripta elegans,Mississippi,31.342983,-88.639835,29252.0,2021-04-09T15:11:20Z
Trachemys scripta elegans,Texas,30.05117,-94.79792,16203.0,2021-04-27T14:01:34
Trachemys scripta elegans,Tennessee,36.50338,-87.374366,42.0,2020-09-30T12:14:47Z
Trachemys scripta elegans,Texas,29.762408,-95.450163,30.0,2021-05-01T12:53:23Z
Trachemys scripta elegans,Texas,30.845681,-94.171085,6.0,2021-05-01T13:16:21Z
Trachemys scripta elegans,Mississippi,31.646813,-91.210424,37.0,2020-02-04T13:53
Trachemys scripta elegans,Texas,29.66532,-94.52006,10.0,2021-04-29
Trachemys scripta elegans,Texas,29.771569,-95.569451,,2021-04-30T16:06:24
Trachemys scripta elegans,Mississippi,30.382252,-89.617849,386.0,2021-04-30T11:13
Trachemys scripta elegans,Texas,29.573583,-94.389203,4.0,2021-04-29T09:23
Trachemys scripta elegans,Texas,29.570582,-94.389828,2.0,2021-04-27T16:23
Trachemys scripta elegans,Texas,30.873679,-96.262072,29304.0,2021-04-28T11:12:55
Trachemys scripta elegans,Texas,30.870484,-94.175895,185.0,2021-04-29T12:59:43Z
Trachemys scripta elegans,Texas,29.571946,-94.389918,200.0,2021-04-29T11:03
Trachemys scripta elegans,Texas,29.606677,-94.531737,2980.0,2021-04-27T09:41
Trachemys scripta elegans,Oklahoma,35.434598,-94.993393,122.0,2021-04-18T13:44
Trachemys scripta elegans,Texas,29.603103,-95.077522,1414.0,2021-04-27T11:15:29
Trachemys scripta elegans,Texas,29.643967,-95.646558,1414.0,2021-04-29T14:59:53
Trachemys scripta elegans,Texas,29.571946,-94.389918,200.0,2021-04-29T11:02
Trachemys scripta elegans,Texas,29.608352,-94.550838,857.0,2021-04-29T07:48
Trachemys scripta elegans,Mississippi,33.721987,-90.964444,60.0,2021-04-27T08:48
Trachemys scripta elegans,Texas,29.287747,-94.85573,6925.0,2021-04-28T09:26:55
Trachemys scripta elegans,Florida,29.259557,-81.056439,7.0,2021-04-28T11:09:21Z
Trachemys scripta elegans,Texas,29.336603,-95.288639,81.0,2021-04-29T10:39
Trachemys scripta elegans,Texas,29.575154,-94.390599,2.0,2021-04-24T09:04
Trachemys scripta elegans,Mississippi,30.382252,-89.617849,386.0,2021-04-26T11:37
Trachemys scripta elegans,Texas,29.766873,-95.432161,24.0,2021-04-24T15:18:45Z
Trachemys scripta elegans,Arkansas,35.776501,-90.704099,39.0,2021-04-25T15:24:09Z
Trachemys scripta elegans,Louisiana,30.421269,-91.167465,179.0,2021-04-25T12:31
Trachemys scripta elegans,Oklahoma,33.736802,-94.660535,6013.0,2021-04-25T15:17:08
Trachemys scripta elegans,Texas,29.571946,-94.389918,200.0,2021-04-19T02:35
Trachemys scripta elegans,Texas,31.335231,-94.709976,200.0,2021-04-25
Trachemys scripta elegans,Texas,30.007028,-94.142028,5.0,2021-04-24T08:36:22Z
Trachemys scripta elegans,Texas,29.724145,-95.340775,,2021-04-28T14:00:56Z
Trachemys scripta elegans,Texas,32.663192,-96.194389,,2021-03-21T17:43:35
Trachemys scripta elegans,Texas,29.526408,-95.79888,4.0,2021-04-27T13:50:49Z
Trachemys scripta elegans,Louisiana,30.423034,-91.161865,10.0,2021-04-24T10:53
Trachemys scripta elegans,Texas,29.57345,-94.390586,22.0,2021-04-23T14:27
Trachemys scripta elegans,Texas,29.710278,-95.565833,,2021-04-24T12:22:42
Trachemys scripta elegans,Arkansas,36.375355,-94.187715,65.0,2021-04-26T02:18:48
Trachemys scripta elegans,Texas,29.76175,-95.392223,749.0,2021-04-25T19:56:18Z
Trachemys scripta elegans,Louisiana,30.101777,-91.929579,75.0,2021-04-24T12:08
Trachemys scripta elegans,Arkansas,33.659931,-93.823126,5.0,2020-06-19T11:38
Trachemys scripta elegans,Illinois,37.672103,-89.46608,5.0,2021-04-25T15:25:49
Trachemys scripta elegans,Texas,29.77145,-95.569964,170.0,2021-04-24T09:29
Trachemys scripta elegans,Louisiana,30.418164,-91.170662,125.0,2021-04-25T12:16
Trachemys scripta elegans,Arkansas,36.375355,-94.187715,65.0,2021-04-26T01:18:34
Trachemys scripta elegans,Texas,32.634476,-95.460578,196.0,2021-03-20T09:31
Trachemys scripta elegans,Texas,29.606677,-94.531737,2980.0,2021-04-27T09:04
Trachemys scripta elegans,Texas,30.603021,-96.360366,31.0,2021-04-17T15:56:39Z
Trachemys scripta elegans,Louisiana,30.998323,-92.226193,208.0,2021-04-27T12:21:38
Trachemys scripta elegans,Florida,30.25782,-81.551963,12.0,2021-04-26T14:05:02
Trachemys scripta elegans,Oklahoma,33.747071,-94.661222,977.0,2021-04-24T12:03
Trachemys scripta elegans,Texas,29.741682,-95.759741,8.0,2021-04-25T13:42:56
Trachemys scripta elegans,Texas,29.759392,-95.598008,6.0,2021-04-26T10:15:51
Trachemys scripta elegans,Texas,29.759834,-95.404633,,2021-04-22T09:52
Trachemys scripta elegans,Texas,31.375663,-94.724837,35.0,2021-04-24
Trachemys scripta elegans,Texas,29.3735,-95.627064,,2021-04-20T13:20
Trachemys scripta elegans,Texas,29.967567,-95.60955,25.0,2021-04-25T09:49:32
Trachemys scripta elegans,Texas,29.759355,-95.597962,6.0,2021-04-27T14:39:27
Trachemys scripta elegans,Texas,29.719087,-95.391838,10.0,2020-08-13T12:51:37
Trachemys scripta elegans,Texas,29.96668,-95.609812,101.0,2021-04-25T11:14:18
Trachemys scripta elegans,Texas,29.716433,-95.395547,269.0,2021-04-20T17:27:52Z
Trachemys scripta elegans,Texas,29.607328,-94.554663,50.0,2021-04-24T10:59:51Z
Trachemys scripta elegans,Arkansas,36.375355,-94.187715,65.0,2021-04-26T01:17:52
Trachemys scripta elegans,Mississippi,30.380167,-89.056547,,2021-04-25T15:32:20
Trachemys scripta elegans,Texas,29.662205,-95.485403,16.0,2021-04-27T07:47:03Z
Trachemys scripta elegans,Texas,29.717035,-95.390097,674.0,2021-04-25T13:00Z
Trachemys scripta elegans,Texas,32.51091,-95.303197,12.0,2021-04-24
Trachemys scripta elegans,Texas,29.77145,-95.569964,170.0,2021-04-24T09:29
Trachemys scripta elegans,Louisiana,31.17694,-92.414956,,2021-04-07T22:47
Trachemys scripta elegans,Texas,31.37515,-94.728399,400.0,2021-04-20
Trachemys scripta elegans,Texas,29.636603,-95.66033,8.0,2021-04-21T15:31:38Z
Trachemys scripta elegans,Texas,29.676944,-95.544848,29458.0,2021-04-17T10:42:48Z
Trachemys scripta elegans,Texas,32.6295,-95.463116,544.0,2021-04-19T11:44:06Z
Trachemys scripta elegans,Alabama,32.609857,-85.480782,15219.0,2021-03-07T11:09
Trachemys scripta elegans,Texas,29.759928,-95.404563,,2021-04-18T08:48
Trachemys scripta elegans,Texas,29.375899,-95.613638,31.0,2021-04-13T14:55
Trachemys scripta elegans,Tennessee,36.063418,-86.804647,22.0,2020-02-02
Trachemys scripta elegans,Texas,29.808865,-95.786922,8.0,2020-11-20T16:30
Trachemys scripta elegans,Texas,29.806641,-95.765534,858.0,2021-04-02T02:24
Trachemys scripta elegans,Louisiana,30.101257,-91.93048,200.0,2021-04-20T14:25
Trachemys scripta elegans,Texas,30.244329,-95.489913,24.0,2021-04-16T09:15:30
Trachemys scripta elegans,Texas,31.62449,-94.644962,9.0,2021-04-22T17:33:34Z
Trachemys scripta elegans,Texas,29.781374,-95.825875,189.0,2021-04-18T02:19
Trachemys scripta elegans,Oklahoma,35.583977,-94.559385,1764.0,2021-04-19T23:28
Trachemys scripta elegans,Texas,30.607384,-96.351617,197.0,2021-04-21T12:42
Trachemys scripta elegans,Louisiana,30.101257,-91.93048,200.0,2021-04-20T14:26
Trachemys scripta elegans,Texas,29.528362,-95.020369,8.0,2021-04-19T14:59:48Z
Trachemys scripta elegans,Louisiana,30.54437,-90.935564,15.0,2021-04-22T13:52
Trachemys scripta elegans,Texas,29.604685,-94.556147,,2019-07-07T15:49
Trachemys scripta elegans,Missouri,36.964771,-90.171976,31.0,2021-04-11T12:06
Trachemys scripta elegans,Louisiana,30.681538,-91.11234,12.0,2021-03-27T09:13:17Z
Trachemys scripta elegans,Tennessee,36.063121,-86.804164,22.0,2020-02-02
Trachemys scripta elegans,Texas,29.857058,-95.163339,5.0,2021-04-18T15:27:45
Trachemys scripta elegans,Oklahoma,35.958497,-96.308323,152.0,2021-04-11T10:16
Trachemys scripta elegans,Texas,30.076335,-94.801538,23.0,2020-04-21T18:16:17Z
Trachemys scripta elegans,Texas,29.768576,-95.578132,27.0,2021-04-19T12:29:32
Trachemys scripta elegans,Texas,29.724297,-95.765281,190.0,2021-04-18T10:14
Trachemys scripta elegans,Texas,29.766872,-95.450462,6.0,2021-04-12T15:41:11
Trachemys scripta elegans,Louisiana,32.4472,-93.672444,,2020-05-25T10:48:06
Trachemys scripta elegans,Texas,29.761753,-95.450016,5.0,2021-04-22T11:40:05Z
Trachemys scripta elegans,Texas,29.765842,-95.358162,5.0,2021-04-19T15:23:15
Trachemys scripta elegans,Louisiana,30.39093,-90.11597,10.0,2021-04-20T12:35
Trachemys scripta elegans,Mississippi,33.755694,-89.781188,67.0,2021-04-19T15:49
Trachemys scripta elegans,Louisiana,30.391203,-90.115961,10.0,2021-04-20T12:34
Trachemys scripta elegans,Texas,29.76528,-95.35907,5.0,2021-04-19T15:35:50
Trachemys scripta elegans,Texas,29.806641,-95.765534,858.0,2021-04-07T21:34
Trachemys scripta elegans,Louisiana,30.427592,-91.073914,8.0,2021-04-18T11:23:37Z
Trachemys scripta elegans,Louisiana,29.234733,-89.996963,4.0,2021-04-18T16:21:30
Trachemys scripta elegans,Texas,31.356562,-94.7267,200.0,2020-11-07
Trachemys scripta elegans,Texas,32.63227,-95.459123,302.0,2021-04-19T11:12:47Z
Trachemys scripta elegans,Texas,30.026635,-95.29512,,2019-07-04T07:12
Trachemys scripta elegans,Texas,29.941972,-95.724878,29.0,2020-07-20T19:40:58
Trachemys scripta elegans,Tennessee,35.960638,-83.920739,24024.0,2020-03-25T22:48
Trachemys scripta elegans,Tennessee,36.287047,-82.403205,11.0,2021-04-19T13:49:04
Trachemys scripta elegans,North Carolina,35.6009,-82.554,,2020-07-29T10:25
Trachemys scripta elegans,Texas,29.77146,-95.569534,15.0,2021-04-17T12:11:04Z
Trachemys scripta elegans,Texas,32.220117,-95.76735,18.0,2021-03-23T13:18:59Z
Trachemys scripta elegans,Texas,30.366739,-95.562478,44614.0,2016-02-18T13:32:47
Trachemys scripta elegans,Louisiana,30.649834,-91.199692,6.0,2021-04-17T11:18:58
Trachemys scripta elegans,Louisiana,30.54437,-90.935564,15.0,2021-04-19T10:23
Trachemys scripta elegans,Tennessee,36.062905,-86.804307,22.0,2020-02-02
Trachemys scripta elegans,Kentucky,37.880282,-87.559941,439.0,2015-07-14T14:17
Trachemys scripta elegans,Texas,32.629779,-95.463282,197.0,2021-04-19T11:34:50Z
Trachemys scripta elegans,Texas,29.762562,-95.449372,5.0,2021-04-17T12:33:03Z
Trachemys scripta elegans,Oklahoma,36.705572,-95.485788,2.0,2021-04-10T15:20
Trachemys scripta elegans,Texas,29.614211,-95.097172,,2021-04-16T16:13
Trachemys scripta elegans,Mississippi,30.37706,-88.520134,8.0,2021-04-16T14:32
Trachemys scripta elegans,Tennessee,35.605964,-84.115361,843.0,2020-07-23T19:14:25
Trachemys scripta elegans,Oklahoma,36.223457,-95.90303,183.0,2021-04-11T13:05
Trachemys scripta elegans,Oklahoma,36.223457,-95.90303,183.0,2021-04-11T13:05
Trachemys scripta elegans,Arkansas,36.31678,-92.396556,361.0,2021-04-15T10:43
Trachemys scripta elegans,Louisiana,29.984581,-90.09237,30.0,2021-04-11T08:27:01
Trachemys scripta elegans,Oklahoma,36.116425,-95.984018,327.0,2021-04-03T11:00
Trachemys scripta elegans,Oklahoma,36.117699,-95.985811,118.0,2021-04-03T11:14
Trachemys scripta elegans,Florida,30.26578,-81.51288,31.0,2021-04-12T10:59
Trachemys scripta elegans,Texas,31.620067,-94.643737,,2021-04-11T12:36Z
Trachemys scripta elegans,Texas,29.725262,-95.76315,79.0,2021-04-10T16:03:31
Trachemys scripta elegans,Texas,32.629555,-95.462869,48.0,2021-04-12T08:55Z
Trachemys scripta elegans,Texas,29.781374,-95.825875,189.0,2021-03-29T18:02
Trachemys scripta elegans,Texas,30.125189,-95.379547,4.0,2021-04-11T15:25:04Z
Trachemys scripta elegans,Texas,29.655479,-95.587173,2.0,2021-04-14T14:50
Trachemys scripta elegans,Texas,29.574327,-94.390864,166.0,2021-04-15T10:40:52Z
Trachemys scripta elegans,Texas,29.879401,-95.714869,29433.0,2021-04-14
Trachemys scripta elegans,Texas,29.740787,-95.76313,15.0,2021-04-11T18:05:55
Trachemys scripta elegans,Illinois,37.479772,-88.324221,8.0,2021-04-06T12:37
Trachemys scripta elegans,Illinois,37.481262,-88.133998,15.0,2021-04-06T08:15
Trachemys scripta elegans,Louisiana,30.423025,-92.778934,22.0,2021-04-12T12:09:09Z
Trachemys scripta elegans,Texas,30.589817,-96.327347,4.0,2021-04-15T14:24:29
Trachemys scripta elegans,Texas,30.469314,-94.258217,29356.0,2020-05-21T09:15
Trachemys scripta elegans,Alabama,32.597363,-85.484322,4.0,2021-04-10T10:40:37Z
Trachemys scripta elegans,Texas,30.453824,-94.20702,29356.0,2020-07-12T09:09
Trachemys scripta elegans,Tennessee,36.243855,-89.536942,5.0,2021-04-09T15:10:28
Trachemys scripta elegans,Texas,29.633706,-95.663887,4.0,2021-04-03T11:32
Trachemys scripta elegans,Texas,29.60889,-94.555825,334.0,2021-04-13T13:52
Trachemys scripta elegans,Texas,29.83915,-95.456947,65.0,2020-05-25T11:11:19
Trachemys scripta elegans,Texas,30.445187,-94.212773,29356.0,2020-05-04T11:42
Trachemys scripta elegans,Oklahoma,36.223457,-95.90303,183.0,2021-04-11T13:05
Trachemys scripta elegans,Arkansas,36.199734,-94.387894,204.0,2021-04-13T13:27
Trachemys scripta elegans,Arkansas,35.994132,-94.270874,1412.0,2021-04-05T16:24:09Z
Trachemys scripta elegans,Texas,30.480864,-94.305346,29356.0,2020-05-12T10:10
Trachemys scripta elegans,Louisiana,30.369326,-91.104887,35.0,2017-02-22T10:57
Trachemys scripta elegans,Louisiana,30.369326,-91.104887,35.0,2017-02-18T11:30
Trachemys scripta elegans,Texas,29.148729,-95.039206,101.0,2018-07-29T08:33
Trachemys scripta elegans,Tennessee,36.317278,-82.323454,15.0,2021-04-13T11:47
Trachemys scripta elegans,Texas,30.476288,-94.331948,29356.0,2020-05-31T09:20
Trachemys scripta elegans,Texas,29.56945,-95.128184,2.0,2021-04-04T14:30
Trachemys scripta elegans,Oklahoma,36.216574,-95.896997,1224.0,2021-04-08T15:29:16
Trachemys scripta elegans,Texas,30.533491,-95.783288,451.0,2021-04-10T10:14
Trachemys scripta elegans,Texas,31.063023,-95.059007,8.0,2021-04-11T13:24:10
Trachemys scripta elegans,Texas,29.374205,-95.60807,8.0,2021-04-13T13:39:33Z
Trachemys scripta elegans,Tennessee,35.946183,-83.93737,8.0,2021-04-13T11:01:51
Trachemys scripta elegans,Mississippi,30.391851,-88.787376,1211.0,2021-03-31T08:23
Trachemys scripta elegans,Louisiana,30.35357,-90.493467,29382.0,2021-03-07T12:03
Trachemys scripta elegans,Louisiana,30.003714,-90.094917,5.0,2021-04-10T13:24:37Z
Trachemys scripta elegans,Tennessee,36.061425,-87.96368,62.0,2021-04-04T12:15:11Z
Trachemys scripta elegans,Texas,29.371286,-95.62601,65.0,2021-04-10T16:07:28Z
Trachemys scripta elegans,Texas,29.913198,-95.686018,198.0,2021-04-03T00:47
Trachemys scripta elegans,Texas,29.657401,-95.586395,2.0,2021-04-14T15:15
Trachemys scripta elegans,Mississippi,32.400834,-90.765254,8.0,2021-04-12T00:48
Trachemys scripta elegans,Florida,30.356892,-87.177191,19.0,2021-04-11T10:58:01Z
Trachemys scripta elegans,Tennessee,35.087636,-85.336275,,2021-04-15T19:32:37
Trachemys scripta elegans,Alabama,32.597336,-85.48447,14.0,2021-04-13T15:31:36Z
Trachemys scripta elegans,Texas,29.720344,-95.732465,118.0,2021-04-12T11:54:11
Trachemys scripta elegans,Alabama,32.597197,-85.484388,14.0,2021-04-15T10:12:14
Trachemys scripta elegans,Oklahoma,35.809796,-95.991258,28620.0,2021-04-08T10:29:28Z
Trachemys scripta elegans,Alabama,32.597518,-85.484509,8.0,2021-04-13T15:34
Trachemys scripta elegans,Texas,29.802787,-95.696664,18483.0,2021-04-10T20:24
Trachemys scripta elegans,Texas,31.357534,-94.726462,215.0,2021-04-14
Trachemys scripta elegans,Texas,30.579646,-94.241034,29356.0,2020-04-28T09:14
Trachemys scripta elegans,Texas,30.665089,-95.001818,30.0,2015-02-15T13:25
Trachemys scripta elegans,Texas,32.370078,-96.23873,31.0,2020-04-26T12:33
Trachemys scripta elegans,Louisiana,30.369326,-91.104887,35.0,2017-06-06T12:48
Trachemys scripta elegans,Texas,29.838378,-95.441917,5.0,2020-04-24T17:42:04Z
Trachemys scripta elegans,Oklahoma,36.235106,-95.920411,22.0,2021-04-09T16:56
Trachemys scripta elegans,Texas,30.479101,-94.226881,29356.0,2020-12-31T15:55:35
Trachemys scripta elegans,Georgia,33.784058,-84.376048,71.0,2021-04-09T11:51:57
Trachemys scripta elegans,Texas,29.763565,-95.451145,577.0,2018-07-29T15:25
Trachemys scripta elegans,Texas,29.806641,-95.765534,858.0,2021-03-25T17:38
Trachemys scripta elegans,Texas,30.548938,-94.247071,29356.0,2019-05-30T07:36:35
Trachemys scripta elegans,Texas,30.545834,-94.256962,29356.0,2019-06-04T09:17:47
Trachemys scripta elegans,Texas,31.37515,-94.728399,400.0,2021-04-10
Trachemys scripta elegans,Louisiana,30.369326,-91.104887,35.0,2017-06-06T12:49
Trachemys scripta elegans,Texas,30.581407,-94.254509,29356.0,2019-06-09T08:00:48
Trachemys scripta elegans,Louisiana,30.369326,-91.104887,35.0,2017-06-06T12:49
Trachemys scripta elegans,Texas,29.838422,-95.441925,5.0,2018-04-29T19:29:08
Trachemys scripta elegans,Texas,29.740793,-95.68575,21.0,2021-04-09T14:15:46Z
Trachemys scripta elegans,Louisiana,30.396013,-91.124153,4.0,2021-04-09T17:14:05
Trachemys scripta elegans,Louisiana,32.60554,-92.048822,,2021-04-05T15:20:54
Trachemys scripta elegans,Texas,29.762472,-95.450144,,2021-04-04T13:16:53
Trachemys scripta elegans,Texas,30.011383,-95.449799,77.0,2021-03-29T22:48:57Z
Trachemys scripta elegans,Texas,29.771389,-95.569722,,2021-04-05T10:03
Trachemys scripta elegans,Texas,29.375168,-95.594752,,2021-04-04T12:42
Trachemys scripta elegans,Texas,29.761686,-95.449997,,2021-04-04T13:50:43
Trachemys scripta elegans,Texas,30.594088,-96.336983,65.0,2021-04-07T15:31:01
Trachemys scripta elegans,Texas,29.217467,-94.934365,,2021-04-03T11:21
Trachemys scripta elegans,Texas,29.523817,-95.803075,,2021-04-04T10:27:30
Trachemys scripta elegans,Texas,29.671859,-96.290923,52.0,2021-04-02T13:46Z
Trachemys scripta elegans,Arkansas,36.396743,-94.082208,43692.0,2021-03-29T15:14:26Z
Trachemys scripta elegans,Mississippi,34.31161,-89.47533,8.0,2021-04-08T15:03:48Z
Trachemys scripta elegans,Texas,29.802936,-95.6729,2217.0,2021-04-03T12:28:33
Trachemys scripta elegans,Florida,29.692984,-82.398086,8.0,2021-04-05T13:50
Trachemys scripta elegans,Texas,29.571945,-94.389918,200.0,2021-04-04T09:39:23
Trachemys scripta elegans,Oklahoma,35.545397,-95.479684,212.0,2021-04-06T14:04:36
Trachemys scripta elegans,Tennessee,36.374844,-86.557356,,2021-04-02T11:40:31
Trachemys scripta elegans,Texas,33.253791,-95.788572,244.0,2021-03-20T13:43
Trachemys scripta elegans,Texas,29.762472,-95.450144,,2021-04-04T13:16:53
Trachemys scripta elegans,Texas,29.767708,-95.431519,67.0,2021-04-08T11:44:29
Trachemys scripta elegans,Arkansas,35.105267,-92.434678,4.0,2021-04-08T14:51:39Z
Trachemys scripta elegans,Texas,30.079271,-94.095341,7892.0,2021-04-06T14:37:55Z
Trachemys scripta elegans,Oklahoma,36.060949,-95.797453,10732.0,2021-04-02T18:37
Trachemys scripta elegans,Texas,29.766883,-95.451967,,2021-04-04T14:18:15
Trachemys scripta elegans,Texas,29.21653,-94.934982,,2021-04-04T08:31
Trachemys scripta elegans,Alabama,32.595741,-85.482919,65.0,2021-04-05T15:51:20Z
Trachemys scripta elegans,Texas,29.524128,-95.801455,286.0,2021-04-07T09:00Z
Trachemys scripta elegans,Arkansas,35.766624,-90.703261,50.0,2021-04-01T12:25:03Z
Trachemys scripta elegans,Missouri,37.005089,-94.548168,61.0,2017-07-08T11:23
Trachemys scripta elegans,Texas,29.572281,-94.390283,416.0,2018-12-18T13:51
Trachemys scripta elegans,Arkansas,34.92168,-92.417038,18.0,2021-04-07T16:17:15
Trachemys scripta elegans,Texas,29.216237,-94.9356,5.0,2021-04-05T08:56:12
Trachemys scripta elegans,Texas,29.376164,-95.607717,604.0,2018-12-17T11:41
Trachemys scripta elegans,Texas,29.370053,-95.622903,,2021-04-04T11:31
Trachemys scripta elegans,Mississippi,31.311188,-89.279065,428.0,2021-02-28T14:38
Trachemys scripta elegans,Texas,29.720245,-95.391062,4.0,2021-03-29T11:35:55Z
Trachemys scripta elegans,Louisiana,30.356281,-91.095024,,2019-04-26T21:49:55Z
Trachemys scripta elegans,Texas,29.985405,-95.575242,30.0,2018-11-05T11:02:28
Trachemys scripta elegans,Texas,29.376028,-95.608057,656.0,2018-12-17T09:15
Trachemys scripta elegans,Texas,29.767032,-95.432679,656.0,2021-04-01T14:03:27Z
Trachemys scripta elegans,Texas,30.061368,-95.647303,369.0,2021-04-03T12:13:14
Trachemys scripta elegans,Mississippi,31.376235,-91.16473,82.0,2021-04-03T12:16
Trachemys scripta elegans,Oklahoma,36.117642,-95.971038,4.0,2021-04-01T15:23:11Z
Trachemys scripta elegans,Texas,29.766836,-95.450577,4.0,2021-03-29T16:24
Trachemys scripta elegans,Kentucky,37.726922,-84.3022,4.0,2021-03-21T13:17:51
Trachemys scripta elegans,Oklahoma,36.340478,-96.004873,63.0,2021-04-02T15:57:42
Trachemys scripta elegans,Arkansas,36.313317,-91.790262,28563.0,2021-03-21T14:34:22
Trachemys scripta elegans,Missouri,37.00526,-94.548211,31.0,2017-07-09T20:35
Trachemys scripta elegans,Texas,29.76466,-95.563057,65.0,2021-04-07T11:57:17
Trachemys scripta elegans,Arkansas,35.135593,-92.789948,,2021-04-03T12:19
Trachemys scripta elegans,Texas,29.699578,-95.451702,115.0,2021-04-07T08:03
Trachemys scripta elegans,Texas,29.694575,-95.60309,166.0,2021-04-02T16:45:24
Trachemys scripta elegans,Texas,29.572281,-94.390283,416.0,2018-12-18T13:28
Trachemys scripta elegans,Texas,31.348494,-94.753922,,2021-04-07T10:43
Trachemys scripta elegans,Texas,29.760898,-95.401607,1.0,2021-04-03T10:34
Trachemys scripta elegans,Georgia,34.324413,-85.236698,678.0,2021-01-10T10:59:35Z
Trachemys scripta elegans,Texas,29.716922,-95.391783,4.0,2021-04-02T16:45:43Z
Trachemys scripta elegans,Texas,29.526629,-95.798996,,2021-04-07T10:26
Trachemys scripta elegans,Arkansas,35.172772,-92.837845,,2021-04-03T10:58
Trachemys scripta elegans,Texas,29.634917,-95.627295,5.0,2020-05-22T09:27:50Z
Trachemys scripta elegans,Texas,29.766901,-95.452176,4.0,2021-03-29T18:08
Trachemys scripta elegans,Oklahoma,36.212978,-95.909404,5.0,2021-04-05T12:19:39
Trachemys scripta elegans,Arkansas,35.821423,-90.122269,28620.0,2021-04-07T12:39:12
Trachemys scripta elegans,Oklahoma,36.223457,-95.90303,183.0,2021-03-29T15:38
Trachemys scripta elegans,Texas,32.163005,-94.812053,,2021-04-02T09:18:04
Trachemys scripta elegans,Texas,29.636332,-95.660368,186.0,2021-04-01T16:00Z
Trachemys scripta elegans,Texas,29.571945,-94.389918,200.0,2021-04-04T09:29:31
Trachemys scripta elegans,Texas,29.762433,-95.449732,59.0,2021-03-29T16:59
Trachemys scripta elegans,Mississippi,30.382252,-89.617849,386.0,2021-04-06T12:41
Trachemys scripta elegans,Texas,29.370023,-95.62291,,2021-04-04T11:31
Trachemys scripta elegans,Texas,30.025014,-95.287684,,2021-04-05T12:30:08
Trachemys scripta elegans,Texas,29.380996,-95.612995,410.0,2018-12-17T10:52
Trachemys scripta elegans,Texas,30.168822,-95.464562,5.0,2020-06-19T11:59:57
Trachemys scripta elegans,Texas,33.217681,-96.285755,15.0,2021-04-02T15:08
Trachemys scripta elegans,Florida,29.617378,-82.322127,1246.0,2017-03-04T16:56
Trachemys scripta elegans,Louisiana,30.356806,-91.094902,,2019-04-26T19:12:55Z
Trachemys scripta elegans,Texas,29.380996,-95.612995,410.0,2018-12-17T10:55
Trachemys scripta elegans,Missouri,37.005174,-94.549155,31.0,2017-07-09T13:54
Trachemys scripta elegans,Texas,29.376164,-95.607717,604.0,2018-12-17T12:17
Trachemys scripta elegans,Texas,29.06357,-95.268128,5.0,2020-05-06T13:05:29
Trachemys scripta elegans,Oklahoma,36.062883,-95.952554,65.0,2021-03-31T10:39:04
Trachemys scripta elegans,Texas,29.796843,-95.696463,55.0,2021-03-27T09:24
Trachemys scripta elegans,Louisiana,30.821911,-91.26546,57.0,2021-03-27T09:26
Trachemys scripta elegans,Texas,29.762245,-95.380867,4.0,2021-03-26T19:12:45Z
Trachemys scripta elegans,Texas,29.767433,-95.35906,24.0,2021-03-26T11:32
Trachemys scripta elegans,Texas,29.767874,-95.359664,,2021-03-26T13:27:19
Trachemys scripta elegans,Texas,29.719205,-95.39212,4.0,2021-03-29T10:52:33Z
Trachemys scripta elegans,Texas,29.768222,-95.359117,18.0,2021-03-26T11:12:50
Trachemys scripta elegans,Texas,29.573943,-94.389893,,2021-03-26T16:33
Trachemys scripta elegans,Texas,29.76971,-95.567779,415.0,2021-03-29T09:32
Trachemys scripta elegans,Georgia,34.002351,-84.606347,154.0,2021-03-18T12:17:45
Trachemys scripta elegans,Texas,29.699108,-93.948787,,2021-03-27T11:22
Trachemys scripta elegans,Louisiana,30.206012,-91.901563,15.0,2021-03-27T12:13
Trachemys scripta elegans,Texas,31.210545,-93.733608,,2021-03-16T14:25
Trachemys scripta elegans,Louisiana,30.659633,-92.743147,61.0,2021-03-19T17:12
Trachemys scripta elegans,Texas,31.180382,-95.97554,2.0,2021-03-13T15:15
Trachemys scripta elegans,Texas,29.759855,-95.404628,,2021-04-01T13:57
Trachemys scripta elegans,Louisiana,30.206164,-91.901816,15.0,2021-03-27T11:39
Trachemys scripta elegans,Texas,32.629111,-95.457773,111.0,2021-03-29T10:38:23Z
Trachemys scripta elegans,Louisiana,30.122568,-91.960625,11.0,2021-03-27T18:32:47
Trachemys scripta elegans,Texas,29.60725,-94.555817,,2021-03-26T11:29
Trachemys scripta elegans,Louisiana,30.26765,-89.761915,1379.0,2021-03-26T13:31:54
Trachemys scripta elegans,Texas,29.574015,-94.389869,52.0,2021-03-22T11:56
Trachemys scripta elegans,Texas,29.591618,-94.556198,,2021-03-26T12:29
Trachemys scripta elegans,Tennessee,36.438983,-89.071289,24.0,2019-05-29T07:34
Trachemys scripta elegans,Texas,30.155421,-95.09017,29407.0,2020-04-24
Trachemys scripta elegans,Louisiana,31.653624,-91.485922,705.0,2019-01-05T14:50
Trachemys scripta elegans,Louisiana,30.369372,-91.104911,5.0,2020-06-02T09:13:52Z
Trachemys scripta elegans,Kentucky,36.611925,-88.250152,15777.0,2020-08-21T11:05:39
Trachemys scripta elegans,Illinois,37.708314,-89.226152,177.0,2020-07-20T15:29:12
Trachemys scripta elegans,Louisiana,30.204754,-91.901314,8.0,2021-03-27T11:07
Trachemys scripta elegans,Florida,29.629329,-82.38493,293.0,2017-08-25T07:44
Trachemys scripta elegans,Texas,31.37515,-94.728399,400.0,2020-11-19
Trachemys scripta elegans,Illinois,37.321981,-88.940826,4.0,2021-03-29T10:42
Trachemys scripta elegans,Arkansas,34.272817,-92.443772,6.0,2021-03-28T14:53:12Z
Trachemys scripta elegans,Mississippi,30.39139,-88.791002,207.0,2018-03-17T14:05
Trachemys scripta elegans,Louisiana,30.56551,-91.004857,29356.0,2021-03-30T09:09:22Z
Trachemys scripta elegans,Kentucky,37.544058,-84.89787,193.0,2021-03-26T16:43Z
Trachemys scripta elegans,Louisiana,30.268446,-89.762798,1071.0,2021-03-26T13:54:12
Trachemys scripta elegans,Texas,29.806641,-95.765534,858.0,2021-03-06T00:23
Trachemys scripta elegans,Louisiana,30.213921,-92.017738,90.0,2021-03-30T14:59:54
Trachemys scripta elegans,Texas,32.632309,-95.45912,322.0,2021-03-29T10:38:20Z
Trachemys scripta elegans,Texas,32.47555,-95.291106,3.0,2021-03-29T15:02
Trachemys scripta elegans,Texas,32.630319,-95.463438,347.0,2021-03-29T07:36:38Z
Trachemys scripta elegans,Texas,29.760657,-95.405595,,2021-03-26T08:39
Trachemys scripta elegans,Mississippi,30.381218,-89.613035,2645.0,2021-03-25T11:59:14
Trachemys scripta elegans,Virginia,36.644199,-82.109294,31.0,2021-03-24T18:32
Trachemys scripta elegans,Tennessee,36.140907,-89.571393,15.0,2021-03-26T10:43
Trachemys scripta elegans,Texas,29.724381,-95.769108,86.0,2021-03-27T08:36
Trachemys scripta elegans,Louisiana,30.101257,-91.93048,200.0,2021-03-18T15:10
Trachemys scripta elegans,Mississippi,30.369195,-89.61107,163.0,2021-03-05T11:51
Trachemys scripta elegans,Texas,29.375156,-95.594669,2.0,2021-03-23T11:49
Trachemys scripta elegans,Louisiana,30.204864,-90.842603,29382.0,2021-03-27T15:47:16Z
Trachemys scripta elegans,Oklahoma,36.84555,-96.340089,5.0,2019-06-18T16:08Z
Trachemys scripta elegans,Texas,29.372199,-95.59805,61.0,2021-03-23T10:09
Trachemys scripta elegans,Texas,32.358811,-95.876043,17.0,2021-03-27T18:28:06Z
Trachemys scripta elegans,Illinois,37.322114,-88.940687,4.0,2021-03-29T09:21
Trachemys scripta elegans,Texas,29.375673,-95.602913,15.0,2021-03-23T15:12
Trachemys scripta elegans,Tennessee,36.503328,-87.374344,22.0,2020-09-05T10:19:03Z
Trachemys scripta elegans,Texas,29.540653,-95.238145,5.0,2019-05-03T13:19:04
Trachemys scripta elegans,Texas,30.50905,-94.372661,29356.0,2020-07-28T14:16
Trachemys scripta elegans,Louisiana,30.820069,-91.265295,193.0,2018-02-24T11:46
Trachemys scripta elegans,Tennessee,36.063252,-86.806055,22.0,2020-02-02
Trachemys scripta elegans,Texas,30.174928,-95.5345,30.0,2019-09-29T14:01:55
Trachemys scripta elegans,Georgia,33.907102,-84.445405,,2019-05-23T11:07
Trachemys scripta elegans,Georgia,34.137937,-84.811401,,2020-05-11T14:56:28
Trachemys scripta elegans,Tennessee,35.956244,-83.866657,8.0,2020-04-03T15:41:19
Trachemys scripta elegans,Kentucky,36.612422,-88.250091,13423.0,2020-08-21T11:04:56
Trachemys scripta elegans,Kentucky,36.597915,-88.205467,23328.0,2020-08-21T11:05:55
Trachemys scripta elegans,Mississippi,34.108889,-90.135833,,2021-03-12T11:09:45
Trachemys scripta elegans,Mississippi,30.369195,-89.61107,163.0,2021-03-22T12:08
Trachemys scripta elegans,Texas,29.367862,-95.618407,8.0,2021-03-23T13:28
Trachemys scripta elegans,Texas,30.145081,-95.474249,12.0,2021-03-19T09:51:19Z
Trachemys scripta elegans,Texas,29.766553,-95.450745,5.0,2021-03-23T16:42:10Z
Trachemys scripta elegans,Texas,28.982437,-96.01379,4.0,2021-03-14T09:02
Trachemys scripta elegans,Arkansas,35.999428,-94.136397,8.0,2021-03-20T10:25:01Z
Trachemys scripta elegans,Arkansas,36.428067,-91.513733,24.0,2020-06-29T08:56:06Z
Trachemys scripta elegans,Texas,30.168572,-95.509187,165.0,2021-03-20T17:14:37Z
Trachemys scripta elegans,Texas,29.377064,-95.606063,4.0,2021-03-23T13:36
Trachemys scripta elegans,Texas,29.833777,-96.067398,4.0,2021-03-21T15:27
Trachemys scripta elegans,Texas,29.785898,-95.824509,6206.0,2021-03-14T12:55
Trachemys scripta elegans,Texas,32.834038,-96.324883,4.0,2021-03-25T11:14:58
Trachemys scripta elegans,Texas,30.352226,-95.622357,29382.0,2021-03-21T14:54:57
Trachemys scripta elegans,Texas,29.370589,-95.622931,94.0,2021-03-20T11:59
Trachemys scripta elegans,Texas,30.812515,-95.128738,9.0,2021-03-15T15:33:25Z
Trachemys scripta elegans,Texas,29.370627,-95.627218,196.0,2021-03-07T14:47
Trachemys scripta elegans,Texas,31.37515,-94.728399,400.0,2021-03-20
Trachemys scripta elegans,Texas,29.376697,-95.603048,4.0,2021-03-23T15:09
Trachemys scripta elegans,Arkansas,36.415444,-90.62919,48.0,2021-03-21T12:31:30
Trachemys scripta elegans,Texas,29.376366,-95.603059,4.0,2021-03-23T15:10
Trachemys scripta elegans,Texas,29.846495,-96.073397,15.0,2021-03-21T15:22
Trachemys scripta elegans,Louisiana,30.681228,-91.11273,22.0,2021-03-19T19:59:10Z
Trachemys scripta elegans,Illinois,37.578736,-89.439293,200.0,2015-04-14T15:19
Trachemys scripta elegans,Texas,29.595048,-95.254965,,2021-03-21T11:17
Trachemys scripta elegans,Alabama,30.248137,-88.085999,8.0,2018-06-27T12:49
Trachemys scripta elegans,Alabama,31.800814,-85.960393,73.0,2018-12-26T09:40
Trachemys scripta elegans,Louisiana,31.798187,-91.753022,13.0,2020-04-30T13:46:09
Trachemys scripta elegans,Texas,30.139887,-95.166707,31.0,2021-03-22T13:49
Trachemys scripta elegans,Texas,30.16665,-95.493667,16.0,2021-03-20T15:55:10Z
Trachemys scripta elegans,Arkansas,35.135644,-92.789983,2.0,2021-03-20T11:17
Trachemys scripta elegans,Texas,29.785898,-95.824509,6206.0,2021-03-14T12:52:40
Trachemys scripta elegans,Oklahoma,36.176148,-96.020671,49.0,2021-03-21T11:24:28
Trachemys scripta elegans,Mississippi,30.392968,-88.790183,673.0,2021-03-05T02:08
Trachemys scripta elegans,Texas,28.98243,-96.013831,4.0,2021-03-24T09:46
Trachemys scripta elegans,Louisiana,30.821083,-91.266512,4.0,2020-05-21T09:55:37
Trachemys scripta elegans,Texas,29.330195,-94.769365,,2021-03-25T12:30
Trachemys scripta elegans,Texas,29.716963,-95.393045,10.0,2020-08-13T18:12:22Z
Trachemys scripta elegans,Texas,29.37403,-95.60661,,2015-04-17T10:45
Trachemys scripta elegans,Oklahoma,36.222109,-95.925174,8.0,2020-09-13T11:24
Trachemys scripta elegans,Louisiana,30.110673,-92.811073,31.0,2021-03-15T15:09
Trachemys scripta elegans,Texas,30.61415,-96.332613,,2021-03-13T10:25
Trachemys scripta elegans,Texas,29.766783,-95.450578,20.0,2021-03-23T16:48:25Z
Trachemys scripta elegans,Texas,29.766567,-95.450753,4.0,2021-03-23T16:42:24Z
Trachemys scripta elegans,Arkansas,35.303092,-94.336682,238.0,2021-03-19T13:00:35Z
Trachemys scripta elegans,Texas,29.61563,-95.516606,196.0,2021-03-16T14:37
Trachemys scripta elegans,Texas,32.618484,-95.457491,141.0,2021-03-22T14:45Z
Trachemys scripta elegans,Mississippi,30.348482,-88.710825,573.0,2021-03-20T13:36
Trachemys scripta elegans,Oklahoma,36.131714,-95.973922,5.0,2020-04-09T16:13:55Z
Trachemys scripta elegans,Louisiana,30.354534,-93.105402,29382.0,2019-04-08T19:25:58
Trachemys scripta elegans,Louisiana,30.370888,-89.947278,346842.0,2018-06-16T10:08
Trachemys scripta elegans,Louisiana,30.409307,-91.166917,65.0,2021-03-16T11:06:29Z
Trachemys scripta elegans,Louisiana,30.020589,-90.155411,,2021-03-16T12:38:30
Trachemys scripta elegans,Texas,31.419394,-95.97563,15.0,2021-03-13T17:35
Trachemys scripta elegans,Texas,30.812378,-95.129118,7.0,2021-03-16T15:39:01Z
Trachemys scripta elegans,Texas,29.833538,-94.699224,39.0,2021-03-13T15:16:06
Trachemys scripta elegans,Texas,32.631582,-95.458826,50.0,2021-03-11T13:15Z
Trachemys scripta elegans,Texas,29.427366,-94.675216,5527.0,2021-03-16T14:40:18Z
Trachemys scripta elegans,Texas,29.613973,-94.539022,8.0,2021-03-13T10:46:06
Trachemys scripta elegans,Texas,29.84812,-95.601722,,2021-03-18T14:55:28
Trachemys scripta elegans,Texas,29.771367,-95.569512,10.0,2021-03-16T13:35:56Z
Trachemys scripta elegans,Texas,29.765098,-95.451697,213.0,2021-03-13T09:47
Trachemys scripta elegans,Arkansas,33.346525,-93.182265,33.0,2021-03-17T15:35
Trachemys scripta elegans,Texas,30.812346,-95.129312,44.0,2021-03-16T09:32:29Z
Trachemys scripta elegans,Texas,29.525337,-95.804314,486.0,2021-03-13T09:21
Trachemys scripta elegans,Texas,29.601263,-95.07533,1114.0,2021-03-18T15:07:33Z
Trachemys scripta elegans,Louisiana,32.604023,-92.050551,23.0,2021-03-14T13:57:30
Trachemys scripta elegans,Louisiana,30.42044,-91.171972,9.0,2021-03-15T14:30:32
Trachemys scripta elegans,Arkansas,35.301806,-93.155272,193.0,2021-03-15T22:16
Trachemys scripta elegans,Tennessee,35.090314,-89.66073,341.0,2021-03-14T13:42
Trachemys scripta elegans,Texas,33.346467,-95.267038,8.0,2021-03-13T14:07:56
Trachemys scripta elegans,Texas,30.832365,-94.150788,196.0,2021-03-16T13:09
Trachemys scripta elegans,Georgia,31.032275,-81.416655,3.0,2021-03-09T10:12:04
Trachemys scripta elegans,Texas,29.806641,-95.765534,858.0,2021-02-22T05:04
Trachemys scripta elegans,Louisiana,30.408317,-91.163607,196.0,2021-03-14T13:46
Trachemys scripta elegans,Texas,29.646647,-95.34099,29458.0,2021-03-13T13:15
Trachemys scripta elegans,Texas,29.655551,-95.766254,366.0,2021-03-15T15:45
Trachemys scripta elegans,Texas,29.764911,-95.452122,,2021-03-17T16:59:43
Trachemys scripta elegans,Texas,29.525337,-95.804314,486.0,2021-03-13T09:47
Trachemys scripta elegans,Louisiana,30.391011,-90.115954,10.0,2021-03-12T12:24
Trachemys scripta elegans,Texas,29.6127,-94.533766,202.0,2021-03-13T16:49:48
Trachemys scripta elegans,Texas,32.788793,-96.151757,6.0,2021-03-14T14:52Z
Trachemys scripta elegans,Louisiana,32.732212,-92.346529,24.0,2021-03-15T09:56:22
Trachemys scripta elegans,Louisiana,30.118215,-93.110396,31.0,2021-03-13T13:16
Trachemys scripta elegans,Texas,29.806641,-95.765534,858.0,2021-02-15T00:51
Trachemys scripta elegans,Tennessee,35.139105,-89.809521,839.0,2021-03-14T15:09
Trachemys scripta elegans,Louisiana,30.391092,-90.115936,10.0,2021-03-12T12:23
Trachemys scripta elegans,Louisiana,30.118747,-93.109787,8.0,2021-02-28T10:14
Trachemys scripta elegans,Texas,29.525337,-95.804314,486.0,2021-03-13T08:43
Trachemys scripta elegans,Texas,32.678751,-95.467807,10754.0,2021-03-11T14:45Z
Trachemys scripta elegans,Texas,29.525337,-95.804314,486.0,2021-03-13T09:49
Trachemys scripta elegans,Texas,30.812331,-95.129432,36.0,2021-03-16T09:33:07Z
Trachemys scripta elegans,Texas,29.771552,-95.57018,38.0,2021-03-04T15:48:52
Trachemys scripta elegans,Texas,31.37515,-94.728399,400.0,2021-03-14
Trachemys scripta elegans,Louisiana,30.391092,-90.115936,10.0,2021-03-12T12:23
Trachemys scripta elegans,Texas,31.37515,-94.728399,400.0,2021-03-04
Trachemys scripta elegans,North Carolina,35.903307,-81.525247,31.0,2021-03-03T15:15
Trachemys scripta elegans,Louisiana,30.409413,-91.175753,5.0,2021-03-11T09:50:19Z
Trachemys scripta elegans,Texas,32.475646,-95.291528,3.0,2021-03-04T12:06
Trachemys scripta elegans,Texas,29.374231,-95.604216,197.0,2021-03-06T13:00:15Z
Trachemys scripta elegans,Texas,29.595167,-95.072608,4.0,2021-03-07T15:39
Trachemys scripta elegans,Texas,31.770131,-95.664589,195.0,2021-03-08T10:15
Trachemys scripta elegans,Arkansas,36.105667,-94.190742,,2021-03-06T14:28:58
Trachemys scripta elegans,Louisiana,31.594602,-91.615112,9.0,2021-03-11T10:33:22
Trachemys scripta elegans,Texas,29.718805,-95.392556,32.0,2021-02-28T16:33:53Z
Trachemys scripta elegans,Texas,29.587807,-96.339819,122.0,2021-03-04T16:46
Trachemys scripta elegans,Texas,29.890929,-95.340474,387.0,2021-03-06T16:56
Trachemys scripta elegans,Texas,32.826972,-96.324745,6.0,2021-03-08T15:51:04
Trachemys scripta elegans,Texas,32.595552,-95.409,2.0,2021-03-08T15:11
Trachemys scripta elegans,Mississippi,30.369195,-89.61107,163.0,2021-03-04T12:03
Trachemys scripta elegans,Texas,30.619277,-95.533937,299.0,2021-03-06T12:25
Trachemys scripta elegans,Texas,29.595434,-95.07277,1.0,2021-02-07T14:20
Trachemys scripta elegans,Texas,29.614316,-94.548729,8.0,2021-03-03T15:12
Trachemys scripta elegans,Texas,29.374192,-95.614646,8.0,2021-03-02T13:48
Trachemys scripta elegans,Mississippi,30.369195,-89.61107,163.0,2021-03-04T12:13
Trachemys scripta elegans,Texas,29.374189,-95.602958,,2021-03-10T13:06
Trachemys scripta elegans,Texas,32.682823,-95.471342,9489.0,2021-03-11T14:54Z
Trachemys scripta elegans,North Carolina,35.61213,-82.42745,,2021-02-24T12:26:53
Trachemys scripta elegans,Texas,32.088755,-96.071604,137.0,2021-03-07T13:50
Trachemys scripta elegans,Mississippi,30.369195,-89.61107,163.0,2021-03-05T12:21
Trachemys scripta elegans,Texas,29.060776,-95.267788,,2021-03-08T11:15
Trachemys scripta elegans,Texas,29.595426,-95.072795,1.0,2021-03-07T13:30
Trachemys scripta elegans,Mississippi,30.371593,-89.611286,1235.0,2021-02-26T11:19:34
Trachemys scripta elegans,Texas,30.656792,-94.909872,15.0,2021-02-28T15:34Z
Trachemys scripta elegans,Oklahoma,36.17624,-96.021571,42.0,2021-02-27T15:56
Trachemys scripta elegans,Texas,32.585753,-95.41551,2.0,2021-03-08T13:46
Trachemys scripta elegans,Texas,29.610899,-94.555929,61.0,2021-03-08T09:21
Trachemys scripta elegans,Texas,29.564129,-95.120819,4.0,2021-02-22T18:12
Trachemys scripta elegans,Texas,31.374565,-94.728777,400.0,2021-02-26
Trachemys scripta elegans,Texas,31.37515,-94.728399,400.0,2021-03-08
Trachemys scripta elegans,Texas,32.653447,-95.473184,6232.0,2021-03-11T14:12Z
Trachemys scripta elegans,Texas,29.771469,-95.569572,20.0,2021-03-06T15:54
Trachemys scripta elegans,Mississippi,30.374798,-88.533098,2.0,2021-02-28T14:03
Trachemys scripta elegans,Alabama,34.725053,-86.643483,394.0,2021-02-10T12:52
Trachemys scripta elegans,Texas,29.766014,-95.442893,,2021-03-10T09:25:20
Trachemys scripta elegans,Texas,29.611453,-94.546086,31.0,2021-03-08T10:17
Trachemys scripta elegans,Texas,30.167846,-95.495325,1464756.0,2021-03-06T15:17:35Z
Trachemys scripta elegans,Mississippi,30.369195,-89.61107,163.0,2021-03-04T12:03
Trachemys scripta elegans,Mississippi,30.369195,-89.61107,163.0,2021-03-04T12:04
Trachemys scripta elegans,Texas,29.803731,-95.697296,357.0,2021-02-26T11:30:17
Trachemys scripta elegans,Texas,31.444169,-94.692841,1703.0,2021-03-11
Trachemys scripta elegans,Texas,29.374245,-95.608843,,2021-03-10T12:35
Trachemys scripta elegans,Texas,30.613723,-95.534367,25.0,2021-03-06T17:43:59
Trachemys scripta elegans,Texas,32.475646,-95.291419,,2021-03-09T11:16
Trachemys scripta elegans,Texas,30.077958,-95.565855,4.0,2021-03-06T13:44:09Z
Trachemys scripta elegans,Texas,29.655551,-95.766254,366.0,2021-01-19T16:49
Trachemys scripta elegans,Mississippi,30.369195,-89.61107,163.0,2021-03-11T12:33
Trachemys scripta elegans,Mississippi,30.374798,-88.533098,2.0,2021-02-28T14:03
Trachemys scripta elegans,Texas,29.373847,-95.623417,622.0,2021-03-04T11:47:07
Trachemys scripta elegans,Louisiana,30.4152,-91.157852,,2020-05-31T08:57:38
Trachemys scripta elegans,Texas,32.741806,-95.371335,29066.0,2021-01-03T14:25
Trachemys scripta elegans,Oklahoma,36.795919,-95.935539,3460.0,2020-04-08T15:28
Trachemys scripta elegans,Texas,29.9359,-95.679257,31.0,2021-02-23T11:08
Trachemys scripta elegans,Alabama,33.555721,-86.696933,4.0,2021-03-06T13:20:09
Trachemys scripta elegans,Texas,32.475798,-95.298725,7.0,2021-03-04T11:30
Trachemys scripta elegans,Texas,29.803441,-95.697536,357.0,2021-02-26T11:25:43
Trachemys scripta elegans,Texas,31.444169,-94.692841,1923.0,2021-03-03
Trachemys scripta elegans,Texas,29.804471,-95.819789,184.0,2021-01-27T02:07
Trachemys scripta elegans,Texas,29.808759,-95.793248,205.0,2021-02-21T00:56
Trachemys scripta elegans,Texas,29.594894,-95.259574,2.0,2021-02-20T14:17
Trachemys scripta elegans,Texas,29.595104,-95.259256,4.0,2021-02-20T14:11
Trachemys scripta elegans,South Carolina,34.861313,-82.491645,4.0,2021-02-23T14:39:08
Trachemys scripta elegans,Florida,30.263475,-81.714912,6.0,2021-02-25T13:31:01
Trachemys scripta elegans,Florida,30.401785,-86.427583,65.0,2021-01-28T22:28:36
Trachemys scripta elegans,Texas,29.856319,-95.164976,31.0,2021-02-23T14:37
Trachemys scripta elegans,Arkansas,35.360394,-90.232037,99.0,2016-08-02T14:19
Trachemys scripta elegans,Florida,30.40178,-86.427515,65.0,2021-01-28T22:28:15
Trachemys scripta elegans,Texas,29.699578,-95.451702,215.0,2021-02-24T08:08
Trachemys scripta elegans,Georgia,33.973639,-84.147251,1347.0,2021-02-25T13:13:11
Trachemys scripta elegans,Texas,29.591747,-95.26038,2.0,2021-02-20T14:48
Trachemys scripta elegans,Texas,29.802787,-95.696664,18483.0,2021-02-24T05:35
Trachemys scripta elegans,Texas,29.759888,-95.404677,,2021-02-25T09:09
Trachemys scripta elegans,Tennessee,35.05958,-90.14102,308.0,2016-08-04T06:47
Trachemys scripta elegans,Texas,29.598443,-95.622552,8142.0,2021-01-31T09:33
Trachemys scripta elegans,Florida,29.633686,-82.367289,202.0,2021-02-13T11:43Z
Trachemys scripta elegans,Texas,29.68846,-95.272579,108.0,2021-02-07T15:25
Trachemys scripta elegans,Louisiana,30.391342,-90.115948,13.0,2021-02-22T13:11
Trachemys scripta elegans,Texas,30.600525,-96.323738,5.0,2021-02-21T17:35:31
Trachemys scripta elegans,Texas,29.688246,-95.272697,112.0,2021-02-07T15:25
Trachemys scripta elegans,Texas,29.857377,-95.162338,2.0,2021-02-23T14:03
Trachemys scripta elegans,Alabama,34.203728,-87.187081,22.0,2021-02-12T18:23:04Z
Trachemys scripta elegans,Tennessee,36.444737,-89.352452,55.0,2016-08-01T08:03
Trachemys scripta elegans,Mississippi,30.369195,-89.61107,163.0,2021-02-09T11:31
Trachemys scripta elegans,Texas,28.982424,-96.013782,8.0,2021-02-07T09:58
Trachemys scripta elegans,Texas,29.762425,-95.450067,7.0,2021-02-06T15:21:23
Trachemys scripta elegans,Texas,31.37515,-94.728399,400.0,2021-02-05
Trachemys scripta elegans,Texas,29.761982,-95.397347,,2021-02-08T10:38
Trachemys scripta elegans,Mississippi,30.369195,-89.61107,163.0,2021-02-09T11:29
Trachemys scripta elegans,Texas,29.767075,-95.451969,24.0,2021-02-03T12:45
Trachemys scripta elegans,Texas,30.137114,-95.574845,15.0,2021-01-12T12:54Z
Trachemys scripta elegans,Texas,32.717279,-96.257746,29066.0,2021-02-04T11:56:06Z
Trachemys scripta elegans,Texas,29.717705,-95.393331,10.0,2021-02-08T12:20
Trachemys scripta elegans,Tennessee,36.444591,-89.352477,85.0,2016-07-31T11:07
Trachemys scripta elegans,Texas,29.71753,-95.393353,10.0,2021-02-08T12:19
Trachemys scripta elegans,Tennessee,35.945942,-83.937112,14.0,2021-02-10T12:59:52
Trachemys scripta elegans,Texas,32.629139,-95.463028,2.0,2021-02-04T17:14
Trachemys scripta elegans,Texas,29.613922,-94.552517,15.0,2021-01-28T11:19
Trachemys scripta elegans,Texas,29.758985,-95.436811,83.0,2021-01-30T13:34
Trachemys scripta elegans,Texas,29.762117,-95.44997,39.0,2021-01-31T14:35
Trachemys scripta elegans,Texas,29.766904,-95.452165,3.0,2021-01-29T16:29
Trachemys scripta elegans,Florida,29.132606,-81.002039,4.0,2018-11-17T11:30
Trachemys scripta elegans,Florida,29.192983,-81.038307,10.0,2019-04-06T14:19
Trachemys scripta elegans,Mississippi,30.929059,-89.401044,3299.0,2021-01-30T12:24:08
Trachemys scripta elegans,Florida,29.132693,-81.002112,5.0,2018-11-17T11:30
Trachemys scripta elegans,Texas,31.624162,-94.645072,5.0,2020-10-22T11:24:56
Trachemys scripta elegans,Texas,30.300417,-95.804111,2.0,2021-01-30T13:23
Trachemys scripta elegans,Florida,29.192976,-81.038277,10.0,2019-04-06T14:06
Trachemys scripta elegans,Texas,29.563702,-95.123119,8.0,2021-01-31T15:28
Trachemys scripta elegans,Florida,29.132023,-81.004416,16.0,2018-11-17T11:47
Trachemys scripta elegans,Texas,31.37515,-94.728399,400.0,2021-02-05
Trachemys scripta elegans,South Carolina,34.87532,-82.49257,4.0,2021-02-09T14:03:13
Trachemys scripta elegans,Texas,29.766792,-95.450617,22.0,2021-02-03T11:15
Trachemys scripta elegans,Texas,29.583118,-95.412659,30.0,2021-01-29T18:19
Trachemys scripta elegans,Florida,29.193066,-81.03846,10.0,2019-03-29T16:14
Trachemys scripta elegans,Louisiana,30.186211,-93.245811,,2019-07-12T09:41:54
Trachemys scripta elegans,Texas,29.718357,-95.391004,540.0,2021-01-31T12:13:15
Trachemys scripta elegans,Texas,29.690355,-95.438841,50.0,2021-01-31T16:29
Trachemys scripta elegans,Texas,29.806109,-95.820047,384.0,2021-02-01T09:16
Trachemys scripta elegans,Florida,29.195193,-81.03555,7.0,2019-03-29T17:14
Trachemys scripta elegans,Texas,29.563812,-95.122885,4.0,2021-01-31T15:41
Trachemys scripta elegans,Mississippi,30.369195,-89.61107,163.0,2021-02-08T11:28
Trachemys scripta elegans,Mississippi,30.371336,-89.611004,1192.0,2021-02-09T12:39:45
Trachemys scripta elegans,Louisiana,30.203161,-91.901241,187.0,2019-12-19T10:17
Trachemys scripta elegans,Texas,29.766986,-95.450582,24.0,2021-02-03T11:10
Trachemys scripta elegans,Louisiana,29.913287,-91.909077,8.0,2019-03-14T11:42
Trachemys scripta elegans,Texas,29.766902,-95.450564,8.0,2021-01-29T17:07
Trachemys scripta elegans,Texas,30.614201,-96.332665,,2021-02-01T13:28
Trachemys scripta elegans,Texas,29.753275,-96.064067,2000.0,2021-01-30T10:37
Trachemys scripta elegans,Florida,29.192969,-81.038294,10.0,2019-03-29T16:53
Trachemys scripta elegans,Florida,29.193024,-81.03847,6.0,2019-03-08T16:13
Trachemys scripta elegans,Florida,29.192968,-81.038326,10.0,2019-03-29T16:52
Trachemys scripta elegans,Mississippi,30.353759,-89.135958,90.0,2021-01-28T18:07
Trachemys scripta elegans,Texas,29.947729,-95.852046,,2021-01-29T11:52:13
Trachemys scripta elegans,Texas,29.764404,-95.451405,370.0,2021-01-20T15:41
Trachemys scripta elegans,Louisiana,30.257798,-91.986643,198.0,2021-01-27T12:06
Trachemys scripta elegans,Louisiana,30.369815,-91.104636,4.0,2021-01-16T16:27
Trachemys scripta elegans,Texas,29.595439,-95.072774,2.0,2021-01-18T11:41
Trachemys scripta elegans,Arkansas,35.304442,-93.165642,4.0,2021-01-25T13:39
Trachemys scripta elegans,Texas,29.585862,-95.110547,,2021-01-28T17:12:39
Trachemys scripta elegans,Texas,30.870107,-94.176374,31.0,2021-01-22T11:58
Trachemys scripta elegans,Texas,29.668677,-95.432276,29458.0,2020-07-03T14:35
Trachemys scripta elegans,Texas,29.417688,-94.895122,31.0,2021-01-02T03:26
Trachemys scripta elegans,Texas,29.061899,-95.268483,12.0,2019-04-21T12:22
Trachemys scripta elegans,Florida,29.193059,-81.03845,5.0,2019-07-27T13:46
Trachemys scripta elegans,Texas,29.806147,-95.819746,384.0,2021-01-25T09:20
Trachemys scripta elegans,Texas,30.006387,-95.519054,51.0,2021-01-25T13:36:13Z
Trachemys scripta elegans,Texas,32.852679,-95.891539,15.0,2021-01-26T14:00
Trachemys scripta elegans,Texas,30.211159,-95.513934,24.0,2021-01-24T13:50Z
Trachemys scripta elegans,Texas,29.614264,-94.55065,31.0,2020-12-26T12:25
Trachemys scripta elegans,Florida,29.231962,-81.052881,14.0,2019-11-09T16:36
Trachemys scripta elegans,Florida,29.232194,-81.052993,13.0,2019-11-09T16:36
Trachemys scripta elegans,Florida,29.192938,-81.038267,5.0,2019-04-30T13:33
Trachemys scripta elegans,Florida,29.192969,-81.038338,4.0,2019-04-30T13:33
Trachemys scripta elegans,Louisiana,30.368602,-91.183186,7.0,2021-01-26T15:37:49Z
Trachemys scripta elegans,Texas,29.762344,-95.450079,16.0,2020-07-31T19:07
Trachemys scripta elegans,Texas,30.095947,-95.397319,20.0,2021-01-23T11:54:07Z
Trachemys scripta elegans,Texas,31.37515,-94.728399,400.0,2021-01-20
Trachemys scripta elegans,Texas,30.042367,-96.005122,,2021-01-26T13:48:50
Trachemys scripta elegans,Texas,29.595403,-95.25885,13.0,2021-01-27T10:52:02Z
Trachemys scripta elegans,Texas,29.806147,-95.819746,384.0,2021-01-25T09:25
Trachemys scripta elegans,Texas,30.0544,-95.467008,4.0,2021-01-25T13:31:03
Trachemys scripta elegans,Texas,29.806147,-95.819746,384.0,2021-01-25T09:20
Trachemys scripta elegans,Texas,29.37316,-95.625459,290.0,2020-12-25T15:15
Trachemys scripta elegans,Texas,29.76537,-95.452424,166.0,2021-01-23T15:41:34Z
Trachemys scripta elegans,Louisiana,32.002035,-91.947376,1326.0,2020-06-22T19:18:44
Trachemys scripta elegans,Florida,29.192959,-81.038284,6.0,2019-11-29T16:43
Trachemys scripta elegans,Florida,29.192945,-81.038312,10.0,2019-04-16T11:16
Trachemys scripta elegans,Florida,29.13187,-81.002989,6.0,2019-04-07T14:15
Trachemys scripta elegans,Florida,29.132823,-81.002083,8.0,2019-04-07T14:29
Trachemys scripta elegans,Florida,29.132887,-81.00212,7.0,2019-04-07T14:29
Trachemys scripta elegans,Oklahoma,36.122985,-95.98549,201.0,2020-07-22
Trachemys scripta elegans,Florida,29.195163,-81.035522,23.0,2019-04-16T11:07
Trachemys scripta elegans,Florida,29.193481,-81.03716,29.0,2019-11-29T16:58
Trachemys scripta elegans,Florida,29.109072,-80.977158,20.0,2019-11-24T16:22
Trachemys scripta elegans,Florida,29.19297,-81.038287,4.0,2019-04-30T13:33
Trachemys scripta elegans,Texas,29.917955,-95.15038,,2021-01-04T17:24
Trachemys scripta elegans,Texas,30.026584,-95.294873,65.0,2021-01-03T14:01:20
Trachemys scripta elegans,Texas,33.008712,-94.695893,2.0,2019-02-24T11:18
Trachemys scripta elegans,Texas,29.38009,-95.611755,4.0,2021-01-04T16:18
Trachemys scripta elegans,Texas,29.569946,-95.120375,,2020-12-28T13:01:46Z
Trachemys scripta elegans,Louisiana,29.948747,-93.070438,31.0,2021-01-05T12:39
Trachemys scripta elegans,Oklahoma,36.122989,-95.98549,201.0,2020-07-01
Trachemys scripta elegans,Florida,30.316592,-81.681377,,2021-01-03T13:03:55
Trachemys scripta elegans,Texas,29.372888,-95.596067,3.0,2020-12-27T16:15
Trachemys scripta elegans,Texas,29.373453,-95.627077,,2020-12-29T15:25
Trachemys scripta elegans,Texas,30.070394,-95.153315,10.0,2020-12-25T14:50
Trachemys scripta elegans,Arkansas,36.326182,-92.381362,28208.0,2020-12-27T15:50
Trachemys scripta elegans,Texas,29.887288,-95.614455,6.0,2020-12-28T07:59:33Z
Trachemys scripta elegans,Louisiana,30.81655,-91.265205,9924.0,2020-05-02T16:05:45Z
Trachemys scripta elegans,Texas,29.87698,-95.49044,6.0,2020-12-21T11:56
Trachemys scripta elegans,Texas,29.373367,-95.627105,8.0,2020-12-27T14:24
Trachemys scripta elegans,Texas,29.806641,-95.765534,858.0,2020-12-07T20:44
Trachemys scripta elegans,Texas,31.37515,-94.728399,400.0,2020-12-25
Trachemys scripta elegans,Texas,31.374308,-94.727747,400.0,2020-12-27
Trachemys scripta elegans,Texas,31.37515,-94.728399,400.0,2020-12-29
Trachemys scripta elegans,Oklahoma,36.236404,-94.702011,7813.0,2020-12-26T14:50
Trachemys scripta elegans,Texas,29.703076,-95.564967,20.0,2020-12-23T10:58
Trachemys scripta elegans,Texas,28.982163,-96.013734,2.0,2020-12-20T11:08
Trachemys scripta elegans,Louisiana,30.053131,-91.594663,4.0,2020-12-21T12:17:51
Trachemys scripta elegans,Texas,32.629008,-95.463676,4.0,2020-12-20T14:45
Trachemys scripta elegans,Texas,32.62921,-95.461331,3.0,2020-12-20T16:17
Trachemys scripta elegans,Louisiana,29.894378,-89.97667,,2020-12-19T19:33
Trachemys scripta elegans,Illinois,37.555709,-89.441049,15.0,2020-12-22T16:13
Trachemys scripta elegans,Louisiana,29.894378,-89.97667,,2020-12-19T16:57
Trachemys scripta elegans,Texas,31.37515,-94.728399,400.0,2020-12-22
Trachemys scripta elegans,Texas,29.762438,-95.450084,10.0,2020-12-18T13:20
Trachemys scripta elegans,Texas,29.585495,-96.336568,2.0,2020-12-21T13:36
Trachemys scripta elegans,Mississippi,30.395712,-88.792155,1167.0,2020-12-13T11:14
Trachemys scripta elegans,Georgia,33.770047,-84.336067,10.0,2019-05-13T11:36Z
Trachemys scripta elegans,Arkansas,36.345633,-94.174393,65.0,2020-07-20T14:20
Trachemys scripta elegans,Texas,30.13693,-95.575849,15.0,2020-12-08T11:27Z
Trachemys scripta elegans,Texas,31.37515,-94.728399,400.0,2020-12-17
Trachemys scripta elegans,Missouri,37.26131,-93.247461,3.0,2020-04-06T12:35:54
Trachemys scripta elegans,Texas,29.806641,-95.765534,858.0,2020-11-20T23:07
Trachemys scripta elegans,Texas,29.751454,-95.087592,357.0,2020-12-08T16:34:11
Trachemys scripta elegans,Texas,30.573887,-96.36393,4.0,2020-12-17T11:29
Trachemys scripta elegans,Texas,29.804471,-95.819789,184.0,2020-12-08T21:48
Trachemys scripta elegans,Texas,30.137619,-95.470453,3076.0,2020-11-27T13:06
Trachemys scripta elegans,Texas,29.609042,-94.551774,919.0,2020-11-17T12:57
Trachemys scripta elegans,Texas,29.765204,-95.452089,233.0,2020-12-09T15:13
Trachemys scripta elegans,Oklahoma,36.301857,-95.682977,421.0,2020-10-19T18:00Z
Trachemys scripta elegans,Oklahoma,36.261183,-95.593345,22.0,2020-08-27T19:49:14Z
Trachemys scripta elegans,Texas,31.376397,-94.729559,28.0,2020-12-07
Trachemys scripta elegans,Texas,31.37518,-94.728323,400.0,2020-12-10
Trachemys scripta elegans,Arkansas,35.218128,-92.925667,30.0,2020-09-06T11:35
Trachemys scripta elegans,Oklahoma,33.73961,-94.653543,2104.0,2020-04-26T15:22:28
Trachemys scripta elegans,Oklahoma,36.26073,-95.592858,18.0,2020-08-27T10:31:37Z
Trachemys scripta elegans,Texas,29.823714,-95.623457,3230.0,2020-11-21T16:59
Trachemys scripta elegans,Texas,30.235129,-95.482881,182.0,2018-01-28
Trachemys scripta elegans,Texas,30.573902,-96.363969,2.0,2020-12-09T11:58
Trachemys scripta elegans,Texas,29.765204,-95.452089,233.0,2020-12-09T15:13
Trachemys scripta elegans,Texas,30.573892,-96.363918,2.0,2020-12-09T11:58
Trachemys scripta elegans,Louisiana,30.03031,-89.984859,9.0,2020-11-24T12:27:51Z
Trachemys scripta elegans,Texas,30.591462,-96.335408,6.0,2019-04-05T21:27:10
Trachemys scripta elegans,Oklahoma,36.223543,-95.902814,5.0,2018-04-28T14:07:57
Trachemys scripta elegans,Texas,32.629012,-95.463225,17.0,2020-07-24T13:25
Trachemys scripta elegans,Texas,31.275931,-94.347799,17775.0,2020-12-03T12:11:27Z
Trachemys scripta elegans,Oklahoma,36.26073,-95.592858,18.0,2020-08-27T15:31:37Z
Trachemys scripta elegans,Oklahoma,36.288945,-95.618063,3246.0,2020-08-28T10:49:07Z
Trachemys scripta elegans,Tennessee,35.845621,-86.39027,13651.0,2020-09-25T14:40
Trachemys scripta elegans,Louisiana,30.211725,-93.177372,,2020-11-17T10:40:38
Trachemys scripta elegans,Louisiana,30.05031,-89.878017,100.0,2015-03-13T13:23
Trachemys scripta elegans,Texas,30.026635,-95.294932,15.0,2020-11-14T12:40
Trachemys scripta elegans,Arkansas,36.495799,-91.535512,193.0,2020-11-23T15:12
Trachemys scripta elegans,Tennessee,35.838812,-86.387363,,2020-11-24T14:56
Trachemys scripta elegans,Texas,29.964522,-95.61515,23.0,2020-11-21T12:46:12
Trachemys scripta elegans,Texas,30.60132,-96.360193,,2020-11-17T13:55
Trachemys scripta elegans,Texas,31.37515,-94.728399,400.0,2020-11-25
Trachemys scripta elegans,Texas,29.718819,-95.392478,15.0,2020-11-14T10:31
Trachemys scripta elegans,Texas,31.37515,-94.728399,400.0,2020-11-14
Trachemys scripta elegans,Oklahoma,36.318492,-96.025192,20.0,2020-06-14T15:02:17
Trachemys scripta elegans,Arkansas,36.495799,-91.535512,193.0,2020-11-23T14:52
Trachemys scripta elegans,Arkansas,35.262228,-92.854075,5.0,2018-06-13T10:47
Trachemys scripta elegans,Texas,32.629012,-95.463225,17.0,2020-07-24T13:24
Trachemys scripta elegans,Texas,29.766653,-95.450514,,2020-11-22T13:55:42
Trachemys scripta elegans,Texas,29.6292,-95.642228,,2020-11-01T10:15:44
Trachemys scripta elegans,Arkansas,36.315545,-94.191938,192.0,2020-11-04T11:54
Trachemys scripta elegans,Texas,31.373459,-94.72919,100.0,2020-11-01
Trachemys scripta elegans,Tennessee,35.498681,-89.261031,175.0,2020-11-08T11:25
Trachemys scripta elegans,Tennessee,35.139105,-89.809521,839.0,2020-11-16T13:43
Trachemys scripta elegans,Tennessee,35.139105,-89.809521,839.0,2020-11-13T14:57
Trachemys scripta elegans,Texas,31.373624,-94.729423,36.0,2020-11-16
Trachemys scripta elegans,Texas,31.37515,-94.728399,400.0,2020-11-08
Trachemys scripta elegans,Texas,29.595197,-95.259072,2.0,2020-11-08T13:31:24
Trachemys scripta elegans,Arkansas,35.83735,-90.683882,9.0,2020-10-13T12:03:21Z
Trachemys scripta elegans,Georgia,33.718965,-84.509687,65.0,2020-11-11T14:43:35
Trachemys scripta elegans,Texas,29.764035,-95.453316,10.0,2020-11-08T11:56:34
Trachemys scripta elegans,Texas,29.911719,-95.678408,623.0,2020-10-22T14:23
Trachemys scripta elegans,Arkansas,34.254037,-93.132709,30.0,2020-09-23T08:08:42Z
Trachemys scripta elegans,Oklahoma,33.749917,-94.642237,5.0,2020-05-03T11:09:52
Trachemys scripta elegans,Oklahoma,36.07315,-95.994718,1753.0,2020-04-08T16:46
Trachemys scripta elegans,Texas,29.762475,-95.512749,65.0,2020-11-08T12:36:01Z
Trachemys scripta elegans,Texas,31.624279,-94.645069,80.0,2020-11-09T11:44:19Z
Trachemys scripta elegans,Mississippi,30.782617,-89.780617,2.0,2020-11-11T15:14
Trachemys scripta elegans,Tennessee,36.056864,-86.797402,195.0,2020-03-13T23:09
Trachemys scripta elegans,Louisiana,30.276549,-89.94651,1362.0,2020-11-04T22:12:10Z
Trachemys scripta elegans,Louisiana,29.947998,-93.076175,801.0,2018-03-17T13:13
Trachemys scripta elegans,Louisiana,30.391253,-90.116003,,2020-10-30T12:57:08
Trachemys scripta elegans,Louisiana,29.947998,-93.076175,801.0,2018-03-17T12:42
Trachemys scripta elegans,Louisiana,29.795763,-90.822871,5125.0,2020-08-29T17:59
Trachemys scripta elegans,Louisiana,29.947998,-93.076175,801.0,2018-03-17T13:16
Trachemys scripta elegans,Texas,29.405017,-95.118539,30.0,2020-11-08T16:52:33Z
Trachemys scripta elegans,Texas,29.911719,-95.678408,623.0,2020-10-22T14:23
Trachemys scripta elegans,Texas,29.57195,-94.389918,200.0,2020-11-06T13:14:35
Trachemys scripta elegans,Texas,29.572869,-94.3907,361.0,2017-04-29T10:34
Trachemys scripta elegans,Texas,30.573509,-96.364269,8.0,2020-11-04T11:08
Trachemys scripta elegans,Texas,30.51046,-95.661729,205.0,2016-05-04T14:56
Trachemys scripta elegans,Texas,31.37515,-94.728399,400.0,2020-11-02
Trachemys scripta elegans,Texas,29.890628,-95.610222,6.0,2020-10-30T08:32:50Z
Trachemys scripta elegans,Texas,29.609658,-94.551997,425.0,2020-11-01T09:21
Trachemys scripta elegans,Texas,29.60262,-94.447542,,2020-10-30T06:04
Trachemys scripta elegans,Arkansas,36.315545,-94.191938,192.0,2020-11-04T12:08
Trachemys scripta elegans,Texas,29.911424,-95.789126,1880.0,2020-11-05T10:37
Trachemys scripta elegans,Texas,29.574387,-94.390212,,2020-11-06T12:12:47
Trachemys scripta elegans,Louisiana,30.369056,-91.185275,,2020-10-30T14:44
Trachemys scripta elegans,South Carolina,34.683027,-82.825925,2059.0,2020-10-31T14:15:46
Trachemys scripta elegans,Texas,30.719533,-96.166051,,2020-10-30T13:11
Trachemys scripta elegans,Texas,29.573602,-94.389672,28.0,2020-11-01T09:29
Trachemys scripta elegans,Texas,29.984533,-95.573446,64.0,2020-10-31T13:28
Trachemys scripta elegans,Texas,30.56534,-96.367701,2.0,2020-11-02T16:12
Trachemys scripta elegans,Texas,30.744063,-96.08881,,2020-10-30T13:34
Trachemys scripta elegans,Florida,29.629262,-82.384941,315.0,2020-10-23T09:20
Trachemys scripta elegans,Texas,29.762163,-95.618327,192.0,2018-12-21T16:57
Trachemys scripta elegans,Oklahoma,33.748397,-94.651847,5.0,2020-10-23T14:21:43
Trachemys scripta elegans,Tennessee,36.436706,-89.070525,12.0,2018-05-07T07:37
Trachemys scripta elegans,Tennessee,36.425578,-89.078803,3876.0,2019-06-15T06:42
Trachemys scripta elegans,Texas,28.920742,-96.012484,16.0,2020-10-24T12:48
Trachemys scripta elegans,Mississippi,33.632393,-88.425269,22.0,2020-10-21T09:35:35
Trachemys scripta elegans,Louisiana,30.22753,-92.024169,1729.0,2020-10-25T19:00:42Z
Trachemys scripta elegans,Louisiana,32.508193,-92.167463,52.0,2018-07-24T12:54
Trachemys scripta elegans,Texas,28.914842,-95.578888,3.0,2020-10-24T13:38
Trachemys scripta elegans,Tennessee,36.362882,-89.430355,31.0,2020-10-21T12:54
Trachemys scripta elegans,Texas,32.63143,-95.458877,2.0,2020-10-21T11:47
Trachemys scripta elegans,Texas,32.629012,-95.46369,2.0,2020-10-21T12:21
Trachemys scripta elegans,Tennessee,36.486849,-89.220378,61.0,2020-10-21T10:11
Trachemys scripta elegans,Texas,32.629013,-95.463696,2.0,2020-10-21T12:21
Trachemys scripta elegans,Arkansas,34.937662,-92.414854,40.0,2020-04-06T15:02:01Z
Trachemys scripta elegans,Arkansas,36.398153,-92.571576,28563.0,2020-05-08T14:15
Trachemys scripta elegans,Texas,29.988085,-95.565047,72.0,2020-10-14T17:47
Trachemys scripta elegans,Texas,31.37515,-94.728399,440.0,2020-10-18
Trachemys scripta elegans,Arkansas,34.64452,-92.060839,15.0,2020-10-16T12:41
Trachemys scripta elegans,Texas,29.60518,-95.86965,29458.0,2020-10-17T21:10:52
Trachemys scripta elegans,Texas,31.624162,-94.645072,10.0,2020-10-22T11:24:51
Trachemys scripta elegans,Texas,29.564187,-95.120123,4.0,2020-09-23T11:59:46
Trachemys scripta elegans,Arkansas,34.74792,-92.260879,34.0,2020-04-26T14:11
Trachemys scripta elegans,Missouri,37.043762,-90.091799,8.0,2020-10-14T13:12
Trachemys scripta elegans,Louisiana,30.39025,-90.113583,,2020-10-17T12:41:52
Trachemys scripta elegans,Texas,29.708203,-95.385768,10.0,2020-10-17T09:42
Trachemys scripta elegans,Louisiana,30.39025,-90.113583,,2020-10-17T12:41:52
Trachemys scripta elegans,Missouri,37.655471,-92.066752,244.0,2020-06-25T11:38
Trachemys scripta elegans,Texas,32.629086,-95.463725,2.0,2020-10-18T15:47
Trachemys scripta elegans,Texas,29.32867,-94.769545,61.0,2020-10-11T11:03
Trachemys scripta elegans,Texas,32.629081,-95.463977,2.0,2020-10-18T15:44
Trachemys scripta elegans,Arkansas,35.242129,-91.57675,5958.0,2020-10-16T16:13
Trachemys scripta elegans,Texas,29.76442,-95.429893,186.0,2020-10-10T11:49Z
Trachemys scripta elegans,Kentucky,36.895683,-88.101758,31.0,2020-10-21T12:01
Trachemys scripta elegans,Texas,32.62906,-95.463739,2.0,2020-10-18T15:48
Trachemys scripta elegans,Illinois,37.806991,-89.405339,63.0,2020-10-17T11:37
Trachemys scripta elegans,Kentucky,36.894189,-88.102153,31.0,2020-10-13T02:14
Trachemys scripta elegans,Tennessee,36.572031,-82.234972,31.0,2020-10-09T12:40
Trachemys scripta elegans,Texas,29.71835,-95.390841,1219.0,2020-10-10T09:50
Trachemys scripta elegans,Texas,29.525204,-95.800844,203.0,2020-10-10T08:28
Trachemys scripta elegans,Texas,29.594094,-95.256609,122.0,2019-03-30T12:26
Trachemys scripta elegans,Texas,29.852852,-95.750132,29433.0,2020-10-10T17:11:03Z
Trachemys scripta elegans,Georgia,34.073415,-84.075942,70.0,2020-10-04T16:31
Trachemys scripta elegans,Arkansas,35.302711,-94.336606,187.0,2020-10-14T12:42
Trachemys scripta elegans,Texas,29.386856,-95.6035,6309.0,2020-10-11T13:00:14Z
Trachemys scripta elegans,Missouri,37.532365,-94.572072,,2020-10-09T07:52:59
Trachemys scripta elegans,Texas,29.901401,-95.816507,279.0,2020-09-25T20:57
Trachemys scripta elegans,Missouri,36.956392,-90.213778,31.0,2020-10-05T12:45
Trachemys scripta elegans,Missouri,36.953753,-90.213548,31.0,2020-10-05T12:45
Trachemys scripta elegans,Arkansas,33.245595,-93.329806,8.0,2020-10-06T10:36:12
Trachemys scripta elegans,Texas,29.823714,-95.623457,3230.0,2020-09-12T03:39
Trachemys scripta elegans,Texas,29.761392,-95.375488,,2016-11-06T14:23:01Z
Trachemys scripta elegans,Texas,29.905816,-95.795296,167.0,2020-09-25T00:12
Trachemys scripta elegans,Louisiana,29.929333,-90.124305,17.0,2020-10-05T10:49:01Z
Trachemys scripta elegans,Louisiana,30.001175,-90.094368,544.0,2020-09-20T11:10Z
Trachemys scripta elegans,Texas,29.762411,-95.450054,9.0,2020-10-07T09:56:11
Trachemys scripta elegans,Mississippi,31.301124,-89.436967,,2020-07-04T20:16:09Z
Trachemys scripta elegans,Texas,31.620601,-94.64506,1281.0,2020-10-02T12:54:36Z
Trachemys scripta elegans,Missouri,36.9578,-90.214787,15.0,2020-10-05T12:00
Trachemys scripta elegans,Texas,29.703232,-95.822977,,2020-09-29T17:30
Trachemys scripta elegans,Texas,30.211153,-95.514022,4.0,2020-10-06T15:03:47Z
Trachemys scripta elegans,Texas,29.510431,-95.135989,693.0,2020-10-04T06:15:56
Trachemys scripta elegans,Louisiana,30.362726,-91.105682,30.0,2020-10-02T13:00:14Z
Trachemys scripta elegans,Oklahoma,36.223457,-95.90303,427.0,2020-10-03T16:02
Trachemys scripta elegans,Arkansas,36.338302,-94.098619,529.0,2020-09-29T15:15
Trachemys scripta elegans,Texas,30.113565,-95.480619,4.0,2020-10-06T13:01:24Z
Trachemys scripta elegans,Texas,29.823714,-95.623457,3230.0,2020-09-19T05:36
Trachemys scripta elegans,Arkansas,36.315751,-94.188019,31.0,2020-09-30T09:57
Trachemys scripta elegans,Texas,29.588069,-95.591955,23.0,2020-09-27T17:37
Trachemys scripta elegans,Texas,31.37515,-94.728399,400.0,2020-09-30
Trachemys scripta elegans,Kentucky,36.777942,-88.063316,488.0,2020-09-26T01:45
Trachemys scripta elegans,Texas,29.767555,-95.431118,14.0,2020-09-29T13:37:11Z
Trachemys scripta elegans,Texas,30.573939,-96.363986,8.0,2020-09-28T11:47
Trachemys scripta elegans,Arkansas,36.105743,-94.190915,8.0,2020-08-09T11:44
Trachemys scripta elegans,Louisiana,32.745256,-92.423107,8.0,2020-09-27T14:09
Trachemys scripta elegans,Georgia,33.767611,-84.337875,10.0,2020-06-23T11:22Z
Trachemys scripta elegans,Texas,30.187612,-95.503825,38.0,2020-09-26T10:56:08Z
Trachemys scripta elegans,Texas,29.771003,-95.568891,170.0,2020-09-24T08:04
Trachemys scripta elegans,Texas,29.771003,-95.568891,170.0,2020-09-24T07:44
Trachemys scripta elegans,Texas,30.665295,-96.347503,,2020-09-25T14:02
Trachemys scripta elegans,Arkansas,36.338302,-94.098619,529.0,2020-09-29T14:43
Trachemys scripta elegans,Arkansas,36.105778,-94.190909,8.0,2020-08-20T10:42
Trachemys scripta elegans,Arkansas,36.105717,-94.190909,8.0,2020-08-20T08:12
Trachemys scripta elegans,Texas,29.76237,-95.450128,6.0,2020-09-25T11:36:34
Trachemys scripta elegans,Texas,29.563201,-95.121583,99.0,2020-09-29T10:23:34
Trachemys scripta elegans,Texas,29.761817,-95.450012,6.0,2020-09-25T11:25:19
Trachemys scripta elegans,Texas,29.709958,-95.821487,,2020-09-23T22:00:57Z
Trachemys scripta elegans,Texas,31.624197,-94.645103,10.0,2020-09-19T11:02:16
Trachemys scripta elegans,Texas,29.578135,-95.13066,1.0,2020-09-19T13:21
Trachemys scripta elegans,Tennessee,36.503312,-87.374279,22.0,2020-09-20T10:26:15Z
Trachemys scripta elegans,Kentucky,37.916125,-85.653532,8415.0,2020-09-19T13:48:55
Trachemys scripta elegans,Texas,30.013682,-95.556454,37.0,2020-09-18T13:13:25
Trachemys scripta elegans,Texas,29.717672,-95.39183,14.0,2020-09-23T15:19:18Z
Trachemys scripta elegans,Mississippi,32.32559,-90.156392,7.0,2019-06-14T12:43
Trachemys scripta elegans,Texas,29.806725,-95.421452,15.0,2020-08-17T14:24:32Z
Trachemys scripta elegans,Arkansas,35.090925,-92.465995,2.0,2020-09-15T10:26
Trachemys scripta elegans,Texas,30.585453,-96.301323,,2020-09-14T13:29
Trachemys scripta elegans,Texas,29.987118,-95.564163,198.0,2020-09-10T16:48
Trachemys scripta elegans,Illinois,37.29317,-89.070458,466.0,2020-08-04T09:41:15
Trachemys scripta elegans,Arkansas,36.105633,-94.190767,,2020-09-14T09:36:48
Trachemys scripta elegans,Arkansas,35.075714,-92.489954,39.0,2020-09-11T16:16
Trachemys scripta elegans,,29.160515,-87.093205,2416661.0,2020-09-01T17:59:09
Trachemys scripta elegans,Louisiana,30.409253,-91.174912,64.0,2020-09-09T16:15:43
Trachemys scripta elegans,Texas,30.631041,-96.307068,,2020-09-17T12:42
Trachemys scripta elegans,Texas,29.806641,-95.765534,858.0,2020-08-20T22:44
Trachemys scripta elegans,Texas,29.372368,-95.627587,15.0,2020-09-17T14:52
Trachemys scripta elegans,Texas,30.026628,-95.2949,4.0,2020-09-12T10:28:48Z
Trachemys scripta elegans,Texas,29.811372,-95.440405,4.0,2020-09-12T16:34:07Z
Trachemys scripta elegans,Texas,30.02667,-95.295083,21.0,2020-09-12T10:27:53Z
Trachemys scripta elegans,Texas,29.667908,-94.50681,6.0,2020-09-12T12:06:57
Trachemys scripta elegans,Texas,30.091728,-93.779096,29407.0,2020-09-12T09:56:58Z
Trachemys scripta elegans,Oklahoma,36.260788,-95.58978,1545.0,2020-08-27T15:36:34Z
Trachemys scripta elegans,Texas,29.811323,-95.440365,43.0,2020-09-12T16:30:35Z
Trachemys scripta elegans,Oklahoma,36.270339,-95.628137,3417.0,2020-08-27T15:31:37Z
Trachemys scripta elegans,Arkansas,36.446011,-94.281182,22.0,2019-06-29T14:07:04Z
Trachemys scripta elegans,Louisiana,29.866643,-93.456215,4.0,2019-06-18T07:22
Trachemys scripta elegans,Kansas,37.706744,-95.669497,1694.0,2020-09-07T08:33:04
Trachemys scripta elegans,Arkansas,34.794633,-92.251603,30.0,2020-09-08T12:07:39
Trachemys scripta elegans,Arkansas,35.09682,-92.463421,2.0,2020-09-09T08:55
Trachemys scripta elegans,Louisiana,29.757692,-93.603818,,2018-04-29T10:42
Trachemys scripta elegans,Texas,32.358811,-95.876043,17.0,2020-09-05T15:49Z
Trachemys scripta elegans,Texas,30.743666,-96.089265,,2020-09-07T11:21
Trachemys scripta elegans,Tennessee,35.970603,-83.879293,28620.0,2020-09-04T10:54:01
Trachemys scripta elegans,Louisiana,30.228833,-89.667028,8.0,2020-09-05T12:29Z
Trachemys scripta elegans,Texas,30.867812,-94.112591,89.0,2020-09-05T13:06:23
Trachemys scripta elegans,Texas,29.375806,-95.607842,588.0,2020-09-01
Trachemys scripta elegans,Georgia,33.91144,-84.322615,165.0,2020-08-31T15:12:34
Trachemys scripta elegans,Oklahoma,36.263298,-95.591846,424.0,2020-08-28T10:56:15Z
Trachemys scripta elegans,Tennessee,36.675252,-88.001326,33.0,2020-08-29T15:10:36Z
Trachemys scripta elegans,Louisiana,30.369999,-91.104556,458.0,2020-08-29T12:02
Trachemys scripta elegans,Texas,30.586068,-96.301466,2.0,2020-09-03T10:37
Trachemys scripta elegans,Oklahoma,36.261117,-95.593462,50.0,2020-08-28T10:49:01Z
Trachemys scripta elegans,Arkansas,36.267195,-92.522067,5.0,2020-08-30T14:21:30
Trachemys scripta elegans,Missouri,36.536778,-93.279922,5.0,2020-08-30T10:06:03
Trachemys scripta elegans,Texas,31.357021,-94.726355,208.0,2020-08-29
Trachemys scripta elegans,Oklahoma,36.260406,-95.592108,216.0,2020-08-28T11:16:50Z
Trachemys scripta elegans,Texas,29.761045,-95.401521,11.0,2020-08-30T17:55:36Z
Trachemys scripta elegans,Georgia,34.033536,-83.383987,13.0,2020-08-29T18:29:27
Trachemys scripta elegans,Texas,31.38862,-94.098111,,2020-06-01T13:30:04
Trachemys scripta elegans,Texas,31.388762,-94.098055,,2020-05-30T10:03:42
Trachemys scripta elegans,Texas,29.578963,-95.102875,12.0,2020-05-09T12:56:54
Trachemys scripta elegans,Texas,30.618693,-96.304363,2.0,2020-08-27T11:07
Trachemys scripta elegans,Texas,29.732621,-95.802564,159.0,2020-05-26T20:19Z
Trachemys scripta elegans,Alabama,32.597385,-85.48437,24.0,2020-08-24T16:49:43Z
Trachemys scripta elegans,Oklahoma,36.260684,-95.592834,9.0,2020-08-27T15:29:40Z
Trachemys scripta elegans,Mississippi,30.419911,-88.417985,1804.0,2018-02-21T09:54:23Z
Trachemys scripta elegans,Texas,30.466432,-95.608648,43.0,2020-08-22T14:05:15
Trachemys scripta elegans,Tennessee,36.40667,-88.195341,28534.0,2020-05-27T14:21:10Z
Trachemys scripta elegans,Texas,30.619049,-96.309768,2.0,2020-08-27T10:40
Trachemys scripta elegans,Texas,30.656641,-96.300963,2.0,2020-08-25T18:25
Trachemys scripta elegans,Texas,30.620376,-95.53921,8.0,2020-08-22T16:15
Trachemys scripta elegans,Arkansas,36.189647,-94.302175,28592.0,2020-08-21T09:59:51
Trachemys scripta elegans,Texas,31.374411,-94.72779,400.0,2020-08-24
Trachemys scripta elegans,Arkansas,36.326182,-92.381362,28208.0,2020-08-17T14:40
Trachemys scripta elegans,Texas,28.905454,-95.577956,1532.0,2020-04-01T09:00
Trachemys scripta elegans,Louisiana,30.382595,-90.648146,105.0,2020-08-08T16:40:02Z
Trachemys scripta elegans,Texas,29.614448,-95.510863,29458.0,2020-08-17T09:54
Trachemys scripta elegans,Tennessee,35.109192,-89.91568,10.0,2020-08-16T12:46:51
Trachemys scripta elegans,Texas,29.766756,-95.432106,10.0,2020-08-19T17:21
Trachemys scripta elegans,Texas,29.762479,-95.449924,6.0,2020-08-07T09:22:34
Trachemys scripta elegans,Texas,30.154822,-95.497445,17.0,2020-04-27T10:54:01
Trachemys scripta elegans,Tennessee,35.756646,-83.973902,8.0,2020-08-12T17:49
Trachemys scripta elegans,Texas,29.723634,-95.541119,29458.0,2020-08-17T10:25
Trachemys scripta elegans,Texas,30.17815,-95.584137,,2020-01-26T16:40:04Z
Trachemys scripta elegans,Georgia,33.901933,-84.088637,195.0,2020-08-13T22:10:18
Trachemys scripta elegans,Arkansas,36.103141,-94.160864,,2020-08-08T12:31:46
Trachemys scripta elegans,Alabama,31.801864,-85.959639,977.0,2020-06-06T18:14
Trachemys scripta elegans,Texas,29.458063,-95.09735,20.0,2020-08-16T16:58:42Z
Trachemys scripta elegans,Texas,29.932186,-96.028719,1879.0,2020-08-12T07:36
Trachemys scripta elegans,Louisiana,30.282015,-89.920509,805.0,2020-08-09T07:21:34
Trachemys scripta elegans,Texas,29.808759,-95.793248,205.0,2020-07-23T22:26
Trachemys scripta elegans,Louisiana,30.220869,-90.643389,29382.0,2020-08-04T11:59
Trachemys scripta elegans,Oklahoma,35.920376,-95.404709,,2018-05-14T17:21:07Z
Trachemys scripta elegans,Louisiana,30.568936,-91.166627,6.0,2020-07-17T10:18:41
Trachemys scripta elegans,Alabama,31.291095,-85.36843,10.0,2020-07-31T11:31:30
Trachemys scripta elegans,Illinois,37.696532,-89.43647,2.0,2020-08-13T14:31
Trachemys scripta elegans,Texas,30.194463,-95.512628,4.0,2020-03-24T11:09:25
Trachemys scripta elegans,Texas,30.148989,-95.478988,4.0,2020-08-08T13:50:49Z
Trachemys scripta elegans,Louisiana,30.149919,-90.806569,127.0,2020-08-07T13:09:39Z
Trachemys scripta elegans,Louisiana,30.148735,-90.807878,8.0,2020-08-12T13:15:01Z
Trachemys scripta elegans,Louisiana,30.483873,-90.500671,65.0,2020-07-29T10:29:43Z
Trachemys scripta elegans,Texas,30.023789,-95.29431,352.0,2020-08-12T08:26:52
Trachemys scripta elegans,Louisiana,30.380914,-90.648958,5.0,2020-08-08T10:05:42
Trachemys scripta elegans,Texas,30.210632,-95.512554,12.0,2020-08-09T12:08Z
Trachemys scripta elegans,Illinois,37.696538,-89.436478,2.0,2020-08-13T14:31
Trachemys scripta elegans,Texas,30.201838,-95.541588,4.0,2020-04-17T12:12:55
Trachemys scripta elegans,Louisiana,30.41565,-91.527505,201.0,2020-08-04T09:50
Trachemys scripta elegans,Texas,29.16296,-95.499328,210.0,2020-08-07T10:09:59
Trachemys scripta elegans,Louisiana,30.335361,-91.053426,29382.0,2020-08-06T09:34
Trachemys scripta elegans,Mississippi,31.48693,-89.130498,38819.0,2020-07-03T10:03
Trachemys scripta elegans,Texas,28.981494,-96.013638,8.0,2020-08-13T15:51
Trachemys scripta elegans,Texas,29.806641,-95.765534,858.0,2020-07-25T21:56
Trachemys scripta elegans,Arkansas,36.111239,-94.16136,91.0,2020-08-03T14:53:42
Trachemys scripta elegans,Louisiana,29.879651,-90.433971,1023.0,2020-07-29T10:30
Trachemys scripta elegans,Texas,29.720126,-95.628866,884.0,2020-08-03T08:07
Trachemys scripta elegans,Texas,29.762805,-95.449412,733.0,2020-08-03T16:53:41
Trachemys scripta elegans,Louisiana,32.507443,-92.167042,31.0,2020-08-02T13:06
Trachemys scripta elegans,North Carolina,35.903347,-81.525292,15.0,2020-08-02T17:53
Trachemys scripta elegans,Louisiana,30.765114,-90.142412,122.0,2020-07-28T15:06
Trachemys scripta elegans,Louisiana,29.879651,-90.433971,1023.0,2020-07-29T10:30
Trachemys scripta elegans,Texas,29.564342,-95.120073,4.0,2020-07-30T09:18:10
Trachemys scripta elegans,Texas,29.747707,-95.803406,2.0,2017-09-30T14:25
Trachemys scripta elegans,Louisiana,29.879651,-90.433971,1023.0,2020-07-29T10:31
Trachemys scripta elegans,Arkansas,35.353658,-92.299065,32.0,2020-07-27T17:33:17Z
Trachemys scripta elegans,Louisiana,29.944346,-93.080721,4.0,2020-07-18T09:10
Trachemys scripta elegans,Arkansas,36.315057,-94.191161,4.0,2020-06-24T14:55
Trachemys scripta elegans,Texas,29.560084,-95.030338,368.0,2020-07-05T20:05:32Z
Trachemys scripta elegans,Oklahoma,33.732109,-94.647834,244.0,2020-06-03T10:02
Trachemys scripta elegans,Tennessee,36.504733,-87.373423,30.0,2020-08-02T12:14:50Z
Trachemys scripta elegans,Texas,29.762457,-95.453338,947.0,2020-07-27T17:11:18
Trachemys scripta elegans,Georgia,33.982714,-83.488471,28902.0,2020-07-25T22:04:43
Trachemys scripta elegans,Texas,29.765204,-95.452089,352.0,2020-08-02T10:18
Trachemys scripta elegans,Texas,29.9852,-94.7409,,2020-07-16T14:31
Trachemys scripta elegans,Louisiana,30.769667,-90.138516,122.0,2020-07-28T15:06
Trachemys scripta elegans,Arkansas,35.094583,-92.464474,2.0,2020-07-29T09:07
Trachemys scripta elegans,Texas,31.37515,-94.728399,400.0,2020-07-28
Trachemys scripta elegans,Louisiana,30.242949,-92.012467,18.0,2020-07-31T11:36:24
Trachemys scripta elegans,Texas,30.220942,-95.505476,47.0,2020-07-28T17:45:16Z
Trachemys scripta elegans,Arkansas,36.222975,-92.463848,10.0,2020-07-25T10:26:55
Trachemys scripta elegans,Texas,29.886972,-95.616478,16.0,2020-07-22T09:26:32Z
Trachemys scripta elegans,North Carolina,35.633698,-82.556342,6.0,2020-07-14T18:50:20Z
Trachemys scripta elegans,Texas,33.549583,-94.11488,120.0,2020-07-20T17:21
Trachemys scripta elegans,Illinois,37.570498,-89.461938,31.0,2020-05-20T13:13
Trachemys scripta elegans,Arkansas,36.495799,-91.535512,193.0,2020-06-21T11:49
Trachemys scripta elegans,Tennessee,36.150447,-86.812069,76.0,2020-07-11T10:43
Trachemys scripta elegans,Texas,31.335255,-94.709681,225.0,2020-07-21
Trachemys scripta elegans,Arkansas,35.349946,-94.135717,28706.0,2020-07-23T13:25:20
Trachemys scripta elegans,Texas,31.37515,-94.728399,400.0,2020-07-22
Trachemys scripta elegans,Louisiana,30.235151,-92.268462,8415.0,2020-07-08T08:04:08Z
Trachemys scripta elegans,Oklahoma,36.970978,-95.946297,4.0,2020-07-17T16:55:56Z
Trachemys scripta elegans,Texas,29.988758,-95.561369,125.0,2020-07-18T19:20
Trachemys scripta elegans,Texas,30.551653,-95.133933,1097.0,2020-07-20T10:22
Trachemys scripta elegans,Mississippi,30.392383,-88.788002,2.0,2020-07-21T12:48
Trachemys scripta elegans,Texas,31.623685,-94.643782,65.0,2020-07-17T20:10:02Z
Trachemys scripta elegans,Texas,32.635725,-95.45925,15.0,2020-07-18T10:12
Trachemys scripta elegans,Texas,30.551653,-95.133933,1097.0,2020-07-20T10:22
Trachemys scripta elegans,North Carolina,36.113977,-81.660719,10.0,2020-07-21T12:19:24
Trachemys scripta elegans,Arkansas,35.303525,-94.33413,71.0,2020-07-11T11:54:41Z
Trachemys scripta elegans,Georgia,33.452698,-84.538177,494.0,2020-03-26T14:53:11
Trachemys scripta elegans,Louisiana,30.774495,-90.147033,,2020-07-14T12:54
Trachemys scripta elegans,Tennessee,36.504732,-87.373378,22.0,2020-07-18T10:55:45Z
Trachemys scripta elegans,Texas,30.488183,-94.975007,2036.0,2020-07-20T08:19
Trachemys scripta elegans,Arkansas,36.210677,-92.549721,28563.0,2020-07-03T09:42
Trachemys scripta elegans,Arkansas,33.09368,-92.07788,,2020-07-14T09:19:42Z
Trachemys scripta elegans,Texas,29.636752,-95.660534,10.0,2020-07-16T09:34Z
Trachemys scripta elegans,Arkansas,34.854417,-91.952187,6.0,2020-06-22T19:06:54Z
Trachemys scripta elegans,Texas,33.573815,-94.455922,41.0,2020-07-12T19:55:53
Trachemys scripta elegans,Texas,29.701208,-95.438559,1300.0,2020-07-15T13:41
Trachemys scripta elegans,Oklahoma,36.250985,-95.846541,44441.0,2020-06-16T11:51:01
Trachemys scripta elegans,Arkansas,34.957592,-91.179658,4.0,2020-07-11T15:33:59
Trachemys scripta elegans,Tennessee,36.504822,-87.373343,38.0,2020-07-15T10:37:05Z
Trachemys scripta elegans,Illinois,37.632295,-89.504494,28.0,2020-06-28T20:37:53Z
Trachemys scripta elegans,Georgia,34.018272,-84.264647,10.0,2020-07-14T11:23:01
Trachemys scripta elegans,Texas,30.509107,-94.372697,29356.0,2016-03-06
Trachemys scripta elegans,Arkansas,36.266842,-92.523781,5.0,2020-06-27T10:17:19
Trachemys scripta elegans,Texas,29.770286,-95.568676,270.0,2020-07-09T08:05
Trachemys scripta elegans,Arkansas,36.313962,-94.181786,10.0,2020-07-15T08:53:41
Trachemys scripta elegans,Texas,30.202342,-95.542798,12.0,2020-07-13T09:48:33Z
Trachemys scripta elegans,Oklahoma,36.377022,-96.106916,9.0,2020-07-12T15:03
Trachemys scripta elegans,Louisiana,30.249814,-92.292639,4.0,2020-07-13T17:35:09
Trachemys scripta elegans,Texas,30.686391,-94.695108,5.0,2020-07-11T08:19:51
Trachemys scripta elegans,Texas,32.181892,-96.122343,5.0,2020-07-10T11:28:56Z
Trachemys scripta elegans,Texas,29.759167,-95.448056,,2020-07-13T09:13:41
Trachemys scripta elegans,Texas,29.45432,-95.315257,5.0,2020-07-12T10:15:16Z
Trachemys scripta elegans,Texas,29.370417,-95.622863,28.0,2020-07-08T16:30
Trachemys scripta elegans,Tennessee,36.49746,-82.479357,2170.0,2020-07-10T06:47
Trachemys scripta elegans,Arkansas,35.427853,-90.78318,4170.0,2020-07-08T18:32:25
Trachemys scripta elegans,Texas,30.641628,-96.363567,4.0,2020-02-07T12:06
Trachemys scripta elegans,Louisiana,32.027623,-91.944888,5.0,2020-06-19T09:27:39
Trachemys scripta elegans,Georgia,34.064378,-84.004289,3.0,2020-06-29T11:01:16Z
Trachemys scripta elegans,Louisiana,32.027329,-91.945871,66.0,2020-06-19T09:23:25
Trachemys scripta elegans,Arkansas,36.266752,-92.524237,5.0,2020-06-28T10:47:55
Trachemys scripta elegans,Missouri,36.642225,-93.191562,15.0,2016-07-21T15:57
Trachemys scripta elegans,Texas,30.15372,-95.457656,17.0,2020-07-06T14:32:49Z
Trachemys scripta elegans,Texas,29.584182,-96.336822,405.0,2020-06-28T13:24
Trachemys scripta elegans,Mississippi,34.369725,-89.593664,10.0,2020-07-03T08:17:14Z
Trachemys scripta elegans,Texas,29.762843,-95.45373,1192.0,2020-06-08T16:54:28
Trachemys scripta elegans,Texas,29.635167,-95.660529,349.0,2020-07-01T11:06:41
Trachemys scripta elegans,Texas,28.914056,-95.578973,13.0,2020-07-07T08:45:10
Trachemys scripta elegans,Texas,30.097962,-93.749579,2.0,2019-05-28T12:47
Trachemys scripta elegans,Arkansas,35.442097,-90.802368,172.0,2020-07-01T11:38:07
Trachemys scripta elegans,Tennessee,36.30738,-84.215223,433.0,2018-10-19T12:29
Trachemys scripta elegans,Tennessee,36.144355,-89.438367,31.0,2020-06-26T09:01
Trachemys scripta elegans,Texas,30.196998,-95.425376,8415.0,2020-06-29T18:28:13
Trachemys scripta elegans,Texas,29.806641,-95.765534,858.0,2020-06-13T03:24
Trachemys scripta elegans,Texas,29.59623,-95.07167,1895.0,2020-07-08
Trachemys scripta elegans,Arkansas,36.345614,-92.367394,14.0,2020-06-26T16:31
Trachemys scripta elegans,Louisiana,32.500866,-93.735455,29093.0,2020-06-25T10:27:27
Trachemys scripta elegans,Mississippi,30.351972,-88.714264,5.0,2020-07-05T08:34
Trachemys scripta elegans,Texas,31.37515,-94.728399,400.0,2020-06-29
Trachemys scripta elegans,Texas,29.820403,-95.612153,6.0,2020-06-02T10:53:25
Trachemys scripta elegans,Texas,31.186902,-94.324025,,2020-06-25T16:16:18
Trachemys scripta elegans,Texas,33.051802,-95.09403,36.0,2020-06-26T09:19
Trachemys scripta elegans,Texas,32.805371,-95.917387,15.0,2020-06-30T11:59
Trachemys scripta elegans,Texas,29.806641,-95.765534,858.0,2020-06-25T21:53
Trachemys scripta elegans,Texas,29.584182,-96.336822,405.0,2020-06-28T13:50
Trachemys scripta elegans,Arkansas,35.442074,-90.802417,184.0,2020-07-03T17:15:56
Trachemys scripta elegans,Texas,30.602538,-96.312248,4.0,2020-06-30T12:30
Trachemys scripta elegans,Texas,29.63661,-95.660149,,2020-07-08T09:47
Trachemys scripta elegans,Texas,29.529726,-96.277713,645.0,2020-06-28T20:05
Trachemys scripta elegans,Texas,31.922489,-95.891868,86.0,2020-07-04T13:34
Trachemys scripta elegans,Texas,33.146046,-94.96078,18.0,2020-06-29T12:27
Trachemys scripta elegans,Tennessee,35.876663,-89.5445,61.0,2020-07-04T09:14
Trachemys scripta elegans,Texas,31.37515,-94.728399,400.0,2020-07-05
Trachemys scripta elegans,Texas,33.137577,-95.021047,39.0,2020-06-27T19:24
Trachemys scripta elegans,Texas,29.592765,-95.085078,352.0,2020-07-04T09:33:27
Trachemys scripta elegans,Arkansas,35.976067,-94.203337,25.0,2020-06-29T12:17:20
Trachemys scripta elegans,Louisiana,32.074193,-91.933581,9.0,2020-06-19T10:35:26
Trachemys scripta elegans,Texas,29.95783,-95.609253,4.0,2020-06-28T08:49:53
Trachemys scripta elegans,Oklahoma,36.213201,-95.906237,261.0,2020-06-08T16:17
Trachemys scripta elegans,Texas,33.061673,-95.092232,30.0,2020-06-26T07:58
Trachemys scripta elegans,Texas,29.716746,-96.059603,61.0,2020-06-28T16:08
Trachemys scripta elegans,Texas,32.722398,-95.206978,1567.0,2020-06-13T10:10:29Z
Trachemys scripta elegans,Texas,29.58171,-95.415577,54.0,2020-06-13T08:47
Trachemys scripta elegans,Texas,28.982007,-96.014463,8.0,2020-06-14T10:11
Trachemys scripta elegans,Texas,31.335165,-94.709737,200.0,2020-06-20
Trachemys scripta elegans,Texas,29.375692,-95.602745,24.0,2020-06-02T12:22:45Z
Trachemys scripta elegans,Texas,29.564129,-95.217878,1.0,2020-06-14T07:07
Trachemys scripta elegans,Arkansas,35.097779,-92.46264,8.0,2020-06-24T09:26
Trachemys scripta elegans,Texas,30.258752,-95.562427,,2020-06-19T07:58:03
Trachemys scripta elegans,Texas,31.335137,-94.709941,200.0,2020-06-19
Trachemys scripta elegans,Florida,30.259405,-81.703888,5.0,2020-06-19T12:13:15
Trachemys scripta elegans,Texas,30.601043,-96.360212,2.0,2020-06-20T13:47
Trachemys scripta elegans,Texas,29.586416,-95.155111,8.0,2020-06-19T12:26
Trachemys scripta elegans,Tennessee,36.173995,-86.641708,3308.0,2020-06-17T11:49
Trachemys scripta elegans,Arkansas,35.097565,-92.462861,4.0,2020-06-24T08:30
Trachemys scripta elegans,Texas,29.598935,-94.550346,715.0,2020-06-13T12:21:07Z
Trachemys scripta elegans,Texas,31.37515,-94.728399,400.0,2020-06-14
Trachemys scripta elegans,Texas,31.37515,-94.728399,400.0,2020-06-21
Trachemys scripta elegans,Texas,33.349077,-95.265481,64.0,2020-06-12T10:33:58Z
Trachemys scripta elegans,Texas,29.064467,-95.457437,32.0,2020-05-22T10:29:47Z
Trachemys scripta elegans,Texas,29.701661,-95.877863,8.0,2020-06-11
Trachemys scripta elegans,Mississippi,31.361196,-91.417322,5.0,2020-05-22T08:14
Trachemys scripta elegans,Texas,29.655467,-95.474008,,2020-06-16T10:19:16
Trachemys scripta elegans,Texas,29.487623,-95.445462,29483.0,2020-06-25T13:15
Trachemys scripta elegans,Texas,29.374572,-95.60442,28.0,2020-05-30T11:12
Trachemys scripta elegans,Texas,33.280052,-95.79742,463.0,2020-06-24T11:01:23
Trachemys scripta elegans,Arkansas,36.314997,-94.191635,8.0,2020-06-24T14:55
Trachemys scripta elegans,Louisiana,30.774468,-90.146947,,2020-06-12T11:30
Trachemys scripta elegans,Texas,29.542125,-95.197683,8.0,2020-06-18T12:47
Trachemys scripta elegans,Texas,30.125294,-95.379611,65.0,2020-03-31T17:55:51Z
Trachemys scripta elegans,Texas,32.628727,-95.463259,15.0,2020-06-21T14:37
Trachemys scripta elegans,Louisiana,30.335616,-92.849438,122.0,2020-06-15T17:19
Trachemys scripta elegans,Texas,29.786153,-95.486642,8.0,2020-06-21T10:36:51Z
Trachemys scripta elegans,Texas,29.63664,-95.660336,10.0,2020-06-16T09:56Z
Trachemys scripta elegans,Texas,29.637683,-95.635492,4.0,2020-06-16T08:07:14Z
Trachemys scripta elegans,Illinois,37.59143,-88.898187,5173.0,2020-06-17T12:15:09Z
Trachemys scripta elegans,Louisiana,29.878889,-90.024167,,2020-06-15T18:36:01
Trachemys scripta elegans,Texas,32.156885,-96.062903,244.0,2020-06-20T12:23
Trachemys scripta elegans,Louisiana,30.379244,-90.094331,,2020-05-09T11:56:48
Trachemys scripta elegans,Texas,30.026639,-95.295097,,2019-08-27T11:47:45Z
Trachemys scripta elegans,Texas,29.3775,-95.605556,,2016-07-19
Trachemys scripta elegans,Arkansas,36.267101,-92.521691,10.0,2020-06-14T10:27:03
Trachemys scripta elegans,Texas,29.567347,-95.119072,4.0,2020-06-17T15:41
Trachemys scripta elegans,Texas,31.335163,-94.709778,200.0,2020-06-17
Trachemys scripta elegans,Texas,32.155577,-96.062903,244.0,2020-06-20T12:23
Trachemys scripta elegans,Arkansas,35.757413,-90.324949,49.0,2020-06-18T00:36:53Z
Trachemys scripta elegans,Texas,30.300426,-95.804192,2.0,2020-06-15T17:01
Trachemys scripta elegans,Texas,29.370309,-95.625219,1.0,2016-07-19
Trachemys scripta elegans,Texas,31.487577,-94.744659,,2020-06-13T18:24:11
Trachemys scripta elegans,Texas,29.761475,-95.587745,14.0,2020-06-13T13:53:19
Trachemys scripta elegans,Mississippi,30.573079,-88.692805,29356.0,2020-06-14T07:34
Trachemys scripta elegans,Oklahoma,35.039452,-94.630002,87.0,2020-06-08T13:11
Trachemys scripta elegans,Texas,30.602676,-96.360488,8.0,2020-06-15T13:14
Trachemys scripta elegans,Florida,30.350306,-81.509667,,2020-06-12T07:23:44
Trachemys scripta elegans,Texas,29.481245,-95.176566,15.0,2020-06-10T09:35
Trachemys scripta elegans,Texas,29.480978,-95.176071,15.0,2020-06-10T09:34
Trachemys scripta elegans,Texas,30.60104,-96.360178,4.0,2020-06-09T11:06
Trachemys scripta elegans,Texas,29.598443,-95.622552,8142.0,2019-04-27T10:56
Trachemys scripta elegans,Texas,29.598443,-95.622552,8142.0,2017-11-11T16:25
Trachemys scripta elegans,Texas,29.598443,-95.622552,8142.0,2019-04-27T10:55
Trachemys scripta elegans,Texas,29.523884,-95.801731,40.0,2020-06-09T09:51:31Z
Trachemys scripta elegans,Texas,29.580549,-95.099603,4.0,2020-06-10T07:55
Trachemys scripta elegans,Texas,29.598443,-95.622552,8142.0,2019-04-27T10:56
Trachemys scripta elegans,Texas,29.585168,-96.336693,31.0,2020-06-08T17:12
Trachemys scripta elegans,Texas,29.598443,-95.622552,8142.0,2019-04-27T10:55
Trachemys scripta elegans,Texas,29.583094,-96.337127,4.0,2020-06-08T17:13
Trachemys scripta elegans,Louisiana,30.264475,-93.197411,,2020-06-11T08:37:53
Trachemys scripta elegans,Texas,29.373821,-95.626441,2.0,2020-06-08T07:20
Trachemys scripta elegans,Texas,29.762741,-95.453153,1299.0,2020-06-08T16:59:53
Trachemys scripta elegans,Illinois,37.66003,-89.173144,4832.0,2020-06-09T11:12:02Z
Trachemys scripta elegans,Louisiana,32.59929,-92.057176,6.0,2020-06-05T09:27:46
Trachemys scripta elegans,Georgia,33.948147,-84.573846,5.0,2020-06-08T11:26:46
Trachemys scripta elegans,Texas,29.60262,-94.447542,,2020-05-19T02:35
Trachemys scripta elegans,Texas,29.23397,-94.961897,29508.0,2020-05-09T13:07:33Z
Trachemys scripta elegans,Texas,29.762834,-95.453787,1147.0,2020-06-05T11:13:48
Trachemys scripta elegans,Texas,29.596017,-95.071847,65.0,2020-06-02T10:23:48
Trachemys scripta elegans,Arkansas,36.312994,-94.213736,37.0,2020-06-03T08:37:20
Trachemys scripta elegans,Texas,29.584067,-96.336896,4.0,2020-06-08T16:58
Trachemys scripta elegans,Texas,29.479477,-95.180206,8.0,2020-06-10T09:20
Trachemys scripta elegans,Louisiana,32.350053,-91.381172,666.0,2020-01-05T14:53
Trachemys scripta elegans,Texas,29.657519,-95.470433,,2020-06-10T06:24:15
Trachemys scripta elegans,Texas,29.806641,-95.765534,858.0,2020-05-23T04:37
Trachemys scripta elegans,Texas,32.216563,-95.76558,,2016-07-12T12:58
Trachemys scripta elegans,Texas,29.479367,-95.180035,8.0,2020-06-10T09:19
Trachemys scripta elegans,Florida,30.429416,-85.881752,195.0,2019-04-13T17:10
Trachemys scripta elegans,Texas,29.846473,-95.38696,24.0,2020-06-05T12:05:13Z
Trachemys scripta elegans,Texas,29.486697,-95.143825,2.0,2020-06-11T08:48
Trachemys scripta elegans,Texas,29.762097,-95.441583,,2020-06-10T10:45:56
Trachemys scripta elegans,Texas,29.479407,-95.180117,4.0,2020-06-10T09:19
Trachemys scripta elegans,Louisiana,32.332173,-91.349353,3128.0,2020-01-05T14:31
Trachemys scripta elegans,Oklahoma,36.376939,-96.106905,17.0,2020-06-03T15:54
Trachemys scripta elegans,Louisiana,30.694043,-90.372974,29330.0,2020-06-06T09:15:15
Trachemys scripta elegans,Texas,31.372341,-94.728137,,2019-06-04T12:01
Trachemys scripta elegans,Arkansas,36.104467,-94.193078,10.0,2020-06-04T20:50:12
Trachemys scripta elegans,Texas,31.37515,-94.728399,400.0,2020-06-08
Trachemys scripta elegans,Texas,29.846488,-95.386799,24.0,2020-06-05T12:04:47Z
Trachemys scripta elegans,Texas,29.583265,-95.413327,,2020-06-06T13:04
Trachemys scripta elegans,Tennessee,35.032201,-89.760867,135.0,2020-05-22T13:54:45
Trachemys scripta elegans,Louisiana,30.27792,-91.168576,29382.0,2020-04-29T11:56
Trachemys scripta elegans,Arkansas,35.854187,-90.134443,8.0,2020-05-30T15:25
Trachemys scripta elegans,Texas,32.217004,-95.759901,43.0,2020-05-29T14:07
Trachemys scripta elegans,Arkansas,36.336131,-94.099979,7.0,2020-06-03T19:19:57
Trachemys scripta elegans,Arkansas,36.253053,-94.134727,28563.0,2020-05-26T17:04:48Z
Trachemys scripta elegans,Texas,31.37515,-94.728399,400.0,2020-05-29
Trachemys scripta elegans,Louisiana,32.631408,-91.839996,8.0,2020-05-27T12:38
Trachemys scripta elegans,Louisiana,30.350971,-90.036377,319.0,2020-05-26
Trachemys scripta elegans,Texas,29.959541,-95.844829,39.0,2020-05-28T12:33:10
Trachemys scripta elegans,Arkansas,35.341457,-90.203468,61.0,2020-05-24T17:14
Trachemys scripta elegans,Arkansas,35.896251,-90.134484,8.0,2020-05-30T16:51
Trachemys scripta elegans,Texas,30.218056,-95.505,,2020-05-24T11:08:07
Trachemys scripta elegans,Arkansas,33.919929,-91.482647,2.0,2020-05-27T02:32
Trachemys scripta elegans,Missouri,36.635286,-93.187429,31.0,2016-07-21T15:32
Trachemys scripta elegans,Louisiana,29.647569,-90.529826,195.0,2020-05-27
Trachemys scripta elegans,Texas,32.192333,-96.049071,5.0,2020-05-26T08:21:20Z
Trachemys scripta elegans,Alabama,30.708897,-88.150361,4.0,2020-06-04T12:47:11Z
Trachemys scripta elegans,Louisiana,30.020963,-90.409026,211.0,2020-05-30T08:50
Trachemys scripta elegans,Louisiana,30.430653,-92.605356,29356.0,2020-05-21T11:33:54Z
Trachemys scripta elegans,Tennessee,35.141992,-86.47528,25.0,2020-05-30T14:46
Trachemys scripta elegans,Texas,31.37903,-94.72778,200.0,2020-05-31
Trachemys scripta elegans,Georgia,33.813108,-84.139054,80.0,2020-05-29T15:05:35
Trachemys scripta elegans,Texas,29.7636,-95.39531,,2020-05-27T10:41
Trachemys scripta elegans,Texas,32.196683,-95.86557,5.0,2020-05-26T12:57:12Z
Trachemys scripta elegans,Tennessee,36.057426,-86.797998,4755.0,2020-05-23T07:48:45Z
Trachemys scripta elegans,Arkansas,36.141071,-94.228168,28592.0,2020-05-25T17:49:06Z
Trachemys scripta elegans,Arkansas,34.030899,-93.157202,232.0,2020-05-24T13:00:32
Trachemys scripta elegans,Arkansas,36.105934,-94.236446,28592.0,2020-05-25T16:44:21Z
Trachemys scripta elegans,Tennessee,35.496535,-89.259727,2.0,2020-05-18T11:07
Trachemys scripta elegans,Tennessee,36.507427,-82.629553,227.0,2020-05-26T10:46:55
Trachemys scripta elegans,Tennessee,36.065072,-86.79902,18.0,2020-05-29T12:25:35Z
Trachemys scripta elegans,Texas,29.564773,-95.118969,42.0,2020-05-28T07:28:40
Trachemys scripta elegans,Texas,29.4341,-94.951875,,2015-06-07
Trachemys scripta elegans,Oklahoma,33.747789,-94.642309,117.0,2020-05-18T18:55:58Z
Trachemys scripta elegans,Kentucky,37.644436,-84.348391,169.0,2020-05-16T13:06:13
Trachemys scripta elegans,Arkansas,36.31302,-94.213709,75.0,2020-06-03T09:06:22
Trachemys scripta elegans,Texas,30.041361,-95.110755,,2020-05-29T12:55:10Z
Trachemys scripta elegans,Arkansas,35.091033,-92.465939,,2018-05-28T09:02
Trachemys scripta elegans,Arkansas,33.706525,-91.324881,61.0,2020-05-25T22:50
Trachemys scripta elegans,Arkansas,36.100936,-94.193283,5.0,2020-05-27T19:15:15
Trachemys scripta elegans,Missouri,36.969128,-90.220283,122.0,2020-05-24T09:12
Trachemys scripta elegans,Tennessee,35.069324,-90.007047,13.0,2020-06-02T14:27:54
Trachemys scripta elegans,Arkansas,36.266415,-92.543345,28563.0,2020-05-29T13:12
Trachemys scripta elegans,Texas,30.042258,-95.112969,,2020-05-28T13:55:21Z
Trachemys scripta elegans,Illinois,37.265933,-88.909386,28417.0,2020-05-22T10:47
Trachemys scripta elegans,Texas,29.888267,-95.610205,16.0,2020-05-28T09:09:55Z
Trachemys scripta elegans,Arkansas,35.268897,-92.381018,22.0,2020-05-23T12:15:47
Trachemys scripta elegans,Louisiana,30.423138,-90.188038,29356.0,2020-05-21T11:35
Trachemys scripta elegans,Louisiana,29.879444,-90.024167,,2020-05-23T16:20:15
Trachemys scripta elegans,Florida,30.152145,-81.579712,4.0,2020-05-24T08:30:21
Trachemys scripta elegans,Texas,30.01379,-95.55652,4.0,2020-05-22T09:14:14
Trachemys scripta elegans,Texas,29.76194,-95.450113,257.0,2020-05-22T09:29:19
Trachemys scripta elegans,Tennessee,35.155347,-85.168633,10.0,2020-03-06T11:16:12
Trachemys scripta elegans,Texas,29.806641,-95.765534,858.0,2020-05-10T01:04
Trachemys scripta elegans,Texas,29.383333,-95.614166,,2020-04-26T16:57:24Z
Trachemys scripta elegans,Arkansas,33.864559,-91.486658,2.0,2020-05-29T16:17
Trachemys scripta elegans,Georgia,33.911415,-84.322609,157.0,2020-06-03T10:12:47
Trachemys scripta elegans,Texas,29.954529,-95.649574,,2020-06-04T14:29:37Z
Trachemys scripta elegans,Arkansas,36.334117,-94.180265,3906.0,2020-06-01T09:23
Trachemys scripta elegans,Texas,29.37406,-95.625856,,2020-06-01T14:59:29
Trachemys scripta elegans,Texas,33.15934,-96.110545,4.0,2020-05-31T13:48
Trachemys scripta elegans,Texas,29.766724,-95.450538,32.0,2020-06-01T16:52:56
Trachemys scripta elegans,Louisiana,31.385905,-92.012064,61.0,2020-06-02T20:24
Trachemys scripta elegans,Arkansas,36.314918,-94.192143,15.0,2020-06-01T09:23
Trachemys scripta elegans,Arkansas,36.32084,-94.1939,3906.0,2020-06-01T09:21
Trachemys scripta elegans,Kansas,37.717483,-94.932297,10.0,2020-06-02T10:07:43Z
Trachemys scripta elegans,Kentucky,37.551322,-85.687333,5.0,2020-06-01T17:17:15
Trachemys scripta elegans,Texas,29.555053,-95.28648,5.0,2020-05-29T13:32:09Z
Trachemys scripta elegans,Arkansas,35.366704,-90.23839,31.0,2020-05-24T15:11
Trachemys scripta elegans,Tennessee,36.434645,-88.084444,2561.0,2020-05-31T14:00
Trachemys scripta elegans,Tennessee,35.072073,-89.990875,28.0,2020-06-02T14:52:06
Trachemys scripta elegans,Arkansas,36.314384,-94.191565,194.0,2020-06-01T09:19
Trachemys scripta elegans,Arkansas,34.833239,-92.04722,28762.0,2020-05-27T11:55:19
Trachemys scripta elegans,Arkansas,36.396971,-92.577558,28563.0,2020-05-28T08:44
Trachemys scripta elegans,North Carolina,36.240026,-81.80992,187.0,2020-05-28T14:48
Trachemys scripta elegans,Arkansas,33.614272,-91.379851,4.0,2020-05-25T21:00
Trachemys scripta elegans,Tennessee,36.039275,-86.471722,58.0,2020-05-24T11:43:50Z
Trachemys scripta elegans,Texas,31.37515,-94.728399,400.0,2020-05-24
Trachemys scripta elegans,Texas,29.770634,-95.56579,65.0,2020-05-29T17:11:32Z
Trachemys scripta elegans,Arkansas,35.366463,-90.238378,61.0,2020-05-24T15:11
Trachemys scripta elegans,Texas,29.93032,-95.807022,6541.0,2020-05-27T15:24:27Z
Trachemys scripta elegans,Louisiana,30.348463,-92.192383,,2020-05-24T16:51:33Z
Trachemys scripta elegans,Texas,29.950696,-95.622532,8.0,2020-05-28T12:02Z
Trachemys scripta elegans,Arkansas,36.197261,-94.373655,28592.0,2020-05-25T16:45:21Z
Trachemys scripta elegans,Texas,32.253077,-95.335905,,2020-05-26T12:43:26Z
Trachemys scripta elegans,Arkansas,33.903843,-91.569147,4.0,2020-05-28T07:50
Trachemys scripta elegans,Texas,31.206785,-95.981087,29252.0,2020-05-23T19:46:09
Trachemys scripta elegans,Louisiana,30.255816,-91.071655,29382.0,2019-04-28T08:24:02
Trachemys scripta elegans,Texas,29.887158,-95.612542,8.0,2020-05-22T08:31:16Z
Trachemys scripta elegans,Texas,29.766666,-95.450645,22.0,2020-05-22T10:06:05
Trachemys scripta elegans,Louisiana,30.473439,-90.140489,198.0,2020-05-22T11:14
Trachemys scripta elegans,Texas,29.641341,-95.660616,1605.0,2020-05-22T09:48:21Z
Trachemys scripta elegans,Arkansas,33.669133,-91.425798,8.0,2020-05-22T18:39
Trachemys scripta elegans,Florida,29.638638,-82.352242,,2015-04-23T00:15
Trachemys scripta elegans,Texas,29.887153,-95.612533,6.0,2020-05-22T08:31:43Z
Trachemys scripta elegans,Texas,29.927453,-96.027288,2000.0,2019-05-22T12:04
Trachemys scripta elegans,Texas,29.88712,-95.612587,8.0,2020-05-24T08:00:28Z
Trachemys scripta elegans,Arkansas,36.204889,-92.57487,28563.0,2020-05-22T15:49
Trachemys scripta elegans,Arkansas,36.140013,-94.125854,5.0,2020-05-22T14:27:37
Trachemys scripta elegans,Texas,29.762002,-95.450012,143.0,2020-05-22T09:29:03
Trachemys scripta elegans,Louisiana,30.466071,-92.629936,29356.0,2020-05-16T19:47:38Z
Trachemys scripta elegans,Texas,29.760332,-95.241805,29458.0,2020-05-17T11:00
Trachemys scripta elegans,Missouri,37.521135,-94.554599,2.0,2020-04-28T12:50
Trachemys scripta elegans,Arkansas,34.685555,-92.46381,38.0,2020-05-13T21:38:21
Trachemys scripta elegans,Texas,29.541446,-95.375204,5.0,2020-05-20T11:38:18Z
Trachemys scripta elegans,Texas,29.608191,-94.555393,695.0,2020-05-16T12:33:21
Trachemys scripta elegans,Arkansas,36.282062,-92.458949,28563.0,2020-05-10T09:36
Trachemys scripta elegans,Louisiana,30.766737,-90.144609,1498.0,2020-05-19T10:50
Trachemys scripta elegans,Texas,32.601222,-95.391713,14.0,2020-05-18T14:43:21
Trachemys scripta elegans,Texas,29.887153,-95.61255,8.0,2020-05-21T09:04:13Z
Trachemys scripta elegans,Louisiana,30.766737,-90.144609,1498.0,2020-05-19T10:50
Trachemys scripta elegans,Missouri,37.759125,-90.449352,263.0,2016-07-13T17:58Z
Trachemys scripta elegans,Tennessee,36.317117,-82.323557,56.0,2020-05-18T09:33
Trachemys scripta elegans,Texas,29.760427,-95.369803,51859.0,2017-09-22T09:07
Trachemys scripta elegans,Texas,31.5,-94.76,,2020-05-14T15:01:21
Trachemys scripta elegans,Arkansas,36.104461,-94.193113,5.0,2020-05-14T11:18:35
Trachemys scripta elegans,Texas,30.060003,-95.202239,9.0,2020-05-19T17:42:07Z
Trachemys scripta elegans,Texas,29.76672,-95.450507,22.0,2020-05-18T17:39:18
Trachemys scripta elegans,Arkansas,33.941188,-91.460695,4.0,2020-05-19T17:33
Trachemys scripta elegans,Arkansas,35.147837,-92.635863,,2020-05-14T17:33
Trachemys scripta elegans,Arkansas,33.804527,-91.357526,2.0,2020-05-15T16:25
Trachemys scripta elegans,Texas,31.37515,-94.728399,400.0,2020-05-20
Trachemys scripta elegans,Tennessee,35.246587,-90.02299,146.0,2020-05-21T11:26:17
Trachemys scripta elegans,Texas,29.373495,-95.624621,403.0,2020-05-16T16:45
Trachemys scripta elegans,Arkansas,36.104558,-94.193055,5.0,2020-05-16T09:06:42
Trachemys scripta elegans,Texas,29.372299,-95.62799,31.0,2020-05-15T11:21
Trachemys scripta elegans,Texas,31.356765,-94.726763,100.0,2020-05-21
Trachemys scripta elegans,Louisiana,30.337645,-90.038141,201.0,2020-05-11T10:54
Trachemys scripta elegans,Texas,29.765204,-95.452089,352.0,2020-05-13T07:47Z
Trachemys scripta elegans,Louisiana,30.473439,-90.140489,198.0,2020-05-10T10:25
Trachemys scripta elegans,Texas,30.264313,-94.512594,8.0,2020-05-05T11:48
Trachemys scripta elegans,Arkansas,36.212983,-94.156655,178.0,2020-05-14T17:28
Trachemys scripta elegans,Louisiana,30.337645,-90.038141,201.0,2020-05-12T09:45
Trachemys scripta elegans,Texas,29.595913,-95.0717,10.0,2020-05-19T09:03:36
Trachemys scripta elegans,Arkansas,35.366244,-90.238205,31.0,2020-05-14T16:10
Trachemys scripta elegans,Texas,29.636811,-95.660515,6.0,2020-05-19T15:24:21Z
Trachemys scripta elegans,Texas,29.571548,-95.551268,12.0,2020-05-17T19:37:14Z
Trachemys scripta elegans,Arkansas,35.878892,-90.096079,52.0,2020-05-10T15:40
Trachemys scripta elegans,Texas,29.217613,-94.934444,143.0,2020-05-09T23:49
Trachemys scripta elegans,Arkansas,36.212983,-94.156655,178.0,2020-05-14T17:28
Trachemys scripta elegans,Arkansas,34.780137,-92.50747,11.0,2020-05-19T11:48:07
Trachemys scripta elegans,Louisiana,30.382485,-91.044731,20.0,2020-05-14T09:42:19Z
Trachemys scripta elegans,Texas,29.966487,-95.847576,,2020-05-13T14:13:50
Trachemys scripta elegans,Louisiana,29.647569,-90.529826,195.0,2020-05-17T12:30Z
Trachemys scripta elegans,Arkansas,35.21788,-92.940087,,2020-05-14T18:37
Trachemys scripta elegans,Texas,29.766791,-95.450563,22.0,2020-05-16T10:53:28
Trachemys scripta elegans,Texas,32.358958,-96.002153,39.0,2020-05-10T13:20
Trachemys scripta elegans,Louisiana,30.337645,-90.038141,201.0,2020-05-12T09:25
Trachemys scripta elegans,Louisiana,32.588546,-92.053258,31.0,2020-05-13T13:00
Trachemys scripta elegans,Texas,33.009551,-94.699778,8.0,2020-05-11T12:14
Trachemys scripta elegans,Louisiana,30.337645,-90.038141,201.0,2020-05-12T09:22
Trachemys scripta elegans,Texas,29.526601,-95.798973,50.0,2020-05-13T11:28:41Z
Trachemys scripta elegans,Arkansas,36.1041,-94.19172,5.0,2020-05-14T11:16:02
Trachemys scripta elegans,Louisiana,30.2,-92.04,,2020-05-14T00:19:27Z
Trachemys scripta elegans,Arkansas,36.10418,-94.193101,22.0,2020-05-13T17:09:10
Trachemys scripta elegans,Louisiana,30.993309,-91.361177,4.0,2020-05-09T10:47
Trachemys scripta elegans,Texas,29.957673,-95.166353,,2020-05-16T17:52
Trachemys scripta elegans,Arkansas,36.363709,-92.522882,28563.0,2020-05-10T10:09
Trachemys scripta elegans,Arkansas,33.087812,-92.191394,4029.0,2020-05-13T16:53
Trachemys scripta elegans,Texas,30.176574,-95.584654,52.0,2020-05-13T11:03:10
Trachemys scripta elegans,Texas,32.73683,-94.119575,10.0,2020-05-15T12:08:26Z
Trachemys scripta elegans,Texas,29.761802,-95.450043,17.0,2020-05-10T16:53:32
Trachemys scripta elegans,Texas,29.766644,-95.450601,22.0,2020-05-16T10:59:36
Trachemys scripta elegans,Louisiana,30.766737,-90.144609,1498.0,2020-05-19T12:15
Trachemys scripta elegans,Arkansas,36.212983,-94.156655,178.0,2020-05-14T17:24
Trachemys scripta elegans,Texas,30.037626,-95.226195,10.0,2020-04-08T13:03:20Z
Trachemys scripta elegans,Texas,29.724911,-95.432644,65.0,2020-05-11T22:59:04Z
Trachemys scripta elegans,Texas,30.853302,-94.202407,9.0,2020-05-20T11:54:37Z
Trachemys scripta elegans,Louisiana,30.473439,-90.140489,198.0,2020-05-21T11:42
Trachemys scripta elegans,Tennessee,35.254538,-90.026065,21.0,2020-05-21T11:51:19
Trachemys scripta elegans,Arkansas,36.068686,-94.204262,192.0,2020-05-17T14:34
Trachemys scripta elegans,Texas,29.766846,-95.450539,22.0,2020-05-16T10:52:58
Trachemys scripta elegans,Texas,29.781787,-95.37524,17.0,2020-04-29T10:12:46Z
Trachemys scripta elegans,Texas,31.37931,-94.727773,164.0,2020-05-08
Trachemys scripta elegans,Texas,29.744614,-95.418297,29458.0,2019-06-23T16:37:46
Trachemys scripta elegans,Arkansas,36.055056,-94.064378,5.0,2020-05-21T09:59:57
Trachemys scripta elegans,Arkansas,36.320254,-92.418271,28563.0,2020-05-09T15:24:46
Trachemys scripta elegans,Louisiana,30.082558,-90.504116,9.0,2020-05-02T15:37:10Z
Trachemys scripta elegans,Texas,29.37421,-95.60645,8.0,2020-05-02T12:01:21Z
Trachemys scripta elegans,Texas,29.543508,-95.577814,29483.0,2020-04-29T13:11
Trachemys scripta elegans,Texas,29.702724,-95.469085,45.0,2020-04-24T15:52:49Z
Trachemys scripta elegans,Texas,29.806641,-95.765534,858.0,2020-04-30T04:22
Trachemys scripta elegans,Louisiana,30.684866,-90.006223,29330.0,2020-05-06T11:57
Trachemys scripta elegans,Louisiana,30.480539,-90.175903,29356.0,2020-05-05T16:37
Trachemys scripta elegans,Louisiana,30.54437,-90.935564,15.0,2020-05-04
Trachemys scripta elegans,Arkansas,35.883003,-91.209355,1979.0,2020-05-05T14:11:27Z
Trachemys scripta elegans,Texas,30.015796,-95.557801,130.0,2020-05-07T16:10:09
Trachemys scripta elegans,Texas,29.785592,-95.416012,24.0,2020-05-07T08:42:11Z
Trachemys scripta elegans,Louisiana,30.692498,-93.189717,29330.0,2020-05-03T09:56:47
Trachemys scripta elegans,Louisiana,30.456384,-90.081897,29356.0,2020-05-05T16:38
Trachemys scripta elegans,Louisiana,30.598436,-90.184441,197.0,2020-05-05T16:38
Trachemys scripta elegans,Texas,31.09888,-95.221182,29278.0,2020-04-12T12:46:52
Trachemys scripta elegans,Louisiana,30.598436,-90.184441,197.0,2020-05-05T16:41
Trachemys scripta elegans,Texas,30.211042,-95.513986,8.0,2019-06-12T15:07
Trachemys scripta elegans,Tennessee,35.147859,-90.055633,42.0,2020-05-06T13:40:17
Trachemys scripta elegans,Louisiana,30.60392,-90.106317,29330.0,2020-05-06T13:30
Trachemys scripta elegans,Louisiana,30.418382,-90.024139,29356.0,2020-05-04T14:04
Trachemys scripta elegans,Texas,29.591822,-95.129228,10.0,2020-05-04T17:52:58Z
Trachemys scripta elegans,Arkansas,34.744796,-92.256129,145.0,2020-05-03T17:41
Trachemys scripta elegans,Texas,31.37515,-94.728399,400.0,2020-05-05
Trachemys scripta elegans,Texas,30.026772,-95.2949,30.0,2020-04-26T12:49:55Z
Trachemys scripta elegans,Texas,29.764019,-95.453305,22.0,2020-05-01T11:17:59
Trachemys scripta elegans,Louisiana,30.310111,-91.095519,,2020-05-06T13:26
Trachemys scripta elegans,Texas,31.441425,-96.084398,2.0,2020-05-02T14:00
Trachemys scripta elegans,Texas,31.441334,-96.084514,8.0,2020-05-02T13:59
Trachemys scripta elegans,Texas,29.394848,-94.876717,,2020-05-02T10:08
Trachemys scripta elegans,Texas,29.432286,-96.00309,266.0,2020-04-24T10:43
Trachemys scripta elegans,Louisiana,30.744868,-90.195563,29330.0,2020-05-06T14:24
Trachemys scripta elegans,Louisiana,30.761923,-90.093011,29330.0,2020-05-06T12:06
Trachemys scripta elegans,Georgia,33.809812,-84.132922,122.0,2020-05-04T09:56
Trachemys scripta elegans,Louisiana,30.642344,-90.156436,29330.0,2020-05-06T13:42
Trachemys scripta elegans,Texas,29.639057,-95.184505,2.0,2020-05-07T18:43:53
Trachemys scripta elegans,Texas,29.713929,-95.392086,47.0,2020-04-26T12:51:29
Trachemys scripta elegans,Louisiana,30.598436,-90.184441,197.0,2020-05-05T17:01
Trachemys scripta elegans,Georgia,33.640431,-84.152735,17.0,2020-05-03T11:50:18
Trachemys scripta elegans,Louisiana,30.598436,-90.184441,197.0,2020-05-05T17:01
Trachemys scripta elegans,Louisiana,30.420004,-90.0106,29356.0,2020-05-04T15:21
Trachemys scripta elegans,Texas,29.911719,-95.678408,623.0,2020-04-30T14:04
Trachemys scripta elegans,Louisiana,30.529764,-90.08972,29356.0,2020-05-04T14:00
Trachemys scripta elegans,Texas,29.580117,-95.550003,1357.0,2020-04-25T09:47:57Z
Trachemys scripta elegans,Louisiana,30.421397,-91.171775,,2020-05-05T22:33:10
Trachemys scripta elegans,Louisiana,30.380308,-91.084228,4.0,2020-04-30T23:32:26Z
Trachemys scripta elegans,Texas,30.129908,-95.546137,65.0,2020-04-03T11:15:40Z
Trachemys scripta elegans,Texas,31.356765,-94.726634,100.0,2020-05-03
Trachemys scripta elegans,Texas,29.526233,-95.800548,237.0,2020-04-11T20:07:24Z
Trachemys scripta elegans,Texas,29.526304,-95.800515,407.0,2020-05-01T12:47:08Z
Trachemys scripta elegans,Florida,29.640748,-82.362503,9.0,2020-05-03T18:35:53
Trachemys scripta elegans,Louisiana,30.403151,-91.201335,66.0,2020-04-30
Trachemys scripta elegans,Texas,32.013527,-96.07478,,2020-05-01T09:17
Trachemys scripta elegans,Texas,30.389188,-94.765987,31.0,2020-05-01T08:50:03
Trachemys scripta elegans,Texas,29.886983,-95.616272,32.0,2020-05-07T07:54:28Z
Trachemys scripta elegans,Oklahoma,33.739556,-94.653543,3526.0,2020-04-29T09:54
Trachemys scripta elegans,Louisiana,30.117517,-92.15863,29407.0,2020-04-26T10:19
Trachemys scripta elegans,Texas,29.806641,-95.765534,858.0,2020-04-22T02:06
Trachemys scripta elegans,Texas,31.37515,-94.728399,400.0,2020-05-07
Trachemys scripta elegans,Arkansas,36.267147,-92.526125,221.0,2020-05-02T10:24
Trachemys scripta elegans,Arkansas,35.787808,-90.751525,10.0,2020-05-02T13:17:08Z
Trachemys scripta elegans,Texas,29.762405,-95.44999,9.0,2020-05-04T14:39:33Z
Trachemys scripta elegans,Louisiana,30.766737,-90.144609,1498.0,2020-05-01T12:40
Trachemys scripta elegans,Louisiana,30.766737,-90.144609,1498.0,2020-05-01T14:35
Trachemys scripta elegans,Texas,29.970274,-95.572804,197.0,2020-04-26T15:01
Trachemys scripta elegans,Louisiana,30.547318,-90.000071,29356.0,2020-05-04T14:28
Trachemys scripta elegans,Louisiana,30.267933,-89.943369,7338.0,2020-04-25T18:41:27Z
Trachemys scripta elegans,Texas,29.9117,-95.682592,269.0,2020-04-27T14:33
Trachemys scripta elegans,Texas,29.761715,-95.401926,20.0,2020-04-26T09:08
Trachemys scripta elegans,Texas,30.210445,-95.565108,21.0,2020-04-21T17:56:15Z
Trachemys scripta elegans,Texas,29.978797,-95.113892,6.0,2020-04-27T09:56:03Z
Trachemys scripta elegans,Texas,30.000872,-95.528397,4.0,2020-04-24T14:06:48Z
Trachemys scripta elegans,Louisiana,31.645689,-92.182349,10.0,2020-04-26T16:53:41Z
Trachemys scripta elegans,Texas,29.709646,-95.85219,5.0,2020-04-28T09:37:56Z
Trachemys scripta elegans,Oklahoma,36.221145,-95.893393,1082.0,2020-04-25T23:20
Trachemys scripta elegans,Texas,31.333706,-94.708759,197.0,2020-04-26
Trachemys scripta elegans,Georgia,34.227602,-83.884345,5336.0,2020-03-21T10:32
Trachemys scripta elegans,Arkansas,34.005916,-91.648374,2.0,2020-04-30T17:53
Trachemys scripta elegans,Texas,30.02674,-95.29519,35.0,2020-04-25
Trachemys scripta elegans,Texas,30.6198,-94.3566,,2020-04-25T09:35
Trachemys scripta elegans,Texas,30.026772,-95.2949,30.0,2020-04-26T12:49:55Z
Trachemys scripta elegans,Texas,30.02701,-95.295297,61.0,2020-04-25
Trachemys scripta elegans,Texas,29.987118,-95.564163,198.0,2020-04-24T14:42
Trachemys scripta elegans,Louisiana,29.673266,-90.704407,2.0,2020-04-29
Trachemys scripta elegans,Texas,29.9117,-95.682592,269.0,2020-04-27T14:38
Trachemys scripta elegans,Texas,29.218625,-95.591979,4.0,2020-04-28T15:03
Trachemys scripta elegans,Texas,30.583599,-96.30041,58.0,2020-04-29T00:09Z
Trachemys scripta elegans,Texas,30.129495,-95.545363,39.0,2020-04-03T11:33:13Z
Trachemys scripta elegans,Louisiana,31.179961,-92.415251,4.0,2020-04-08T03:21
Trachemys scripta elegans,Texas,29.82471,-95.55632,,2020-04-27T17:32
Trachemys scripta elegans,Texas,29.604627,-95.094319,2.0,2020-04-29T14:01
Trachemys scripta elegans,Texas,29.701515,-95.877858,7.0,2020-04-26T12:29:12
Trachemys scripta elegans,Texas,29.762403,-95.449988,14.0,2020-04-26T11:04:10Z
Trachemys scripta elegans,Arkansas,36.103318,-94.161443,,2020-04-29T07:27:21
Trachemys scripta elegans,Texas,29.712904,-95.388494,67.0,2020-04-25T11:40:48Z
Trachemys scripta elegans,Texas,32.178904,-94.330159,2.0,2020-04-25T16:59
Trachemys scripta elegans,Texas,29.666955,-95.485904,30.0,2020-04-27T15:27:23Z
Trachemys scripta elegans,Mississippi,31.581485,-89.107061,9.0,2020-04-28T14:51:33Z
Trachemys scripta elegans,Texas,29.793756,-95.422718,10.0,2020-04-27T14:49:15Z
Trachemys scripta elegans,Texas,29.6625,-95.48648,6.0,2020-04-27T09:55:18
Trachemys scripta elegans,Texas,29.988355,-95.652472,4.0,2020-04-27T13:02:20
Trachemys scripta elegans,Texas,30.583564,-96.300281,69.0,2020-04-27T17:08:54Z
Trachemys scripta elegans,Louisiana,31.364597,-92.188935,,2020-04-28T14:45
Trachemys scripta elegans,Texas,29.698105,-93.947971,195.0,2020-04-23T00:52
Trachemys scripta elegans,Louisiana,30.370113,-91.140861,,2020-04-30T13:17:13Z
Trachemys scripta elegans,Texas,28.9826,-96.01387,4.0,2020-04-28T13:06
Trachemys scripta elegans,Arkansas,36.137272,-94.140242,,2020-04-23
Trachemys scripta elegans,Texas,29.765204,-95.452089,233.0,2020-04-24T09:51
Trachemys scripta elegans,Texas,29.633063,-95.66611,1621.0,2020-04-24T12:03:35
Trachemys scripta elegans,Texas,30.013565,-95.556433,11.0,2020-04-24T17:00:24
Trachemys scripta elegans,Texas,29.156188,-95.641763,16.0,2020-04-25T10:21:09
Trachemys scripta elegans,Texas,28.981819,-96.013996,4.0,2020-04-28T12:51
Trachemys scripta elegans,Texas,29.601276,-95.09919,2.0,2020-04-29T13:28
Trachemys scripta elegans,Texas,29.9117,-95.682592,269.0,2020-04-27T14:28
Trachemys scripta elegans,Texas,29.604542,-95.095966,2.0,2020-04-26T14:15
Trachemys scripta elegans,Texas,29.890453,-95.610162,6.0,2020-04-28T08:39:14Z
Trachemys scripta elegans,Louisiana,29.67325,-90.70445,2.0,2020-04-29
Trachemys scripta elegans,Louisiana,29.673263,-90.70442,2.0,2020-04-29
Trachemys scripta elegans,Texas,29.59183,-95.749588,5.0,2020-04-24T12:10:43
Trachemys scripta elegans,Arkansas,35.355672,-90.228198,61.0,2020-04-18T15:29
Trachemys scripta elegans,Texas,32.362415,-95.99932,137.0,2020-04-26T14:34
Trachemys scripta elegans,Texas,30.6198,-94.3566,,2020-04-25T09:37
Trachemys scripta elegans,Arkansas,33.786512,-91.50783,15.0,2020-04-27T18:40
Trachemys scripta elegans,Georgia,33.471957,-84.306045,229.0,2020-04-25T13:55
Trachemys scripta elegans,Texas,29.890625,-95.6102,24.0,2020-04-26T07:58:02Z
Trachemys scripta elegans,Texas,30.189166,-95.467904,5.0,2020-04-26T13:00:29
Trachemys scripta elegans,Texas,29.623082,-95.645339,380.0,2020-04-27T10:04
Trachemys scripta elegans,Oklahoma,33.739556,-94.653543,4289.0,2020-04-29T08:59
Trachemys scripta elegans,Tennessee,36.318865,-86.481964,67314.0,2020-04-25T12:52:12Z
Trachemys scripta elegans,Texas,29.9117,-95.682592,269.0,2020-04-27T14:30
Trachemys scripta elegans,Texas,32.364409,-95.999067,224.0,2020-04-26T14:27
Trachemys scripta elegans,Arkansas,36.235492,-92.71265,155.0,2020-04-26T12:03
Trachemys scripta elegans,Texas,29.987514,-95.168778,5.0,2020-04-27T10:09
Trachemys scripta elegans,Texas,29.766548,-95.45064,28.0,2020-04-24T11:54:39
Trachemys scripta elegans,Texas,30.024665,-95.294037,343.0,2020-04-25T09:30
Trachemys scripta elegans,Texas,29.76684,-95.450648,22.0,2020-04-24T11:46:06
Trachemys scripta elegans,Texas,29.529685,-95.048001,25.0,2020-04-29T13:05:29Z
Trachemys scripta elegans,Texas,30.0247,-95.260437,11.0,2020-04-24T16:43:04
Trachemys scripta elegans,Oklahoma,36.221145,-95.893393,1070.0,2020-04-25T21:29
Trachemys scripta elegans,Texas,29.701618,-95.877858,9.0,2020-04-26T12:29:14
Trachemys scripta elegans,Texas,30.242008,-96.21678,6.0,2020-04-30T10:46:27Z
Trachemys scripta elegans,Texas,29.564068,-95.122954,,2020-04-26T10:56:31Z
Trachemys scripta elegans,North Carolina,35.53472,-82.657967,557.0,2020-04-24T15:32:26
Trachemys scripta elegans,Arkansas,35.360401,-90.232039,31.0,2020-04-18T15:06
Trachemys scripta elegans,Texas,29.577014,-95.553927,8.0,2020-04-25T09:59:32Z
Trachemys scripta elegans,Texas,29.513253,-95.142857,202.0,2020-03-08
Trachemys scripta elegans,Texas,29.723203,-95.769403,5.0,2020-04-26T10:15:19Z
Trachemys scripta elegans,Texas,29.765204,-95.452089,233.0,2020-04-24T09:37
Trachemys scripta elegans,Louisiana,30.396692,-90.074889,10.0,2020-04-24T15:39:46
Trachemys scripta elegans,Alabama,31.357707,-85.880188,488.0,2020-04-21T12:27
Trachemys scripta elegans,Texas,29.765204,-95.452089,233.0,2020-04-24T09:48
Trachemys scripta elegans,Texas,29.762376,-95.449965,33.0,2020-04-24T10:32:48
Trachemys scripta elegans,Texas,29.765918,-95.452016,151.0,2020-04-09T11:21:57Z
Trachemys scripta elegans,Texas,31.366898,-94.733703,113.0,2020-04-25
Trachemys scripta elegans,Arkansas,35.362319,-90.233914,31.0,2020-04-18T15:03
Trachemys scripta elegans,Texas,29.759385,-95.446168,,2020-04-27T13:03
Trachemys scripta elegans,Arkansas,35.364952,-90.236618,31.0,2020-04-18T14:58
Trachemys scripta elegans,Texas,29.764367,-95.453783,35.0,2020-04-26T03:23:14Z
Trachemys scripta elegans,Oklahoma,36.088887,-95.802598,24.0,2020-04-24T14:14:54Z
Trachemys scripta elegans,Arkansas,33.846107,-91.483017,8.0,2020-04-27T16:41
Trachemys scripta elegans,Texas,31.335925,-94.70948,28.0,2020-04-25
Trachemys scripta elegans,Texas,29.764676,-95.452325,8.0,2020-04-25T09:04:20
Trachemys scripta elegans,Texas,29.765204,-95.452089,233.0,2020-04-24T09:52
Trachemys scripta elegans,Texas,29.581551,-96.337165,15.0,2020-04-19T18:09
Trachemys scripta elegans,Mississippi,34.269611,-88.812449,23.0,2020-04-20T14:00:46Z
Trachemys scripta elegans,Texas,29.957345,-95.167123,,2020-04-19T18:11
Trachemys scripta elegans,Texas,29.808759,-95.793248,205.0,2020-04-14T00:58
Trachemys scripta elegans,Louisiana,30.766737,-90.144609,1498.0,2020-04-17T14:38
Trachemys scripta elegans,Louisiana,30.399167,-92.073333,,2020-04-11T15:55
Trachemys scripta elegans,Oklahoma,36.356143,-96.0167,5.0,2020-04-23T11:17:19Z
Trachemys scripta elegans,Texas,29.797115,-95.722685,5.0,2020-04-13T13:52:10Z
Trachemys scripta elegans,Oklahoma,36.285526,-95.324143,,2020-04-20T19:35:34Z
Trachemys scripta elegans,Texas,29.806641,-95.765534,858.0,2020-04-17T19:46
Trachemys scripta elegans,Texas,28.935659,-95.332823,977.0,2018-07-21T13:22
Trachemys scripta elegans,Texas,29.81927,-95.763241,196.0,2020-04-10T23:07
Trachemys scripta elegans,Texas,29.759297,-95.593047,10.0,2018-04-03T12:25Z
Trachemys scripta elegans,Arkansas,33.559996,-93.699979,66.0,2020-04-14T15:36
Trachemys scripta elegans,Texas,30.602962,-96.360337,7.0,2020-04-20T14:27:46Z
Trachemys scripta elegans,Texas,31.372341,-94.728137,,2019-06-04T12:00
Trachemys scripta elegans,Louisiana,30.393828,-91.119338,6.0,2020-04-21
Trachemys scripta elegans,Louisiana,30.312675,-93.305073,29382.0,2020-04-21T13:44:27Z
Trachemys scripta elegans,Louisiana,30.54437,-90.935564,15.0,2020-04-18
Trachemys scripta elegans,Oklahoma,35.529476,-95.117181,8415.0,2020-04-18
Trachemys scripta elegans,Texas,31.366756,-94.73371,113.0,2020-04-17
Trachemys scripta elegans,Louisiana,30.407261,-91.164833,16.0,2020-04-20
Trachemys scripta elegans,Texas,33.3767,-95.280043,74345.0,2019-06-16T15:30
Trachemys scripta elegans,Texas,33.3767,-95.280043,74345.0,2019-06-16T15:14
Trachemys scripta elegans,Louisiana,30.409225,-91.17498,,2020-04-21T14:27:11Z
Trachemys scripta elegans,Louisiana,29.762583,-91.174917,22.0,2020-04-21T15:35:24Z
Trachemys scripta elegans,Texas,33.3767,-95.280043,74345.0,2019-06-16T15:31
Trachemys scripta elegans,Texas,29.370627,-95.627218,196.0,2020-02-14T15:17
Trachemys scripta elegans,Texas,31.372341,-94.728137,15.0,2019-06-04T12:02
Trachemys scripta elegans,Texas,31.372341,-94.728137,,2019-06-04T11:59
Trachemys scripta elegans,Texas,29.764017,-95.453293,,2020-04-17T11:06:07Z
Trachemys scripta elegans,Texas,30.389103,-96.066843,13.0,2020-04-16T20:10:39
Trachemys scripta elegans,Texas,31.755506,-94.675836,6.0,2020-04-19T19:00:16Z
Trachemys scripta elegans,Texas,31.628293,-94.554188,8.0,2020-04-18T15:32
Trachemys scripta elegans,Texas,31.372341,-94.728137,,2019-06-04T11:57
Trachemys scripta elegans,Texas,29.583268,-95.413075,,2020-04-17T10:47
Trachemys scripta elegans,Texas,29.701245,-95.873122,8.0,2020-04-16T16:26:39
Trachemys scripta elegans,Texas,31.37515,-94.728399,400.0,2020-04-17
Trachemys scripta elegans,Louisiana,30.286405,-89.767472,62.0,2020-04-21T11:42:38Z
Trachemys scripta elegans,Texas,29.765225,-95.452089,349.0,2020-04-20T17:11:13Z
Trachemys scripta elegans,North Carolina,35.236257,-80.984836,8.0,2015-07-25T09:34
Trachemys scripta elegans,Mississippi,30.430533,-88.848407,29356.0,2020-03-24T09:17:36
Trachemys scripta elegans,Louisiana,30.766737,-90.144609,1498.0,2020-04-15T13:55
Trachemys scripta elegans,Texas,29.717839,-95.389347,24.0,2020-04-15T10:16:30Z
Trachemys scripta elegans,Texas,29.583267,-95.413793,,2020-04-12T11:32
Trachemys scripta elegans,Arkansas,36.187997,-94.557381,,2017-04-23T12:44
Trachemys scripta elegans,Texas,29.970274,-95.572804,197.0,2020-04-09T13:24
Trachemys scripta elegans,Texas,30.945621,-96.286116,29304.0,2020-04-10T11:44:37
Trachemys scripta elegans,Mississippi,34.763157,-90.130052,8.0,2020-04-05T16:04
Trachemys scripta elegans,Texas,29.717165,-95.391152,93.0,2020-04-15T10:35:06Z
Trachemys scripta elegans,Texas,29.740764,-95.485353,29458.0,2020-04-13T18:14:46
Trachemys scripta elegans,Texas,29.606403,-95.676075,,2020-04-11T15:03:47Z
Trachemys scripta elegans,Florida,29.235809,-81.179864,29508.0,2020-03-20T10:12
Trachemys scripta elegans,Texas,29.765225,-95.452089,349.0,2020-03-30T15:35:35Z
Trachemys scripta elegans,Texas,31.18654,-94.774744,50.0,2020-04-16
Trachemys scripta elegans,Texas,29.588608,-95.004495,64.0,2020-03-17T10:34:58Z
Trachemys scripta elegans,Texas,32.042303,-94.478491,56.0,2020-04-13T13:35:11
Trachemys scripta elegans,Texas,29.970274,-95.572804,197.0,2020-03-23T18:35
Trachemys scripta elegans,Mississippi,34.772673,-90.111414,15.0,2020-04-05T14:04
Trachemys scripta elegans,Arkansas,35.63945,-91.311456,,2020-04-12T09:15:28
Trachemys scripta elegans,Texas,32.315242,-95.252669,,2020-04-10T10:39:09Z
Trachemys scripta elegans,Alabama,32.588485,-88.188191,362.0,2020-04-13T16:16:41
Trachemys scripta elegans,Texas,29.970274,-95.572804,197.0,2020-04-11T14:35
Trachemys scripta elegans,Oklahoma,36.747311,-95.980818,7707.0,2020-04-10T22:29
Trachemys scripta elegans,Texas,30.06028,-95.145066,592.0,2020-03-17T12:05:04Z
Trachemys scripta elegans,Texas,29.71835,-95.390841,1219.0,2020-04-13T14:43:17Z
Trachemys scripta elegans,Texas,29.95888,-95.168493,,2020-04-10T15:35
Trachemys scripta elegans,Texas,30.148944,-95.478979,30.0,2020-04-13T10:28:54Z
Trachemys scripta elegans,Texas,30.032498,-95.414344,29407.0,2015-03-22T14:14
Trachemys scripta elegans,Texas,29.71835,-95.390841,1219.0,2020-04-13T14:45:52Z
Trachemys scripta elegans,Oklahoma,36.377844,-95.316953,,2020-04-07T19:07:38Z
Trachemys scripta elegans,Texas,30.603425,-96.359475,54.0,2020-04-09T12:02:10Z
Trachemys scripta elegans,Texas,33.061583,-95.092164,4.0,2020-03-18T12:36:28
Trachemys scripta elegans,Texas,29.386948,-95.632967,4017.0,2020-04-05T12:49:55Z
Trachemys scripta elegans,Georgia,33.785625,-84.373766,51.0,2020-04-04T14:06:46Z
Trachemys scripta elegans,Florida,29.35291,-81.065824,29508.0,2020-04-03T16:44
Trachemys scripta elegans,Florida,29.223646,-81.026847,29508.0,2020-04-03T16:44
Trachemys scripta elegans,Arkansas,33.480371,-91.934443,28957.0,2020-04-05T17:45:20Z
Trachemys scripta elegans,Texas,29.813389,-95.530098,22.0,2020-04-09T13:38:05
Trachemys scripta elegans,Louisiana,31.385061,-91.897898,,2020-04-07T13:06
Trachemys scripta elegans,Texas,30.083549,-95.694446,50.0,2020-04-07T15:27:12
Trachemys scripta elegans,Louisiana,30.395285,-91.05357,146.0,2020-04-07T19:17:18Z
Trachemys scripta elegans,Texas,29.747534,-95.453355,21.0,2020-01-26T23:01:22Z
Trachemys scripta elegans,Texas,29.655963,-95.471849,367.0,2020-04-08T11:10:28
Trachemys scripta elegans,Texas,29.637834,-95.659123,996.0,2020-04-03T16:42:10Z
Trachemys scripta elegans,Texas,32.13028,-95.41665,65.0,2020-04-09T11:19:20Z
Trachemys scripta elegans,Arkansas,35.097109,-92.463213,15.0,2020-04-02T10:53
Trachemys scripta elegans,Texas,31.612788,-94.657722,5.0,2020-02-28T17:26:33
Trachemys scripta elegans,Oklahoma,36.226543,-95.898107,,2020-04-06T14:54
Trachemys scripta elegans,Arkansas,35.296236,-94.018076,28706.0,2018-05-17T11:51
Trachemys scripta elegans,Arkansas,35.100543,-92.461619,2.0,2020-04-02T09:40
Trachemys scripta elegans,Louisiana,30.509641,-92.044969,17.0,2020-04-05T01:57:37Z
Trachemys scripta elegans,Louisiana,30.409507,-91.170908,10.0,2020-04-03T10:09:30Z
Trachemys scripta elegans,Texas,30.290907,-95.704651,29382.0,2020-03-29T16:30:32
Trachemys scripta elegans,North Carolina,35.199878,-82.171034,80.0,2019-04-16T14:38
Trachemys scripta elegans,Texas,29.92601,-95.176908,8.0,2020-03-27T16:43:38Z
Trachemys scripta elegans,Texas,30.300418,-95.804151,24.0,2020-03-24T15:26:52
Trachemys scripta elegans,Louisiana,30.54437,-90.935564,15.0,2020-03-24
Trachemys scripta elegans,Texas,29.823714,-95.623457,3230.0,2020-03-25T04:28
Trachemys scripta elegans,Texas,31.444169,-94.692841,1996.0,2020-03-27
Trachemys scripta elegans,Texas,31.37515,-94.728399,400.0,2020-03-25
Trachemys scripta elegans,Texas,30.599959,-96.323455,2.0,2020-03-24T10:40
Trachemys scripta elegans,Missouri,36.702013,-90.130814,,2020-03-24T13:56:23Z
Trachemys scripta elegans,Texas,32.736805,-94.120964,5.0,2020-03-26T12:07:43Z
Trachemys scripta elegans,Texas,29.526414,-95.798915,5.0,2020-03-31T16:56:39Z
Trachemys scripta elegans,Louisiana,30.407175,-91.164747,,2020-03-28
Trachemys scripta elegans,Louisiana,29.852895,-92.289883,4.0,2020-03-29T13:24:22Z
Trachemys scripta elegans,Texas,29.213908,-94.938842,5.0,2020-03-26T09:25:50Z
Trachemys scripta elegans,Georgia,33.804646,-84.131774,362.0,2020-03-21T10:50:18
Trachemys scripta elegans,Mississippi,33.713282,-90.942325,58.0,2020-03-18T09:20
Trachemys scripta elegans,Texas,29.6708,-94.49256,,2016-04-22T17:33
Trachemys scripta elegans,Texas,29.573976,-94.389875,,2016-04-23T10:54
Trachemys scripta elegans,Florida,30.314908,-87.422195,5.0,2020-02-07T14:59:31Z
Trachemys scripta elegans,Oklahoma,36.266583,-95.836333,,2020-03-27T10:49:36Z
Trachemys scripta elegans,Louisiana,31.576642,-92.506225,50.0,2020-03-24T15:11:46Z
Trachemys scripta elegans,Texas,29.671921,-96.26921,14.0,2020-03-17T12:58
Trachemys scripta elegans,Texas,29.580668,-95.099429,2.0,2020-03-25T14:22
Trachemys scripta elegans,Texas,29.474259,-95.126773,,2020-03-18T09:29:19
Trachemys scripta elegans,Arkansas,34.365464,-91.396637,1182.0,2017-05-29T14:46
Trachemys scripta elegans,Louisiana,29.783918,-90.115457,212.0,2020-03-11T11:57
Trachemys scripta elegans,Arkansas,34.367436,-91.675296,30.0,2020-04-01T20:27:17
Trachemys scripta elegans,Tennessee,36.146091,-89.559805,244.0,2020-03-26T10:35
Trachemys scripta elegans,Louisiana,30.981576,-91.487016,40.0,2020-03-28T13:05:14
Trachemys scripta elegans,Texas,29.673537,-96.269755,7.0,2020-03-17T13:10
Trachemys scripta elegans,Alabama,33.462739,-86.788457,4.0,2020-03-28T17:04:01
Trachemys scripta elegans,Oklahoma,33.799667,-96.27407,,2020-03-25T12:51:03Z
Trachemys scripta elegans,Arkansas,34.816221,-92.440064,89.0,2020-03-25T15:34:38Z
Trachemys scripta elegans,Texas,31.652248,-94.642516,24.0,2020-03-24T14:01:30Z
Trachemys scripta elegans,Texas,29.797393,-95.279021,5.0,2020-03-25T09:20:09Z
Trachemys scripta elegans,Texas,30.041858,-95.446647,4.0,2020-03-23T16:46:36
Trachemys scripta elegans,Texas,29.060126,-95.267824,5.0,2020-03-28T12:41:24
Trachemys scripta elegans,Texas,29.899385,-95.815535,111.0,2020-03-24T09:36:54Z
Trachemys scripta elegans,Texas,30.035309,-95.651486,,2020-03-24T22:40Z
Trachemys scripta elegans,North Carolina,35.817422,-81.180358,193.0,2020-03-23T11:34
Trachemys scripta elegans,Kentucky,37.094375,-88.655738,12.0,2020-03-20T10:47:33
Trachemys scripta elegans,Texas,29.376408,-95.594452,14.0,2020-03-16T11:48
Trachemys scripta elegans,Louisiana,29.783918,-90.115457,212.0,2020-03-11T12:06
Trachemys scripta elegans,Tennessee,35.078778,-89.7574,5.0,2020-03-23T14:19:51
Trachemys scripta elegans,Alabama,31.381652,-86.486619,136.0,2020-03-14T12:14:53Z
Trachemys scripta elegans,Texas,29.375949,-95.590993,14.0,2020-03-16T12:48
Trachemys scripta elegans,Texas,31.373958,-94.727609,1869.0,2020-03-19T13:00:50Z
Trachemys scripta elegans,Louisiana,29.879167,-90.024444,,2020-03-14T14:10:15
Trachemys scripta elegans,Texas,30.60305,-96.359969,,2020-03-18T12:47:21
Trachemys scripta elegans,Texas,29.378116,-95.585931,2.0,2020-03-15T15:21
Trachemys scripta elegans,Texas,29.771389,-95.57,,2020-03-14T14:27:45
Trachemys scripta elegans,Texas,29.986108,-95.564538,95.0,2020-03-16T11:27:32Z
Trachemys scripta elegans,Louisiana,30.8012,-91.384902,175.0,2020-03-16T16:58:11
Trachemys scripta elegans,Texas,28.98233,-96.013798,8.0,2020-03-15T12:35
Trachemys scripta elegans,Texas,30.602658,-96.360639,,2020-03-18T13:35:28
Trachemys scripta elegans,Texas,30.401769,-95.605469,34.0,2020-03-15T17:22:26
Trachemys scripta elegans,Texas,29.84613,-96.074906,8.0,2020-03-16T12:06
Trachemys scripta elegans,Texas,30.02339,-95.294213,,2020-03-05T12:03
Trachemys scripta elegans,Tennessee,36.49746,-82.479357,2170.0,2020-03-16T09:35
Trachemys scripta elegans,Tennessee,36.49746,-82.479357,2170.0,2020-03-16T09:27
Trachemys scripta elegans,Tennessee,36.49746,-82.479357,2170.0,2020-03-16T08:37
Trachemys scripta elegans,Texas,29.71835,-95.390841,1219.0,2019-11-27T13:18
Trachemys scripta elegans,Texas,28.981918,-96.011601,4.0,2020-03-15T12:47
Trachemys scripta elegans,Tennessee,36.49746,-82.479357,2170.0,2020-03-16T09:29
Trachemys scripta elegans,Louisiana,30.54437,-90.935564,15.0,2020-03-16
Trachemys scripta elegans,Texas,29.37743,-95.585276,2.0,2020-03-15T15:11
Trachemys scripta elegans,Texas,29.217247,-94.93501,4.0,2020-03-13T15:26
Trachemys scripta elegans,Texas,28.98219,-96.011742,4.0,2020-03-15T12:47
Trachemys scripta elegans,Alabama,31.801309,-85.960617,,2020-03-18T10:02:06
Trachemys scripta elegans,Louisiana,29.878611,-90.023889,,2020-03-12T15:40
Trachemys scripta elegans,Texas,31.445375,-94.696614,1701.0,2020-03-11
Trachemys scripta elegans,Texas,29.762388,-95.450203,,2020-03-06T14:29:48
Trachemys scripta elegans,Mississippi,34.768112,-90.12947,61.0,2020-02-22T16:53
Trachemys scripta elegans,Texas,29.761829,-95.45005,6.0,2020-03-08T11:38:57Z
Trachemys scripta elegans,Tennessee,35.142937,-89.820482,54.0,2020-03-08
Trachemys scripta elegans,Texas,29.765093,-95.453471,357.0,2020-03-12T12:36:41
Trachemys scripta elegans,Texas,29.76277,-95.383022,184.0,2018-03-24T10:30
Trachemys scripta elegans,Texas,32.593676,-95.41432,2.0,2020-03-10T13:30
Trachemys scripta elegans,Texas,29.994275,-95.429528,13.0,2020-03-07T14:59:59
Trachemys scripta elegans,Texas,31.37515,-94.728399,400.0,2020-03-06
Trachemys scripta elegans,Tennessee,36.547641,-82.524901,192.0,2020-03-09T11:05
Trachemys scripta elegans,Texas,32.593836,-95.414557,2.0,2020-03-10T13:34
Trachemys scripta elegans,Texas,29.994325,-95.429292,11.0,2020-03-07T15:24:50
Trachemys scripta elegans,Texas,29.891083,-95.623413,5.0,2020-03-10T17:58:53Z
Trachemys scripta elegans,Texas,29.76652,-95.450722,10.0,2020-03-01T13:52:23
Trachemys scripta elegans,Mississippi,34.102222,-90.132774,,2020-02-18T11:39:58
Trachemys scripta elegans,Florida,30.514303,-87.219222,4.0,2019-08-27T11:52:31
Trachemys scripta elegans,Texas,29.958128,-95.165133,,2020-02-27T17:09
Trachemys scripta elegans,Tennessee,36.49746,-82.479357,2170.0,2020-03-01T10:42
Trachemys scripta elegans,Texas,31.375437,-94.727074,400.0,2020-02-25
Trachemys scripta elegans,Louisiana,30.306448,-91.751098,198.0,2020-02-21T14:06
Trachemys scripta elegans,Mississippi,30.397907,-88.79013,,2020-02-23T09:27
Trachemys scripta elegans,Louisiana,30.351412,-90.034162,,2020-02-25T13:46
Trachemys scripta elegans,Mississippi,30.308844,-89.332484,6.0,2020-02-28T15:31:54
Trachemys scripta elegans,Texas,30.600989,-96.3602,4.0,2020-02-27T15:01
Trachemys scripta elegans,Mississippi,30.39795,-88.790092,,2020-02-23T09:29
Trachemys scripta elegans,Texas,32.481828,-95.284325,,2020-02-29T15:16
Trachemys scripta elegans,Texas,32.486929,-95.391512,3.0,2020-02-29T15:40
Trachemys scripta elegans,Texas,29.373132,-95.62713,9.0,2015-05-02T14:09
Trachemys scripta elegans,Texas,29.761856,-95.450012,5.0,2020-02-21T15:24:58Z
Trachemys scripta elegans,Texas,29.764275,-95.454197,56.0,2020-02-07T12:05:06Z
Trachemys scripta elegans,Texas,29.76165,-95.5605,9.0,2020-02-16T11:15:42
Trachemys scripta elegans,Texas,29.985428,-95.575133,,2020-02-09T08:53
Trachemys scripta elegans,Louisiana,30.392953,-91.117892,8.0,2020-02-11
Trachemys scripta elegans,Louisiana,30.3944,-91.119856,22.0,2020-01-30T14:57:23Z
Trachemys scripta elegans,Louisiana,29.918539,-90.210909,5574.0,2020-01-31T15:26
Trachemys scripta elegans,Texas,32.594756,-95.406513,2.0,2020-02-03T13:24
Trachemys scripta elegans,Texas,29.480113,-95.177975,355.0,2020-02-02T09:43
Trachemys scripta elegans,Texas,29.373973,-95.619415,358.0,2020-02-16T16:45:06
Trachemys scripta elegans,Tennessee,36.572478,-82.234862,9.0,2020-02-15T13:44
Trachemys scripta elegans,Louisiana,31.146576,-92.49736,5822.0,2020-02-08T16:16
Trachemys scripta elegans,Texas,29.762336,-95.450131,24.0,2020-02-19T13:46:37Z
Trachemys scripta elegans,Texas,29.636755,-95.660513,5.0,2020-02-02T07:49:03
Trachemys scripta elegans,Texas,29.806641,-95.765534,858.0,2020-02-15T04:08
Trachemys scripta elegans,North Carolina,35.564388,-80.897315,28677.0,2020-02-15T16:25:13
Trachemys scripta elegans,Texas,29.98787,-95.562243,198.0,2020-02-14T17:57
Trachemys scripta elegans,Texas,29.602912,-94.556153,,2020-02-14T15:17
Trachemys scripta elegans,Texas,29.144352,-96.225529,8.0,2020-02-15T17:26:34
Trachemys scripta elegans,South Carolina,34.04861,-81.186729,6.0,2020-01-25T12:33
Trachemys scripta elegans,Louisiana,29.918539,-90.210909,5574.0,2020-01-31T15:26
Trachemys scripta elegans,Texas,30.611,-96.293915,,2020-01-26T14:11:06
Trachemys scripta elegans,Texas,29.764783,-95.621089,8.0,2017-04-18T18:25
Trachemys scripta elegans,Texas,29.479988,-95.180937,,2020-02-23T10:25
Trachemys scripta elegans,Texas,29.95831,-95.164483,,2020-02-17T17:29
Trachemys scripta elegans,Texas,29.958388,-95.165491,15.0,2020-02-17T17:37
Trachemys scripta elegans,Georgia,33.809519,-84.298334,162.0,2020-02-02T13:54:48
Trachemys scripta elegans,Georgia,31.032027,-81.416643,8.0,2020-01-12T13:28
Trachemys scripta elegans,Texas,31.37515,-94.7284,400.0,2020-02-04
Trachemys scripta elegans,Alabama,31.130797,-87.862228,10.0,2019-06-20T09:57:13
Trachemys scripta elegans,Texas,29.804471,-95.819789,184.0,2019-05-12T02:03
Trachemys scripta elegans,Texas,32.605314,-94.133297,488.0,2019-04-06
Trachemys scripta elegans,Texas,30.087241,-94.783768,15.0,2020-02-22T12:02
Trachemys scripta elegans,Texas,32.475573,-95.291308,,2020-02-14T12:30
Trachemys scripta elegans,Texas,29.914242,-95.055137,19.0,2020-02-10T11:11
Trachemys scripta elegans,Florida,29.182665,-81.710987,422.0,2020-02-13T13:40
Trachemys scripta elegans,Texas,31.795427,-96.057101,14.0,2020-02-01T15:06
Trachemys scripta elegans,Texas,29.71907,-95.392472,10.0,2020-02-21T09:45:48
Trachemys scripta elegans,Texas,30.627335,-95.537304,2.0,2020-02-22T15:36
Trachemys scripta elegans,Texas,29.763442,-95.442755,2000.0,2020-02-07T10:41:53Z
Trachemys scripta elegans,Texas,30.036908,-95.386095,14.0,2020-02-02T11:51:41Z
Trachemys scripta elegans,Texas,29.860204,-95.616127,15.0,2016-05-26T16:15
Trachemys scripta elegans,Texas,29.860162,-95.616127,8.0,2016-05-26T16:16
Trachemys scripta elegans,Texas,31.37515,-94.7284,400.0,2020-02-18
Trachemys scripta elegans,Louisiana,31.067683,-93.068294,4708.0,2020-02-10T12:02
Trachemys scripta elegans,Arkansas,35.532058,-92.4486,3.0,2019-06-13T11:28:59
Trachemys scripta elegans,Texas,29.760508,-95.617955,178.0,2017-04-18T16:38
Trachemys scripta elegans,Texas,29.765012,-95.620723,198.0,2017-04-18T18:45
Trachemys scripta elegans,Texas,29.765012,-95.620723,198.0,2017-04-18T18:44
Trachemys scripta elegans,Texas,29.765012,-95.620723,198.0,2017-04-18T18:43
Trachemys scripta elegans,Texas,29.765012,-95.620723,198.0,2017-04-18T18:45
Trachemys scripta elegans,Texas,29.765012,-95.620723,198.0,2017-04-18T18:44
Trachemys scripta elegans,Texas,29.395778,-95.033784,610.0,2019-04-29T11:55
Trachemys scripta elegans,Texas,29.806641,-95.765534,858.0,2017-04-19T23:53
Trachemys scripta elegans,Texas,29.806641,-95.765534,858.0,2016-12-08T22:22
Trachemys scripta elegans,Texas,29.802787,-95.696664,198.0,2018-12-15T03:52
Trachemys scripta elegans,Texas,29.806641,-95.765534,858.0,2016-03-08T07:17Z
Trachemys scripta elegans,Texas,29.860078,-95.616133,57.0,2015-06-12
Trachemys scripta elegans,Texas,29.860608,-95.616144,57.0,2015-06-12
Trachemys scripta elegans,Texas,29.860078,-95.616133,57.0,2015-06-12
Trachemys scripta elegans,Texas,29.85599,-95.607025,199.0,2015-05-21T12:30
Trachemys scripta elegans,Louisiana,32.322591,-91.350013,5461.0,2019-07-28T12:43
Trachemys scripta elegans,Alabama,33.486834,-86.777898,31.0,2016-08-28T02:59:30
Trachemys scripta elegans,Texas,30.641803,-96.362538,8.0,2020-01-28T14:35
Trachemys scripta elegans,Louisiana,29.879444,-90.024445,,2020-01-28T13:05:08
Trachemys scripta elegans,Texas,30.641787,-96.362736,4.0,2019-10-21T11:57
Trachemys scripta elegans,Texas,30.719602,-96.161388,2.0,2019-11-03T13:42
Trachemys scripta elegans,Texas,29.806641,-95.765534,858.0,2020-01-24T01:39
Trachemys scripta elegans,Tennessee,35.547372,-84.059854,1765.0,2019-11-17T12:18
Trachemys scripta elegans,Louisiana,32.604877,-92.050327,261.0,2019-12-26T14:25
Trachemys scripta elegans,Arkansas,36.10422,-94.192012,,2020-01-25T15:13:52
Trachemys scripta elegans,Tennessee,35.495152,-89.258757,700.0,2017-08-05T12:25
Trachemys scripta elegans,Texas,29.890628,-95.610245,24.0,2020-01-25T08:03:05Z
Trachemys scripta elegans,Texas,30.641857,-96.362877,4.0,2019-09-01T14:23
Trachemys scripta elegans,Texas,30.88882,-96.092927,1861.0,2020-01-18T13:39
Trachemys scripta elegans,Texas,30.963291,-95.919862,160.0,2020-01-18T11:37
Trachemys scripta elegans,Texas,30.875267,-96.083056,1861.0,2020-01-18T14:24
Trachemys scripta elegans,Texas,30.614225,-96.332091,2.0,2019-11-18T14:16
Trachemys scripta elegans,Texas,30.641857,-96.36274,2.0,2019-12-09T14:39
Trachemys scripta elegans,Texas,31.37515,-94.7284,400.0,2020-01-21
Trachemys scripta elegans,Texas,29.370894,-95.623029,443.0,2020-01-19T16:54:30
Trachemys scripta elegans,Florida,30.369852,-81.406023,,2020-01-16T11:56
Trachemys scripta elegans,Tennessee,36.061825,-86.80723,133.0,2020-01-19T12:10
Trachemys scripta elegans,Texas,29.782774,-95.370474,10.0,2020-01-19T10:17:19
Trachemys scripta elegans,Louisiana,29.792262,-90.131982,,2020-01-18T12:12
Trachemys scripta elegans,Texas,29.890572,-95.610145,16.0,2020-01-17T07:56:18Z
Trachemys scripta elegans,Alabama,33.555582,-86.696907,191.0,2019-02-06T12:01
Trachemys scripta elegans,Mississippi,32.224558,-90.142663,29120.0,2016-12-23
Trachemys scripta elegans,Louisiana,29.879651,-90.433971,1023.0,2020-01-16T13:09
Trachemys scripta elegans,Texas,29.578366,-94.475097,1828.0,2020-01-15T14:54:04
Trachemys scripta elegans,Texas,29.88715,-95.612541,48.0,2020-01-16T16:52:29Z
Trachemys scripta elegans,Texas,28.968924,-96.037225,8.0,2020-01-15T09:07
Trachemys scripta elegans,Texas,28.981976,-96.010084,8.0,2020-01-15T09:58
Trachemys scripta elegans,Texas,28.982003,-96.013897,4.0,2020-01-15T09:19
Trachemys scripta elegans,Texas,29.89058,-95.610138,24.0,2020-01-16T09:24:10Z
Trachemys scripta elegans,Texas,29.374567,-95.602679,4.0,2020-01-15T12:38
Trachemys scripta elegans,Texas,29.887183,-95.612533,12.0,2020-01-16T09:32:35Z
Trachemys scripta elegans,Texas,29.376202,-95.603342,4.0,2020-01-15T12:33
Trachemys scripta elegans,Texas,28.982187,-96.013725,4.0,2020-01-15T09:20
Trachemys scripta elegans,Texas,28.981749,-96.014213,2.0,2020-01-15T09:18
Trachemys scripta elegans,Texas,28.981569,-96.013714,4.0,2020-01-15T09:19
Trachemys scripta elegans,Florida,29.646017,-82.347564,24.0,2020-01-15T12:06:57
Trachemys scripta elegans,Texas,30.61592,-95.532057,,2020-01-14T17:09
Trachemys scripta elegans,Texas,30.6137,-95.532893,,2020-01-14T16:50
Trachemys scripta elegans,Texas,32.591613,-95.40422,2.0,2020-01-14T15:39
Trachemys scripta elegans,Texas,29.699157,-93.948951,271.0,2019-04-19T09:49
Trachemys scripta elegans,Texas,29.760427,-95.369803,51859.0,2016-12-15T11:55
Trachemys scripta elegans,Texas,29.760427,-95.369803,51859.0,2016-01-12T11:53
Trachemys scripta elegans,Louisiana,30.257995,-91.986625,6.0,2020-01-11T12:34:19
Trachemys scripta elegans,Texas,29.856523,-95.164176,15.0,2020-01-04T14:11
Trachemys scripta elegans,Mississippi,31.584323,-89.65104,29226.0,2019-05-05T13:10:01
Trachemys scripta elegans,Mississippi,31.592037,-89.201217,5.0,2019-04-16T15:35:51
Trachemys scripta elegans,Mississippi,31.334023,-89.170996,22.0,2019-04-10T13:13:13Z
Trachemys scripta elegans,Texas,29.890597,-95.610162,6.0,2020-01-09T08:03:53Z
Trachemys scripta elegans,Louisiana,29.904135,-93.520564,352.0,2020-01-04T12:28:45Z
Trachemys scripta elegans,Texas,29.823714,-95.623457,3230.0,2020-01-05T23:13
Trachemys scripta elegans,Texas,29.804471,-95.819789,184.0,2020-01-04T04:37
Trachemys scripta elegans,Tennessee,35.259918,-90.063257,61.0,2019-07-06T11:43
Trachemys scripta elegans,Texas,29.607597,-94.547699,,2020-01-04T10:18
Trachemys scripta elegans,Texas,29.612563,-94.545442,,2020-01-04T10:26
Trachemys scripta elegans,Missouri,37.509342,-94.535095,,2019-05-24T07:56:08
Trachemys scripta elegans,Louisiana,32.323684,-91.348076,4624.0,2020-01-05T14:31
Trachemys scripta elegans,Mississippi,30.397801,-88.790902,19.0,2020-01-09T10:22:34Z
Trachemys scripta elegans,Texas,29.577143,-95.55039,188.0,2019-12-31T03:45
Trachemys scripta elegans,Texas,32.30956,-96.141034,4.0,2019-03-16
Trachemys scripta elegans,Tennessee,36.49746,-82.479357,2170.0,2019-12-30T10:47
Trachemys scripta elegans,Tennessee,36.49746,-82.479357,2170.0,2019-12-30T10:42
Trachemys scripta elegans,Texas,29.761842,-95.59558,,2018-05-28T17:03:08Z
Trachemys scripta elegans,Arkansas,35.508875,-93.320893,6.0,2015-05-08
Trachemys scripta elegans,Texas,29.216514,-94.935278,4.0,2019-12-23T13:21
Trachemys scripta elegans,Texas,29.370627,-95.627218,196.0,2019-12-23T21:50
Trachemys scripta elegans,Louisiana,30.474144,-90.138332,31.0,2019-12-25T13:44
Trachemys scripta elegans,Texas,29.603954,-94.553783,61.0,2019-12-23T17:47
Trachemys scripta elegans,Texas,31.179535,-94.867093,10.0,2019-03-14
Trachemys scripta elegans,Arkansas,36.104606,-94.193122,,2019-12-26T15:41:30
Trachemys scripta elegans,Texas,29.501625,-94.640526,29483.0,2019-03-14
Trachemys scripta elegans,Louisiana,31.631588,-92.808059,4.0,2019-12-17
Trachemys scripta elegans,Texas,32.728478,-94.107239,20.0,2019-12-18
Trachemys scripta elegans,Texas,29.479316,-95.180778,,2019-12-19T09:42
Trachemys scripta elegans,Texas,32.716799,-94.123903,10.0,2019-12-15
Trachemys scripta elegans,Texas,30.580862,-94.379725,15.0,2019-12-14T02:09
Trachemys scripta elegans,Texas,30.580819,-94.379572,2.0,2019-12-14T02:49
Trachemys scripta elegans,Texas,30.007203,-94.141959,15.0,2019-12-12T00:08
Trachemys scripta elegans,Texas,29.479894,-95.177959,313.0,2019-12-18T14:11
Trachemys scripta elegans,Texas,29.374395,-95.603231,15.0,2019-11-29T13:15
Trachemys scripta elegans,Florida,29.656892,-82.319717,15.0,2019-11-28T11:59:41
Trachemys scripta elegans,Louisiana,32.601411,-92.049493,11.0,2019-12-04T16:05
Trachemys scripta elegans,Texas,29.823714,-95.623457,3230.0,2019-12-08T22:39
Trachemys scripta elegans,Texas,29.609704,-94.55595,31.0,2019-12-07T00:45
Trachemys scripta elegans,Texas,29.375723,-95.613103,4.0,2019-12-07T11:36
Trachemys scripta elegans,Texas,29.217613,-94.934444,143.0,2019-11-25T23:55
Trachemys scripta elegans,Texas,29.734215,-95.461226,28.0,2019-12-05T12:23:58Z
Trachemys scripta elegans,Texas,29.821935,-94.664351,207.0,2019-12-01T11:22
Trachemys scripta elegans,Texas,31.358084,-94.727106,330.0,2019-12-05
Trachemys scripta elegans,Texas,28.982573,-96.013894,2.0,2019-11-20T10:11
Trachemys scripta elegans,Texas,29.67941,-95.655503,25.0,2019-11-01T16:27
Trachemys scripta elegans,Mississippi,34.79712,-89.731428,66333.0,2019-10-06T11:22:34Z
Trachemys scripta elegans,Texas,29.607683,-94.554454,15.0,2019-11-25T10:49
Trachemys scripta elegans,Mississippi,30.929255,-89.1443,29304.0,2019-11-16T15:14:13Z
Trachemys scripta elegans,Texas,29.856647,-95.700816,88.0,2019-11-23T15:55:12
Trachemys scripta elegans,Texas,29.621778,-94.443815,4208.0,2019-10-12T15:43:28
Trachemys scripta elegans,Texas,29.8325,-95.625795,6.0,2019-11-28T08:17:28Z
Trachemys scripta elegans,Louisiana,30.351134,-90.03604,94.0,2016-08-10T11:02:36
Trachemys scripta elegans,Texas,29.766862,-95.450398,9.0,2019-11-24T16:04:46Z
Trachemys scripta elegans,Texas,29.603863,-94.551854,400.0,2019-11-25T11:42
Trachemys scripta elegans,Texas,29.703016,-95.565481,6.0,2019-11-26T16:44:37Z
Trachemys scripta elegans,Arkansas,36.105064,-94.18432,5.0,2019-06-18T12:44:25
Trachemys scripta elegans,Texas,30.28315,-95.66286,15.0,2019-10-23T12:49
Trachemys scripta elegans,Alabama,34.710492,-86.6323,5.0,2019-10-24T15:03
Trachemys scripta elegans,Arkansas,36.412873,-90.629949,5.0,2019-11-20T12:27:42
Trachemys scripta elegans,Texas,29.67963,-95.655491,25.0,2019-11-01T16:27
Trachemys scripta elegans,Louisiana,30.655193,-90.235856,8.0,2019-11-02T18:01
Trachemys scripta elegans,Oklahoma,36.286616,-95.32225,500.0,2017-05-26T17:37:02Z
Trachemys scripta elegans,Texas,29.59362,-95.074922,198.0,2019-11-16T15:35
Trachemys scripta elegans,Mississippi,30.504005,-88.806183,5.0,2019-11-16T11:24:36
Trachemys scripta elegans,Louisiana,29.802741,-90.818911,74.0,2019-11-17T15:59
Trachemys scripta elegans,Texas,29.766879,-95.450486,15.0,2019-11-18T13:18
Trachemys scripta elegans,Georgia,33.478489,-81.963654,,2019-08-31T11:03:45
Trachemys scripta elegans,Texas,29.67941,-95.655503,,2019-11-01T16:27
Trachemys scripta elegans,Texas,29.823714,-95.623457,3230.0,2019-11-17T00:48
Trachemys scripta elegans,Texas,31.357605,-94.72635,200.0,2019-11-20
Trachemys scripta elegans,Oklahoma,36.286616,-95.32225,500.0,2019-05-27T00:03:45Z
Trachemys scripta elegans,Texas,29.98943,-95.563758,39.0,2019-11-16T10:46:53
Trachemys scripta elegans,Arkansas,36.412836,-90.629169,5.0,2019-11-20T12:30:36
Trachemys scripta elegans,Texas,31.688758,-94.555082,45.0,2019-11-06T14:00:33Z
Trachemys scripta elegans,Illinois,37.406632,-88.986694,122.0,2019-11-05T14:19
Trachemys scripta elegans,Texas,31.37515,-94.7284,400.0,2019-11-10
Trachemys scripta elegans,Arkansas,36.412803,-90.629971,5.0,2019-11-10T06:39:09
Trachemys scripta elegans,Mississippi,32.27055,-90.01041,11757.0,2019-11-04T09:31:15Z
Trachemys scripta elegans,Florida,29.64592,-82.347313,,2019-08-20T13:40:23
Trachemys scripta elegans,Texas,29.60262,-94.447542,,2019-11-01T22:13
Trachemys scripta elegans,Louisiana,32.447188,-93.67249,,2019-11-04T15:05
Trachemys scripta elegans,Arkansas,36.105007,-94.192772,,2019-11-04T15:34:28
Trachemys scripta elegans,Louisiana,30.296655,-93.255815,,2019-11-03T13:01
Trachemys scripta elegans,Texas,29.636548,-95.660005,22.0,2019-11-03T12:25:33Z
Trachemys scripta elegans,Texas,29.75248,-95.778743,232.0,2019-11-03T17:03:36
Trachemys scripta elegans,Arkansas,36.161705,-94.360379,28592.0,2019-11-01T13:52:28Z
Trachemys scripta elegans,Arkansas,36.104485,-94.192348,195.0,2019-11-01T14:10:02
Trachemys scripta elegans,Louisiana,30.161542,-93.627214,9.0,2019-10-03T12:59:24Z
Trachemys scripta elegans,Tennessee,35.152027,-86.570551,7060.0,2019-03-31
Trachemys scripta elegans,Texas,29.330193,-94.769438,,2019-10-30T13:00
Trachemys scripta elegans,Louisiana,30.365658,-92.907556,31.0,2019-10-29T13:24
Trachemys scripta elegans,Arkansas,35.840903,-90.663737,2.0,2019-04-05T09:15
Trachemys scripta elegans,Alabama,30.248036,-88.086928,22.0,2019-10-27T13:40:48
Trachemys scripta elegans,Texas,29.901401,-95.816507,279.0,2019-10-26T23:58
Trachemys scripta elegans,Texas,30.211187,-95.51403,,2019-10-19T09:45:17
Trachemys scripta elegans,Texas,29.563655,-95.123011,30.0,2019-05-19T19:27:08
Trachemys scripta elegans,Alabama,33.213858,-87.548525,,2016-04-26T14:25:34
Trachemys scripta elegans,Louisiana,29.996412,-90.099917,3160.0,2019-09-12T22:54
Trachemys scripta elegans,Texas,31.377222,-94.646385,,2019-10-24T15:39:02Z
Trachemys scripta elegans,Texas,30.374802,-95.79871,29382.0,2019-10-20T18:54:31
Trachemys scripta elegans,Louisiana,31.080641,-92.862163,249.0,2019-10-17T12:02
Trachemys scripta elegans,Louisiana,29.996412,-90.099917,3160.0,2019-09-09T22:46
Trachemys scripta elegans,Arkansas,36.412721,-90.623308,5.0,2019-10-23T15:17:06
Trachemys scripta elegans,Oklahoma,36.066223,-95.990168,384.0,2019-10-19T16:38
Trachemys scripta elegans,Texas,31.916705,-95.87912,15.0,2019-10-19T14:41:15Z
Trachemys scripta elegans,Georgia,33.944914,-83.374594,62.0,2019-10-23T13:05:12
Trachemys scripta elegans,Alabama,33.213889,-87.5475,,2016-03-25T12:47:03
Trachemys scripta elegans,Louisiana,30.56141,-91.15965,305.0,2019-10-18T13:29:39
Trachemys scripta elegans,Texas,33.292555,-94.738297,8.0,2019-10-20T16:15:16Z
Trachemys scripta elegans,Texas,32.478272,-95.296085,643.0,2019-10-12T11:05
Trachemys scripta elegans,Texas,29.970274,-95.572804,197.0,2019-10-14T23:31
Trachemys scripta elegans,Texas,29.970274,-95.572804,197.0,2019-10-14T23:29
Trachemys scripta elegans,Texas,29.60262,-94.447542,,2019-10-12T02:30
Trachemys scripta elegans,Texas,29.015943,-95.446066,263.0,2019-10-14T12:29:04
Trachemys scripta elegans,Arkansas,36.105625,-94.190735,,2019-10-12T16:12:08
Trachemys scripta elegans,Illinois,37.338595,-88.81263,28417.0,2019-10-10T11:11:02
Trachemys scripta elegans,Texas,32.316351,-95.2529,8.0,2019-10-09T13:30:43Z
Trachemys scripta elegans,Texas,29.905816,-95.795296,167.0,2019-10-05T21:41
Trachemys scripta elegans,Texas,29.613422,-94.549984,15.0,2019-10-05T12:41
Trachemys scripta elegans,Illinois,37.335242,-88.925532,15.0,2019-10-05T09:51
Trachemys scripta elegans,Illinois,37.311487,-89.014564,2.0,2019-06-02T09:05
Trachemys scripta elegans,Texas,29.260618,-94.870833,4.0,2019-10-07T08:02
Trachemys scripta elegans,Texas,30.263741,-95.637781,29382.0,2019-10-06T15:21:32
Trachemys scripta elegans,Arkansas,35.440331,-90.801552,,2019-10-05T08:47:36Z
Trachemys scripta elegans,Texas,32.657157,-95.747266,,2019-05-25T10:43
Trachemys scripta elegans,Arkansas,35.565289,-90.861107,,2019-10-05T08:38:45
Trachemys scripta elegans,Arkansas,35.44044,-90.801609,5.0,2019-10-05T08:46:41Z
Trachemys scripta elegans,Louisiana,30.008612,-90.098335,,2019-10-04T15:40:01
Trachemys scripta elegans,Texas,32.314058,-95.451138,,2019-10-03T12:25
Trachemys scripta elegans,Texas,29.958402,-95.164857,,2019-09-29T18:31
Trachemys scripta elegans,Texas,29.716723,-95.393117,57.0,2019-03-16T08:40:30
Trachemys scripta elegans,Alabama,33.328306,-86.75146,138.0,2019-09-20T16:49:39Z
Trachemys scripta elegans,Texas,29.823714,-95.623457,3230.0,2019-09-28T00:11
Trachemys scripta elegans,Georgia,31.032161,-81.416528,4.0,2019-02-08T13:59
Trachemys scripta elegans,Georgia,31.032236,-81.416612,2.0,2019-02-08T13:59
Trachemys scripta elegans,Tennessee,36.060283,-86.804358,31.0,2019-09-29T01:04
Trachemys scripta elegans,Texas,30.560058,-96.265247,4.0,2019-09-30T09:47:02
Trachemys scripta elegans,Tennessee,36.327334,-87.093948,150.0,2019-09-08T15:37
Trachemys scripta elegans,Tennessee,36.256688,-87.051321,50.0,2019-09-08T14:27
Trachemys scripta elegans,Tennessee,36.256658,-87.051338,50.0,2019-09-08T14:29
Trachemys scripta elegans,Tennessee,36.256589,-87.051181,50.0,2019-09-08T15:55
Trachemys scripta elegans,Tennessee,36.214546,-86.990315,50.0,2019-09-08T16:11
Trachemys scripta elegans,Texas,30.500341,-94.323418,29356.0,2017-04-30T13:03:03Z
Trachemys scripta elegans,Texas,31.374115,-94.727718,400.0,2019-09-27
Trachemys scripta elegans,Illinois,37.776821,-89.379358,167.0,2019-09-24T09:33
Trachemys scripta elegans,Tennessee,36.065889,-86.953068,28592.0,2018-06-06
Trachemys scripta elegans,Arkansas,35.140827,-93.059692,244.0,2019-03-26T12:14
Trachemys scripta elegans,Tennessee,36.580574,-87.483611,817.0,2018-05-19T14:02
Trachemys scripta elegans,Illinois,37.116796,-88.515481,61.0,2019-09-25T12:15
Trachemys scripta elegans,Louisiana,30.544379,-90.936304,15.0,2019-09-26
Trachemys scripta elegans,Texas,32.390874,-95.792593,25.0,2019-09-21T17:47
Trachemys scripta elegans,Georgia,33.944577,-83.373951,29.0,2019-08-21T13:51:10
Trachemys scripta elegans,Texas,28.981628,-96.013625,4.0,2019-09-24T09:09
Trachemys scripta elegans,Texas,29.378206,-95.594544,4.0,2019-09-23T14:34
Trachemys scripta elegans,Texas,30.642247,-96.360717,,2019-09-22
Trachemys scripta elegans,Texas,32.291213,-96.169726,1953.0,2018-09-16T15:09
Trachemys scripta elegans,Louisiana,30.432775,-93.075614,12.0,2019-09-20T14:05:19
Trachemys scripta elegans,Louisiana,32.880302,-93.914551,5.0,2019-09-19T13:00:30
Trachemys scripta elegans,Louisiana,30.273572,-92.860083,6.0,2019-09-18T15:53:10
Trachemys scripta elegans,Texas,29.598443,-95.622552,8142.0,2019-01-12T12:55
Trachemys scripta elegans,Texas,28.913284,-95.388396,61.0,2018-07-21T13:22
Trachemys scripta elegans,Texas,29.556551,-95.682257,783.0,2019-09-08T13:32
Trachemys scripta elegans,Texas,29.771519,-95.56929,,2019-09-14T14:57:52
Trachemys scripta elegans,Arkansas,35.442005,-90.801803,5.0,2019-09-14T10:18:28
Trachemys scripta elegans,Texas,30.072457,-95.741535,700.0,2019-09-11T10:42
Trachemys scripta elegans,Louisiana,29.851178,-91.103364,,2019-09-10T11:19
Trachemys scripta elegans,Arkansas,36.105637,-94.190773,263.0,2019-09-09T09:21:14
Trachemys scripta elegans,Texas,31.622442,-94.642065,4.0,2019-09-09T16:56:26
Trachemys scripta elegans,Louisiana,32.507163,-92.166797,39.0,2019-09-09T07:36
Trachemys scripta elegans,Louisiana,32.507181,-92.166464,37.0,2019-09-09T07:37
Trachemys scripta elegans,Louisiana,30.257978,-91.987,5.0,2019-09-08T12:03
Trachemys scripta elegans,Texas,30.853761,-94.209417,,2019-09-08T14:24
Trachemys scripta elegans,Texas,29.98632,-95.565863,6.0,2019-09-07T15:47:27Z
Trachemys scripta elegans,Texas,29.571991,-95.117116,,2019-09-05T08:55
Trachemys scripta elegans,Texas,32.914733,-95.606637,5.0,2019-09-01T13:28:55
Trachemys scripta elegans,Texas,32.213992,-95.180919,24.0,2019-09-05T19:25:38Z
Trachemys scripta elegans,Louisiana,29.926888,-90.127053,5.0,2019-06-30T18:30:15Z
Trachemys scripta elegans,Texas,28.981022,-96.010155,,2018-04-13T12:10
Trachemys scripta elegans,Georgia,34.073361,-84.075822,12.0,2019-09-03T13:47:51
Trachemys scripta elegans,Georgia,34.073278,-84.075928,64.0,2019-09-03T13:54:25
Trachemys scripta elegans,Oklahoma,36.21193,-95.907783,6.0,2019-09-02T15:10:12Z
Trachemys scripta elegans,Alabama,34.014092,-87.356326,42.0,2019-08-31T12:59
Trachemys scripta elegans,Texas,32.599086,-95.415108,4.0,2019-08-29T16:12
Trachemys scripta elegans,Texas,29.760131,-95.45602,,2019-08-25T12:13
Trachemys scripta elegans,Missouri,37.605452,-89.499915,101.0,2019-08-27T14:56
Trachemys scripta elegans,Louisiana,30.409738,-91.17488,10.0,2019-08-27T10:33:46
Trachemys scripta elegans,Georgia,33.944558,-83.374022,5.0,2019-08-21T13:50:33
Trachemys scripta elegans,Louisiana,31.314195,-91.735145,6.0,2019-08-23T11:34:22Z
Trachemys scripta elegans,Texas,29.700278,-95.741111,,2019-08-21T19:38
Trachemys scripta elegans,Texas,30.12418,-93.713303,31.0,2019-08-20T11:54
Trachemys scripta elegans,Texas,29.717203,-96.059475,300.0,2019-08-17T10:35
Trachemys scripta elegans,Tennessee,36.584311,-84.142662,8.0,2019-04-06T11:52
Trachemys scripta elegans,Louisiana,30.213219,-92.018045,6.0,2019-03-25T15:23:08
Trachemys scripta elegans,Texas,33.247482,-94.854516,4.0,2015-06-04
Trachemys scripta elegans,Texas,33.161919,-95.153521,2.0,2015-06-04
Trachemys scripta elegans,Alabama,31.802967,-85.959511,,2019-08-22T14:58:10
Trachemys scripta elegans,Louisiana,30.364861,-92.884048,244.0,2019-08-18T18:10
Trachemys scripta elegans,Texas,28.981947,-96.014455,15.0,2019-08-17T10:00
Trachemys scripta elegans,Georgia,33.944675,-83.374245,11.0,2019-08-21T13:49:09
Trachemys scripta elegans,Louisiana,30.302048,-92.826181,488.0,2019-08-18T18:34
Trachemys scripta elegans,Georgia,33.9446,-83.373992,5.0,2019-08-21T13:51:28
Trachemys scripta elegans,Georgia,33.944563,-83.373987,5.0,2019-08-21T13:52:04
Trachemys scripta elegans,Texas,29.992788,-95.83934,,2019-08-21T08:58:03
Trachemys scripta elegans,Illinois,37.570679,-89.475505,61.0,2019-08-18T16:09
Trachemys scripta elegans,Texas,30.194089,-95.519879,3478.0,2019-08-18T21:36:48Z
Trachemys scripta elegans,Mississippi,33.740042,-90.972068,8.0,2019-08-15T09:37
Trachemys scripta elegans,Texas,29.709667,-94.960372,30.0,2019-08-15T19:35:05Z
Trachemys scripta elegans,Texas,32.84393,-95.993793,8.0,2019-08-09T18:09
Trachemys scripta elegans,Texas,29.716845,-95.390443,53.0,2019-08-10T17:57:38Z
Trachemys scripta elegans,Texas,29.716872,-95.39032,6.0,2019-08-10T17:56:51Z
Trachemys scripta elegans,Texas,29.717091,-95.390407,51.0,2019-08-10T17:56:06Z
Trachemys scripta elegans,Texas,29.716828,-95.390337,6.0,2019-08-10T17:57:27Z
Trachemys scripta elegans,Texas,29.716912,-95.390349,31.0,2019-08-10T17:54:27Z
Trachemys scripta elegans,Texas,29.717407,-95.390293,13.0,2019-08-10T17:56:57Z
Trachemys scripta elegans,South Carolina,34.928406,-82.438995,31.0,2019-07-27T10:27
Trachemys scripta elegans,South Carolina,34.928406,-82.438995,31.0,2019-07-27T10:13
Trachemys scripta elegans,South Carolina,34.928406,-82.438995,31.0,2019-07-27T10:27
Trachemys scripta elegans,Arkansas,35.763221,-91.634328,4.0,2019-08-03T11:36
Trachemys scripta elegans,Kentucky,37.090568,-84.080353,30.0,2019-08-08T15:34:53
Trachemys scripta elegans,Arkansas,34.721188,-92.33656,145.0,2019-08-07T08:06:09
Trachemys scripta elegans,Alabama,32.595108,-85.482855,10.0,2019-08-07T11:48:54
Trachemys scripta elegans,Tennessee,35.68716,-87.179205,25.0,2019-08-03T10:25
Trachemys scripta elegans,Texas,29.563614,-95.123065,4.0,2019-08-06T18:42
Trachemys scripta elegans,South Carolina,34.674347,-82.822928,61.0,2019-08-03T11:17:55
Trachemys scripta elegans,Missouri,36.465049,-93.390814,28534.0,2019-07-05T12:37:25Z
Trachemys scripta elegans,Texas,31.395975,-94.806195,40.0,2019-08-01T18:40:55
Trachemys scripta elegans,Texas,30.842958,-94.171028,61.0,2019-07-31T00:29
Trachemys scripta elegans,Texas,29.825414,-95.437707,65.0,2019-07-31T18:18:38Z
Trachemys scripta elegans,Texas,29.379717,-95.609483,31.0,2019-07-30T12:29
Trachemys scripta elegans,North Carolina,35.63354,-82.55794,,2019-06-19T23:50:19
Trachemys scripta elegans,Louisiana,30.46668,-90.18071,488.0,2019-07-16T19:05
Trachemys scripta elegans,Texas,31.973849,-95.87258,714.0,2019-07-28T12:50
Trachemys scripta elegans,Texas,29.808759,-95.793248,205.0,2019-07-27T05:57
Trachemys scripta elegans,Louisiana,30.204037,-91.900008,6.0,2019-07-28T11:31:35
Trachemys scripta elegans,Texas,29.716953,-95.391803,43.0,2019-07-28T12:21:05Z
Trachemys scripta elegans,Texas,29.761995,-95.618531,192.0,2019-03-06T13:17
Trachemys scripta elegans,Texas,29.377174,-95.576695,31.0,2019-05-05T12:46
Trachemys scripta elegans,Texas,29.761995,-95.618531,192.0,2019-03-06T13:17
Trachemys scripta elegans,Texas,29.761995,-95.618531,192.0,2019-03-01T13:14
Trachemys scripta elegans,Texas,29.377545,-95.607073,61.0,2019-05-05T14:16
Trachemys scripta elegans,Texas,29.761995,-95.618531,192.0,2019-03-01T13:13
Trachemys scripta elegans,Texas,29.716978,-95.393102,7.0,2019-07-27T18:18:51Z
Trachemys scripta elegans,Texas,29.716866,-95.392768,16.0,2019-07-27T18:19:39Z
Trachemys scripta elegans,Texas,29.716697,-95.393026,25.0,2019-07-27T18:12:14Z
Trachemys scripta elegans,Texas,29.716927,-95.393065,24.0,2019-07-27T18:13:43Z
Trachemys scripta elegans,Texas,29.717038,-95.390258,9.0,2019-07-27T18:00:52Z
Trachemys scripta elegans,Texas,29.716902,-95.392913,48.0,2019-07-27T18:18:46Z
Trachemys scripta elegans,Texas,29.716845,-95.392945,6.0,2019-07-27T18:17:59Z
Trachemys scripta elegans,Texas,29.716845,-95.392928,7.0,2019-07-27T18:17:55Z
Trachemys scripta elegans,Texas,29.716863,-95.392928,6.0,2019-07-27T18:16:17Z
Trachemys scripta elegans,Texas,29.716838,-95.392988,7.0,2019-07-27T18:13:06Z
Trachemys scripta elegans,Texas,29.716847,-95.392913,6.0,2019-07-27T18:17:51Z
Trachemys scripta elegans,Texas,29.374335,-95.626569,122.0,2019-05-05T15:00
Trachemys scripta elegans,Texas,29.379288,-95.610782,31.0,2019-05-05T14:07
Trachemys scripta elegans,Texas,29.716792,-95.390403,10.0,2019-07-27T09:00:07
Trachemys scripta elegans,Texas,30.65028,-95.672742,1.0,2019-04-22T16:18
Trachemys scripta elegans,Louisiana,31.881388,-93.373961,52.0,2019-07-25T19:14
Trachemys scripta elegans,Louisiana,30.369499,-91.10482,8.0,2019-06-08T16:24
Trachemys scripta elegans,Louisiana,30.297828,-93.40287,8.0,2019-05-20T18:15:58Z
Trachemys scripta elegans,Texas,31.37427,-94.727445,400.0,2019-07-25
Trachemys scripta elegans,Texas,32.573001,-95.446735,2.0,2019-07-24T15:15
Trachemys scripta elegans,Louisiana,29.87904,-90.024695,8.0,2019-05-21T22:53
Trachemys scripta elegans,Tennessee,35.758619,-83.971513,186.0,2019-07-20T15:58
Trachemys scripta elegans,Illinois,37.359222,-88.885861,122.0,2019-07-19T09:31
Trachemys scripta elegans,Arkansas,36.219487,-94.48472,5.0,2019-07-21T09:40:35
Trachemys scripta elegans,Kentucky,37.917495,-85.657902,,2019-06-29T11:34
Trachemys scripta elegans,Alabama,33.465767,-86.781083,5.0,2019-07-20T10:17:35
Trachemys scripta elegans,Tennessee,36.311442,-86.511648,15.0,2019-07-13T11:56
Trachemys scripta elegans,Texas,29.806641,-95.765534,858.0,2019-07-09T03:38
Trachemys scripta elegans,Texas,29.760232,-95.372412,39.0,2019-07-16T18:49:40Z
Trachemys scripta elegans,Texas,29.760297,-95.372197,30.0,2019-07-16T18:51:08Z
Trachemys scripta elegans,Texas,29.760328,-95.372428,13.0,2019-07-16T18:52:10Z
Trachemys scripta elegans,Texas,29.760362,-95.372453,12.0,2019-07-16T18:52:17Z
Trachemys scripta elegans,Texas,29.760422,-95.372392,8.0,2019-07-16T18:49:02Z
Trachemys scripta elegans,Texas,29.901401,-95.816507,279.0,2019-07-13T04:26
Trachemys scripta elegans,Florida,29.249184,-81.071301,29508.0,2019-07-14T17:01
Trachemys scripta elegans,Florida,29.265562,-81.128961,29508.0,2019-07-14T16:38
Trachemys scripta elegans,Louisiana,32.830181,-91.811081,,2019-07-12T08:52:56
Trachemys scripta elegans,Tennessee,36.362628,-89.430083,5.0,2019-07-13T10:19:25
Trachemys scripta elegans,Texas,32.477278,-94.809367,157599.0,2019-07-12T15:01:51Z
Trachemys scripta elegans,Texas,31.374234,-94.727477,400.0,2019-07-12
Trachemys scripta elegans,Florida,30.56402,-86.175176,57360.0,2019-07-03
Trachemys scripta elegans,Louisiana,32.620953,-92.244347,5.0,2019-03-14T14:42:49
Trachemys scripta elegans,Arkansas,36.292994,-92.334815,,2019-06-15T15:15
Trachemys scripta elegans,Arkansas,33.119464,-91.96848,50.0,2019-04-23T10:50:23Z
Trachemys scripta elegans,Louisiana,30.214048,-92.017636,5.0,2019-03-26T12:52:18Z
Trachemys scripta elegans,Louisiana,30.213567,-92.017468,5.0,2019-03-26T11:13:39
Trachemys scripta elegans,Louisiana,30.213267,-92.017993,4.0,2019-03-25T13:30:02
Trachemys scripta elegans,Louisiana,30.214049,-92.017518,5.0,2019-03-25T13:49:55Z
Trachemys scripta elegans,Texas,31.444169,-94.692841,2257.0,2019-03-22
Trachemys scripta elegans,Arkansas,36.104527,-94.192135,67.0,2019-03-21T16:16:42
Trachemys scripta elegans,North Carolina,35.100495,-80.964299,4.0,2018-03-02T14:28
Trachemys scripta elegans,Mississippi,31.717883,-89.798546,29199.0,2018-05-30T07:53:30
Trachemys scripta elegans,North Carolina,35.63354,-82.55794,,2018-05-05T16:26
Trachemys scripta elegans,Texas,31.374463,-94.727026,400.0,2019-07-11
Trachemys scripta elegans,Louisiana,32.829037,-91.810303,5005.0,2019-07-08T18:49:33
Trachemys scripta elegans,Texas,31.444169,-94.692841,1703.0,2019-07-09
Trachemys scripta elegans,Tennessee,36.271533,-89.517533,5.0,2019-07-08T13:07:54
Trachemys scripta elegans,Arkansas,34.974001,-92.758893,28762.0,2019-07-03T11:32
Trachemys scripta elegans,Texas,29.76277,-95.383022,184.0,2019-07-08T11:54
Trachemys scripta elegans,Tennessee,35.943737,-83.937689,8.0,2019-07-06T16:36
Trachemys scripta elegans,Kentucky,37.839333,-84.270018,492803.0,2019-07-07T10:18:53
Trachemys scripta elegans,Texas,29.761751,-95.450041,37.0,2019-07-04T16:36:13
Trachemys scripta elegans,Texas,30.650414,-96.322607,42770.0,2018-10-21T11:21
Trachemys scripta elegans,South Carolina,34.689831,-82.837608,,2019-07-06T12:22:31
Trachemys scripta elegans,Texas,29.761117,-95.40178,148.0,2019-07-06T09:08:50Z
Trachemys scripta elegans,Arkansas,36.105934,-94.189834,263.0,2019-07-05T09:12:46
Trachemys scripta elegans,Kentucky,37.995258,-84.523933,5.0,2019-07-06T15:27:23
Trachemys scripta elegans,Texas,32.493695,-94.758039,4.0,2019-07-05T16:07
Trachemys scripta elegans,Texas,30.124188,-93.713424,70.0,2019-06-19T16:06
Trachemys scripta elegans,Texas,29.760675,-95.375957,27.0,2019-07-06T10:33:32Z
Trachemys scripta elegans,Texas,29.760558,-95.375849,21.0,2019-07-06T10:49:37Z
Trachemys scripta elegans,Texas,29.761085,-95.402032,24.0,2019-07-05T18:57:49Z
Trachemys scripta elegans,Texas,29.761161,-95.401793,24.0,2019-07-05T19:32Z
Trachemys scripta elegans,Texas,31.37426,-94.727462,400.0,2019-07-05
Trachemys scripta elegans,Texas,30.438201,-94.825037,2.0,2019-06-14T13:11
Trachemys scripta elegans,Tennessee,35.934879,-87.76615,50.0,2019-06-18T17:28
Trachemys scripta elegans,Tennessee,36.192482,-87.167331,100.0,2019-06-16T08:41
Trachemys scripta elegans,Texas,29.428942,-96.007035,371.0,2019-07-04T09:32:18Z
Trachemys scripta elegans,Tennessee,36.448797,-87.715737,250.0,2019-06-15T15:49
Trachemys scripta elegans,Tennessee,36.472868,-87.733328,100.0,2019-06-15T15:58
Trachemys scripta elegans,Tennessee,36.172481,-87.160306,100.0,2019-06-16T08:26
Trachemys scripta elegans,Tennessee,36.237214,-87.055368,100.0,2019-06-16T09:36
Trachemys scripta elegans,Tennessee,36.427654,-87.696358,200.0,2019-06-15T15:29
Trachemys scripta elegans,Tennessee,36.42926,-87.695843,1000.0,2019-06-15T15:35
Trachemys scripta elegans,Tennessee,36.427407,-87.695907,200.0,2019-06-15T15:30
Trachemys scripta elegans,Louisiana,29.897933,-90.194,16.0,2019-07-04T09:26:57Z
Trachemys scripta elegans,Texas,29.760554,-95.401957,6.0,2019-07-04T07:36:09Z
Trachemys scripta elegans,Louisiana,30.461097,-92.864043,31.0,2019-07-03T09:10
Trachemys scripta elegans,Texas,29.7611,-95.401783,24.0,2019-07-02T18:58:25Z
Trachemys scripta elegans,Texas,29.761133,-95.401488,5.0,2019-07-02T18:56:44Z
Trachemys scripta elegans,Texas,29.761139,-95.401569,23.0,2019-07-02T18:57:12Z
Trachemys scripta elegans,Texas,29.761062,-95.401703,12.0,2019-07-02T19:01:59Z
Trachemys scripta elegans,Louisiana,29.608238,-90.7864,5.0,2019-06-25T15:15:54
Trachemys scripta elegans,Louisiana,29.608222,-90.786453,5.0,2019-06-25T15:14:41
Trachemys scripta elegans,Louisiana,29.608488,-90.787287,5.0,2019-06-25T15:20:32
Trachemys scripta elegans,Florida,29.749495,-81.275708,29458.0,2019-07-01T09:22
Trachemys scripta elegans,Texas,29.76277,-95.383022,184.0,2019-07-01T11:07
Trachemys scripta elegans,Louisiana,30.370078,-91.107733,6.0,2019-06-30T13:38:07
Trachemys scripta elegans,Texas,29.762331,-95.449988,63.0,2019-06-23T17:18:29
Trachemys scripta elegans,Texas,29.765708,-95.451185,1178.0,2019-04-26T23:11:33Z
Trachemys scripta elegans,Kentucky,37.703041,-84.456012,28359.0,2018-07-03T18:14:11
Trachemys scripta elegans,Mississippi,30.504555,-88.804586,361.0,2019-06-28T07:55
Trachemys scripta elegans,Texas,30.560035,-96.206354,28.0,2019-06-26T11:00
Trachemys scripta elegans,Texas,31.374252,-94.727638,400.0,2019-06-28
Trachemys scripta elegans,Texas,29.764441,-95.451768,294.0,2019-06-23T16:37:10
Trachemys scripta elegans,Tennessee,35.870083,-89.101095,15.0,2019-06-16T11:07
Trachemys scripta elegans,Tennessee,35.871158,-89.097082,8.0,2019-06-16T10:06
Trachemys scripta elegans,Kentucky,37.988491,-85.652374,28329.0,2019-06-02T11:32
Trachemys scripta elegans,Mississippi,32.239212,-90.448937,196.0,2017-06-09T19:40
Trachemys scripta elegans,North Carolina,35.576332,-82.485965,27.0,2018-05-06T09:04:06
Trachemys scripta elegans,Tennessee,36.438422,-89.411933,5.0,2019-06-27T15:39:45
Trachemys scripta elegans,Texas,29.965328,-95.62095,5.0,2019-06-27T09:45:49
Trachemys scripta elegans,Texas,29.766705,-95.452387,5.0,2019-06-27T08:25:17
Trachemys scripta elegans,Tennessee,36.307776,-86.609499,200.0,2019-06-09T13:03
Trachemys scripta elegans,Tennessee,36.307642,-86.609606,200.0,2019-06-09T13:08
Trachemys scripta elegans,Texas,29.606109,-94.447807,,2015-03-07T16:00
Trachemys scripta elegans,Tennessee,36.326233,-89.06388,10.0,2019-06-25T14:27:22
Trachemys scripta elegans,Louisiana,30.563722,-91.161195,24.0,2019-06-25T10:17:54Z
Trachemys scripta elegans,Texas,31.374298,-94.727091,400.0,2019-06-25
Trachemys scripta elegans,Arkansas,34.719563,-92.646958,5.0,2019-06-24T12:07:30
Trachemys scripta elegans,Louisiana,30.480132,-92.707161,29356.0,2019-06-21T19:13:50Z
Trachemys scripta elegans,Texas,29.570702,-94.393806,,2019-06-22T11:47:12Z
Trachemys scripta elegans,Texas,29.507795,-95.132883,97.0,2019-06-22T11:43:01Z
Trachemys scripta elegans,Arkansas,36.493388,-94.26632,6.0,2019-06-22T11:31:31Z
Trachemys scripta elegans,Texas,32.924747,-95.62053,5.0,2019-06-20T17:43:07
Trachemys scripta elegans,Tennessee,35.198439,-89.760496,2.0,2019-06-10T18:28
Trachemys scripta elegans,Texas,29.823714,-95.623457,3230.0,2015-08-08T22:53
Trachemys scripta elegans,Texas,29.716692,-95.392921,81.0,2019-06-21T15:02:55Z
Trachemys scripta elegans,Louisiana,29.974311,-93.089803,2.0,2019-06-18T09:59
Trachemys scripta elegans,Missouri,37.409626,-94.262287,28388.0,2019-06-20T21:04:04Z
Trachemys scripta elegans,Arkansas,35.140827,-93.059692,244.0,2019-03-26T12:14
Trachemys scripta elegans,Arkansas,36.490245,-94.418177,28534.0,2019-06-09T10:57:29Z
Trachemys scripta elegans,Arkansas,33.899988,-94.411095,5.0,2019-04-25T12:16:04
Trachemys scripta elegans,Texas,29.167584,-95.620883,4.0,2019-06-18T15:37
Trachemys scripta elegans,Texas,29.806641,-95.765534,858.0,2019-06-10T06:15
Trachemys scripta elegans,Texas,28.982426,-96.013868,8.0,2019-06-18T14:42
Trachemys scripta elegans,Tennessee,35.996508,-88.869567,5.0,2019-06-19T14:12:41
Trachemys scripta elegans,Texas,29.167442,-95.621135,8.0,2019-06-18T16:03
Trachemys scripta elegans,Texas,28.98138,-96.013502,4.0,2019-06-18T14:27
Trachemys scripta elegans,Texas,28.982207,-96.011912,8.0,2019-06-18T14:36
Trachemys scripta elegans,Texas,28.982109,-96.011711,4.0,2019-06-18T14:35
Trachemys scripta elegans,Kentucky,37.918779,-85.660812,5.0,2019-06-14T11:47
Trachemys scripta elegans,Texas,31.374261,-94.727702,400.0,2019-06-18
Trachemys scripta elegans,Louisiana,30.295917,-93.262993,574.0,2019-06-01T12:29:47Z
Trachemys scripta elegans,Louisiana,30.292533,-93.263858,5971.0,2019-06-01T12:27:50Z
Trachemys scripta elegans,Arkansas,36.220686,-94.483761,5.0,2019-06-18T10:09:54Z
Trachemys scripta elegans,Texas,30.995706,-96.253082,29304.0,2019-06-18T08:23:30
Trachemys scripta elegans,Louisiana,30.506087,-90.455933,29356.0,2019-06-18T09:37:57Z
Trachemys scripta elegans,Mississippi,30.517024,-88.924135,29356.0,2019-06-17T11:00:10
Trachemys scripta elegans,Texas,29.746342,-95.77783,352.0,2019-06-17T11:48:04
Trachemys scripta elegans,Tennessee,35.717784,-87.263763,100.0,2019-05-25T11:32
Trachemys scripta elegans,Texas,29.901401,-95.816507,279.0,2015-07-25T04:20
Trachemys scripta elegans,Tennessee,35.717824,-87.263882,100.0,2019-05-25T11:33
Trachemys scripta elegans,Arkansas,35.788669,-90.372292,5.0,2019-06-16T21:22:41Z
Trachemys scripta elegans,Texas,29.370627,-95.627218,196.0,2015-07-19T02:06
Trachemys scripta elegans,Texas,29.761837,-95.618423,192.0,2019-02-06T15:18
Trachemys scripta elegans,Texas,29.719108,-95.392003,2.0,2019-06-15T13:30:41Z
Trachemys scripta elegans,Texas,29.716805,-95.393007,47.0,2019-06-15T12:44:16Z
Trachemys scripta elegans,Texas,29.716909,-95.39051,88.0,2019-06-15T12:30:06Z
Trachemys scripta elegans,Texas,29.765689,-95.452112,176.0,2019-06-14T15:22:54Z
Trachemys scripta elegans,Texas,29.760408,-95.372694,30.0,2019-06-14T11:19:34Z
Trachemys scripta elegans,Arkansas,35.758474,-91.287368,28649.0,2019-06-13T15:41:30
Trachemys scripta elegans,Texas,33.874561,-95.922424,22.0,2019-06-13T11:09:32
Trachemys scripta elegans,Texas,29.785372,-95.415383,10.0,2019-05-12T14:21:59
Trachemys scripta elegans,Texas,30.193097,-95.508012,5.0,2019-05-29T15:21:11
Trachemys scripta elegans,Louisiana,30.544601,-90.936836,305.0,2019-06-12T10:41:36Z
Trachemys scripta elegans,Texas,29.763855,-95.453374,172.0,2019-06-02T18:32:56
Trachemys scripta elegans,Mississippi,30.331553,-89.348297,8.0,2019-06-09T12:55
Trachemys scripta elegans,Texas,29.765171,-95.451956,129.0,2017-06-15T08:28:52Z
Trachemys scripta elegans,Texas,29.7444,-95.6854,,2019-06-10T20:23:55
Trachemys scripta elegans,Texas,29.755765,-95.773344,352.0,2019-06-10T17:56:55
Trachemys scripta elegans,Texas,29.761064,-95.402143,36.0,2019-06-10T18:40:32Z
Trachemys scripta elegans,Texas,29.760672,-95.401887,38.0,2019-06-10T18:38:50Z
Trachemys scripta elegans,Texas,29.760963,-95.401755,10.0,2019-06-10T18:40:58Z
Trachemys scripta elegans,Arkansas,35.334858,-94.001022,,2019-06-09T20:43:48
Trachemys scripta elegans,Missouri,37.322757,-91.436928,102.0,2019-05-27T15:19:14
Trachemys scripta elegans,Arkansas,35.140827,-93.059692,244.0,2019-03-26T15:10
Trachemys scripta elegans,Arkansas,35.140827,-93.059692,244.0,2019-03-26T15:48
Trachemys scripta elegans,Arkansas,36.234067,-94.438982,28563.0,2019-06-09T08:07:16Z
Trachemys scripta elegans,Louisiana,30.428961,-91.167046,,2019-06-09
Trachemys scripta elegans,Texas,32.631958,-95.465576,,2019-06-08T14:10
Trachemys scripta elegans,Arkansas,36.104496,-94.183815,263.0,2019-06-08T11:42:55
Trachemys scripta elegans,Texas,29.811445,-95.44043,,2015-04-12T12:25:38Z
Trachemys scripta elegans,Texas,30.621198,-96.314038,18.0,2018-03-31T22:19:55Z
Trachemys scripta elegans,Texas,31.374949,-94.724948,150.0,2019-06-08
Trachemys scripta elegans,Texas,30.581128,-94.378241,20.0,2019-06-08T09:20:18
Trachemys scripta elegans,Texas,29.761874,-95.618187,192.0,2019-03-27T10:39
Trachemys scripta elegans,Arkansas,36.493167,-94.267913,20.0,2019-05-06T10:52:03Z
Trachemys scripta elegans,Texas,30.724594,-96.336219,29330.0,2019-06-07T10:45
Trachemys scripta elegans,Texas,29.217613,-94.934444,143.0,2015-05-02T14:02
Trachemys scripta elegans,Texas,30.180699,-95.595249,3906.0,2019-05-06T10:37
Trachemys scripta elegans,Texas,29.761438,-95.401804,123.0,2018-05-08T12:02
Trachemys scripta elegans,Missouri,37.552025,-94.353802,28388.0,2019-06-06T17:14:31Z
Trachemys scripta elegans,Oklahoma,36.094659,-96.110485,5.0,2019-06-06T15:22:12Z
Trachemys scripta elegans,Louisiana,30.42124,-91.168272,2.0,2019-06-06T13:20
Trachemys scripta elegans,Texas,31.950114,-96.327404,29173.0,2019-05-04T21:16:28Z
Trachemys scripta elegans,Tennessee,36.56723,-82.228849,73.0,2019-06-05T11:33
Trachemys scripta elegans,Texas,28.982922,-96.010471,249.0,2019-06-02T10:35
Trachemys scripta elegans,Texas,33.178772,-95.970047,,2019-05-28T11:04:57
Trachemys scripta elegans,Texas,30.84935,-96.208708,29304.0,2019-06-03T08:50:16
Trachemys scripta elegans,Texas,29.895877,-95.578585,1236.0,2019-06-02T05:45
Trachemys scripta elegans,Texas,29.919788,-95.852904,5529.0,2019-06-01T02:27
Trachemys scripta elegans,Arkansas,35.269791,-94.127328,28706.0,2019-06-01T18:56:02
Trachemys scripta elegans,Georgia,33.763306,-84.295355,33.0,2017-12-23T11:26:50
Trachemys scripta elegans,Texas,33.528716,-96.04329,28957.0,2019-06-01T18:42:38
Trachemys scripta elegans,Louisiana,29.792091,-90.120537,,2019-06-02T13:13:32
Trachemys scripta elegans,Texas,29.718963,-95.39088,34.0,2019-06-02T11:45:25Z
Trachemys scripta elegans,Texas,29.719914,-95.390881,75.0,2019-06-02T11:56:48Z
Trachemys scripta elegans,Texas,29.571946,-94.389918,161.0,2015-04-25T02:56
Trachemys scripta elegans,Texas,29.764853,-95.451991,17.0,2019-05-27T18:14:06
Trachemys scripta elegans,Texas,29.764947,-95.452251,140.0,2019-06-01T09:39:58Z
Trachemys scripta elegans,North Carolina,35.908069,-81.401247,28620.0,2019-05-19T10:09
Trachemys scripta elegans,Texas,31.374307,-94.727702,400.0,2019-05-31
Trachemys scripta elegans,Texas,29.821971,-94.667145,,2019-05-26T13:08
Trachemys scripta elegans,Texas,29.216684,-94.935021,30.0,2019-05-30T11:38:30
Trachemys scripta elegans,Texas,29.21762,-94.93465,22.0,2019-05-30T17:05:27
Trachemys scripta elegans,Texas,29.216381,-94.935211,45.0,2019-05-30T17:11:23
Trachemys scripta elegans,Texas,29.760378,-95.372622,10.0,2019-05-30T18:21:58Z
Trachemys scripta elegans,Texas,29.75484,-95.035729,61.0,2019-05-26T07:10
Trachemys scripta elegans,Louisiana,30.589676,-91.026328,29356.0,2018-06-27T19:18
Trachemys scripta elegans,Mississippi,34.0886,-90.13556,,2019-05-24T11:01
Trachemys scripta elegans,Texas,31.378937,-94.727818,200.0,2019-05-29
Trachemys scripta elegans,Mississippi,30.460776,-88.693103,,2019-05-28T08:51
Trachemys scripta elegans,Texas,29.821935,-94.664351,207.0,2018-01-21T12:27
Trachemys scripta elegans,Georgia,34.037995,-84.361825,48.0,2019-05-27T07:14:47
Trachemys scripta elegans,Texas,30.035521,-95.387405,122.0,2018-12-23T11:55
Trachemys scripta elegans,Kentucky,37.184318,-87.701205,5.0,2019-05-27T11:52:37Z
Trachemys scripta elegans,Louisiana,30.994613,-91.364185,8.0,2019-05-25T10:49
Trachemys scripta elegans,Texas,29.806641,-95.765534,858.0,2019-05-16T04:40
Trachemys scripta elegans,Texas,29.76193,-95.618026,192.0,2019-05-09T12:21
Trachemys scripta elegans,Texas,29.11283,-95.67344,20.0,2019-04-06T15:44
Trachemys scripta elegans,Texas,29.760892,-95.401742,16.0,2019-05-25T14:30:42
Trachemys scripta elegans,Tennessee,36.509117,-82.611542,96.0,2019-05-18T13:56:19
Trachemys scripta elegans,Arkansas,35.367699,-90.243202,263.0,2019-05-24T12:45:37
Trachemys scripta elegans,Oklahoma,36.313688,-95.81065,5.0,2019-05-06T15:04:47Z
Trachemys scripta elegans,Missouri,37.686279,-94.497322,,2019-05-23T18:09:55
Trachemys scripta elegans,Arkansas,34.788228,-93.901558,136.0,2019-05-22T15:31:13
Trachemys scripta elegans,Arkansas,36.311497,-94.56167,28563.0,2019-05-16T09:41:53
Trachemys scripta elegans,Arkansas,34.842462,-92.465453,10.0,2019-05-22T15:26:40
Trachemys scripta elegans,Texas,29.992771,-95.847046,,2019-05-22T08:31:25
Trachemys scripta elegans,Texas,29.804471,-95.819789,184.0,2019-05-19T23:01
Trachemys scripta elegans,Texas,33.35425,-95.664307,8.0,2019-05-21T17:57:26
Trachemys scripta elegans,Texas,29.764845,-95.451855,29.0,2019-05-17T19:04:29
Trachemys scripta elegans,Texas,30.089134,-95.383362,,2019-05-20T22:03:48
Trachemys scripta elegans,Texas,29.764836,-95.451818,32.0,2019-05-17T19:04:40
Trachemys scripta elegans,Texas,30.30234,-96.051681,10.0,2019-05-20T08:21:43Z
Trachemys scripta elegans,Arkansas,35.152168,-93.187403,24.0,2019-05-19T12:57
Trachemys scripta elegans,Texas,29.806641,-95.765534,858.0,2019-05-08T23:01
Trachemys scripta elegans,Texas,29.554942,-95.586258,5.0,2019-05-19T16:22:42Z
Trachemys scripta elegans,Texas,31.366897,-94.733788,101.0,2019-05-19
Trachemys scripta elegans,Florida,30.442295,-84.214783,5.0,2019-05-19T12:43:08
Trachemys scripta elegans,Florida,30.26666,-81.515152,,2019-04-28T08:27
Trachemys scripta elegans,Arkansas,35.183323,-91.30541,,2015-03-13T11:14
Trachemys scripta elegans,Texas,28.981398,-96.01274,31.0,2019-05-13T08:36
Trachemys scripta elegans,Texas,29.931368,-95.924515,,2019-05-18T12:12:17
Trachemys scripta elegans,Texas,30.781221,-95.660713,5.0,2019-05-18T10:40:54
Trachemys scripta elegans,Louisiana,30.387928,-91.205742,5.0,2019-05-17T16:51:28
Trachemys scripta elegans,Texas,29.753912,-95.046421,1202.0,2019-05-16T11:00
Trachemys scripta elegans,Mississippi,32.324236,-90.156497,19.0,2019-05-17T08:30:36
Trachemys scripta elegans,Illinois,37.562171,-89.432604,3366.0,2019-04-27T16:30
Trachemys scripta elegans,Arkansas,36.438976,-94.479102,28534.0,2015-07-15T10:55
Trachemys scripta elegans,Illinois,37.697654,-89.232186,212.0,2019-05-06T12:37
Trachemys scripta elegans,Texas,29.595774,-95.071736,24.0,2019-05-01T10:23:10Z
Trachemys scripta elegans,Louisiana,30.250834,-93.179443,,2019-04-06T18:13:05Z
Trachemys scripta elegans,Texas,30.561269,-96.221797,2.0,2019-05-15T09:19
Trachemys scripta elegans,Texas,29.770778,-95.568202,339.0,2019-05-15T08:31
Trachemys scripta elegans,Texas,29.764575,-95.451824,44.0,2019-05-12T16:37
Trachemys scripta elegans,Mississippi,31.373173,-91.167697,614.0,2016-10-09T09:11
Trachemys scripta elegans,Mississippi,32.239212,-90.448937,291.0,2016-11-12T10:28
Trachemys scripta elegans,Texas,32.165791,-94.842361,,2019-05-15T08:57:37
Trachemys scripta elegans,Arkansas,34.845992,-92.480347,65.0,2019-05-14T14:43:28
Trachemys scripta elegans,Texas,29.606091,-94.553494,61.0,2019-05-04T19:10
Trachemys scripta elegans,Tennessee,35.815469,-87.625842,50.0,2019-05-05T16:58
Trachemys scripta elegans,Louisiana,30.469652,-90.118414,189.0,2019-05-13T01:02
Trachemys scripta elegans,Arkansas,34.684528,-92.46397,22.0,2019-05-13T18:46:16
Trachemys scripta elegans,Louisiana,29.6083,-90.786408,5.0,2019-05-13T12:56:54
Trachemys scripta elegans,Louisiana,29.60865,-90.786292,5.0,2019-05-13T12:59:45
Trachemys scripta elegans,Louisiana,29.608377,-90.786959,21.0,2019-05-13T12:11:46
Trachemys scripta elegans,Texas,31.374179,-94.727627,400.0,2019-05-13
Trachemys scripta elegans,Texas,29.716867,-95.390603,10.0,2019-04-27T17:33:58Z
Trachemys scripta elegans,Texas,29.806641,-95.765534,858.0,2019-05-02T04:01
Trachemys scripta elegans,Texas,29.571946,-94.389918,967.0,2019-04-05T14:17
Trachemys scripta elegans,Texas,29.766888,-95.45047,50.0,2019-05-12T13:35:27Z
Trachemys scripta elegans,Louisiana,30.387847,-91.204033,10.0,2019-05-02T17:04:46
Trachemys scripta elegans,Texas,29.812513,-95.699067,8.0,2019-05-12T17:33:53
Trachemys scripta elegans,Texas,29.770778,-95.568202,339.0,2019-05-11T10:41
Trachemys scripta elegans,Texas,29.770778,-95.568202,339.0,2019-05-11T11:09
Trachemys scripta elegans,Texas,29.770778,-95.568202,339.0,2019-05-11T09:47
Trachemys scripta elegans,Texas,29.770778,-95.568202,339.0,2019-05-10T11:21
Trachemys scripta elegans,Louisiana,30.490702,-92.695116,29356.0,2019-05-04T19:48:41Z
Trachemys scripta elegans,Arkansas,36.103731,-94.367592,28592.0,2019-05-10T11:49:05
Trachemys scripta elegans,Texas,30.182133,-95.584659,198.0,2019-05-06T10:37
Trachemys scripta elegans,Arkansas,36.301686,-94.019416,141.0,2019-05-04T04:47
Trachemys scripta elegans,Texas,30.406595,-96.052441,31.0,2019-05-09T12:42
Trachemys scripta elegans,Texas,30.113378,-95.949232,8.0,2019-05-09T12:04
Trachemys scripta elegans,Texas,28.982238,-96.011784,8.0,2019-05-08T15:06
Trachemys scripta elegans,Texas,29.370839,-95.803575,8.0,2019-05-09T10:18
Trachemys scripta elegans,Texas,28.982068,-96.013737,4.0,2019-05-08T15:08
Trachemys scripta elegans,Texas,28.981699,-96.013908,4.0,2019-05-08T15:00
Trachemys scripta elegans,Texas,29.896375,-95.648675,65.0,2019-05-09T14:21:38
Trachemys scripta elegans,Louisiana,32.57916,-92.04251,58796.0,2019-03-29
Trachemys scripta elegans,Arkansas,35.777062,-90.707139,45.0,2017-11-05T22:18:35
Trachemys scripta elegans,Mississippi,31.33004,-89.199561,29252.0,2019-05-08T15:25:09
Trachemys scripta elegans,Louisiana,29.998945,-90.091292,2976.0,2019-05-08T12:10:42
Trachemys scripta elegans,Texas,33.50644,-94.390891,9.0,2019-05-08T11:20:31
Trachemys scripta elegans,Texas,31.374188,-94.727659,400.0,2019-05-08
Trachemys scripta elegans,Texas,29.217613,-94.934444,143.0,2019-05-05T00:24
Trachemys scripta elegans,Oklahoma,36.211655,-95.901138,5.0,2019-05-07T12:34:43Z
Trachemys scripta elegans,Oklahoma,36.221145,-95.893393,137.0,2019-04-30
Trachemys scripta elegans,Texas,29.929176,-95.8806,,2019-05-07T11:11:22
Trachemys scripta elegans,Texas,30.263467,-95.559383,375.0,2019-03-22T11:03:48Z
Trachemys scripta elegans,Texas,29.731729,-95.782406,6.0,2019-03-09T17:28
Trachemys scripta elegans,Texas,29.731865,-95.782205,18.0,2019-03-09T16:51
Trachemys scripta elegans,Texas,29.373793,-95.622277,95.0,2019-05-05T16:26:23Z
Trachemys scripta elegans,Tennessee,36.050059,-86.675558,5.0,2019-05-05T13:12:02
Trachemys scripta elegans,Oklahoma,36.775503,-96.066232,7.0,2019-05-06T12:49
Trachemys scripta elegans,Arkansas,35.778415,-90.708913,24.0,2018-07-03T11:04
Trachemys scripta elegans,Texas,29.600028,-94.527511,169.0,2019-04-26T08:26
Trachemys scripta elegans,Louisiana,29.811636,-90.141294,5798.0,2017-01-03T19:41
Trachemys scripta elegans,Texas,29.571946,-94.389918,161.0,2019-04-29T08:17
Trachemys scripta elegans,Arkansas,36.092808,-91.474841,68.0,2019-05-05T15:57:21Z
Trachemys scripta elegans,Texas,29.63657,-95.66048,,2019-04-29T15:15
Trachemys scripta elegans,Texas,29.145345,-95.292334,203.0,2015-03-15T23:51
Trachemys scripta elegans,Texas,29.569261,-95.814288,44879.0,2015-03-15T21:32
Trachemys scripta elegans,Texas,30.201333,-95.541703,9.0,2019-04-29T09:30:21
Trachemys scripta elegans,Texas,29.216878,-94.935093,5.0,2019-05-03T17:13:35
Trachemys scripta elegans,Tennessee,36.126453,-86.385825,5.0,2019-05-03T12:48:25
Trachemys scripta elegans,Texas,29.806641,-95.765534,858.0,2019-04-26T23:04
Trachemys scripta elegans,Florida,30.530305,-87.213142,5.0,2019-05-02T08:10:48Z
Trachemys scripta elegans,Texas,29.968931,-95.842247,,2019-05-02T10:43:36
Trachemys scripta elegans,Louisiana,32.447075,-93.672325,,2019-04-29T12:00
Trachemys scripta elegans,Louisiana,30.356334,-91.095011,9.0,2019-04-27T14:14:58
Trachemys scripta elegans,Louisiana,29.866453,-93.455955,54.0,2019-04-24T07:27:13
Trachemys scripta elegans,Mississippi,31.560444,-91.403171,6471.0,2019-04-06T11:32
Trachemys scripta elegans,Louisiana,30.213623,-92.017546,5.0,2019-04-01T09:38:04Z
Trachemys scripta elegans,Louisiana,30.213596,-92.017354,21.0,2019-03-26T11:13:50
Trachemys scripta elegans,Texas,29.854856,-95.61336,29433.0,2019-05-02T12:13:29
Trachemys scripta elegans,Texas,29.807487,-95.819375,6.0,2019-05-02T11:52:01Z
Trachemys scripta elegans,Texas,30.300725,-95.693463,8.0,2019-04-26T11:45
Trachemys scripta elegans,Texas,30.034925,-95.388328,31.0,2019-04-28T12:37
Trachemys scripta elegans,Texas,30.813795,-94.021561,5.0,2019-05-01T10:47:53
Trachemys scripta elegans,Texas,29.667692,-94.501903,488.0,2019-04-27T15:51
Trachemys scripta elegans,Texas,30.001894,-95.470855,6.0,2019-05-01T08:52:46
Trachemys scripta elegans,Texas,29.573424,-94.38944,15.0,2019-04-27T13:40
Trachemys scripta elegans,Oklahoma,36.318462,-95.645775,,2019-04-15T15:51
Trachemys scripta elegans,Texas,29.605132,-94.551315,14.0,2019-04-18T14:10
Trachemys scripta elegans,Texas,29.571187,-94.386343,40.0,2019-04-25T11:02
Trachemys scripta elegans,Texas,29.822868,-96.250926,610.0,2019-04-28T14:53
Trachemys scripta elegans,Louisiana,30.356729,-91.094682,4.0,2019-04-27T15:27
Trachemys scripta elegans,Texas,29.761781,-95.618187,192.0,2019-04-29T17:00
Trachemys scripta elegans,Louisiana,29.949232,-93.08664,,2019-04-28T12:27
Trachemys scripta elegans,Louisiana,29.94462,-93.074887,,2019-04-28T11:23
Trachemys scripta elegans,Texas,29.575283,-94.39075,,2019-04-26T08:14
Trachemys scripta elegans,Texas,29.808759,-95.793248,205.0,2019-04-28T00:00
Trachemys scripta elegans,Texas,29.761752,-95.449982,62.0,2019-04-28T18:25:38
Trachemys scripta elegans,Texas,29.761734,-95.450003,93.0,2019-04-28T18:26:09
Trachemys scripta elegans,Texas,29.613987,-94.544785,,2019-04-24T06:37
Trachemys scripta elegans,Texas,29.380905,-95.611263,,2019-04-29T11:07:14
Trachemys scripta elegans,Arkansas,34.843727,-92.462,2.0,2019-04-28T12:51
Trachemys scripta elegans,Texas,29.764852,-95.452085,7.0,2019-04-29T12:31:43
Trachemys scripta elegans,Texas,29.508327,-95.137736,31.0,2019-04-29T11:48
Trachemys scripta elegans,Texas,29.042716,-95.419511,10.0,2019-04-27T13:06
Trachemys scripta elegans,Texas,29.76484,-95.45212,,2019-04-28T12:10
Trachemys scripta elegans,Texas,31.374457,-94.727343,400.0,2019-04-29
Trachemys scripta elegans,Texas,29.93617,-95.538515,189.0,2019-04-28T12:40
Trachemys scripta elegans,Texas,29.804471,-95.819789,184.0,2019-04-27T05:04
Trachemys scripta elegans,Texas,29.861832,-95.159433,165.0,2019-04-28T15:01
Trachemys scripta elegans,Texas,29.98825,-95.5708,199.0,2019-04-27T16:42
Trachemys scripta elegans,Texas,29.773506,-95.452534,10.0,2019-04-27T17:01
Trachemys scripta elegans,Texas,29.98825,-95.5708,199.0,2019-04-27T16:42
Trachemys scripta elegans,Texas,29.98825,-95.5708,199.0,2019-04-27T16:17
Trachemys scripta elegans,Texas,29.59362,-95.074922,198.0,2019-04-28T12:58
Trachemys scripta elegans,Texas,29.716911,-95.391792,10.0,2019-04-28T14:51:09Z
Trachemys scripta elegans,Texas,29.217632,-94.933993,47.0,2019-04-27T11:53
Trachemys scripta elegans,Texas,29.718953,-95.392442,10.0,2019-04-28T17:00:27Z
Trachemys scripta elegans,Texas,29.718978,-95.392463,10.0,2019-04-28T17:01:33Z
Trachemys scripta elegans,Texas,29.699157,-93.948951,258.0,2019-04-27T09:10
Trachemys scripta elegans,Texas,29.764905,-95.452111,7.0,2019-04-28T18:21:38
Trachemys scripta elegans,Texas,29.595458,-95.072663,,2019-04-28T12:34
Trachemys scripta elegans,Texas,29.763942,-95.453282,10.0,2019-04-28T14:49:13
Trachemys scripta elegans,Texas,29.784583,-95.241137,973.0,2019-04-27
Trachemys scripta elegans,Texas,29.587975,-94.527226,4000.0,2019-04-26T09:22
Trachemys scripta elegans,Texas,31.486067,-94.745138,14.0,2019-04-28T11:56:10
Trachemys scripta elegans,Texas,29.587975,-94.527226,4000.0,2019-04-26T10:00
Trachemys scripta elegans,Texas,29.563556,-95.122164,4.0,2019-04-28T12:03:25
Trachemys scripta elegans,Texas,29.718779,-95.392397,10.0,2019-04-28T10:27:27
Trachemys scripta elegans,Louisiana,30.295035,-93.25536,,2019-04-27T14:50
Trachemys scripta elegans,Louisiana,30.295492,-93.262793,,2019-04-27T15:57
Trachemys scripta elegans,Louisiana,30.29547,-93.26261,,2019-04-27T16:00
Trachemys scripta elegans,Louisiana,30.295517,-93.263113,,2019-04-27T15:55
Trachemys scripta elegans,Texas,29.240588,-94.885865,15.0,2019-04-27T16:19
Trachemys scripta elegans,Louisiana,30.287918,-93.258195,,2019-04-27T14:00
Trachemys scripta elegans,Texas,30.203912,-95.458554,197.0,2019-04-27T11:41
Trachemys scripta elegans,Texas,29.506141,-95.517015,5.0,2019-04-27T19:16:55
Trachemys scripta elegans,Louisiana,30.35675,-91.094619,21.0,2019-04-27T16:26:47
Trachemys scripta elegans,Texas,29.668911,-96.266812,179.0,2015-02-22T23:22
Trachemys scripta elegans,Alabama,30.248077,-88.08705,10.0,2019-04-26T10:05:44Z
Trachemys scripta elegans,Louisiana,30.065003,-92.80005,5.0,2019-04-26T17:45:36
Trachemys scripta elegans,Louisiana,30.356663,-91.095314,65.0,2019-04-26T16:38:03
Trachemys scripta elegans,Louisiana,30.239985,-93.219026,32.0,2019-04-26T13:50:16Z
Trachemys scripta elegans,Louisiana,30.240396,-93.219915,16.0,2019-04-26T14:12:39Z
Trachemys scripta elegans,Texas,29.764944,-95.451908,24.0,2019-04-26T12:34:25Z
Trachemys scripta elegans,Texas,29.720295,-95.390848,132.0,2019-04-26T07:42:07
Trachemys scripta elegans,Mississippi,34.094464,-90.130265,30.0,2019-04-24T08:54
Trachemys scripta elegans,Arkansas,33.633889,-92.467778,,2017-03-25T14:02
Trachemys scripta elegans,Mississippi,34.097628,-90.136034,723.0,2019-04-24T10:04
Trachemys scripta elegans,Texas,29.719454,-95.391021,132.0,2019-04-26T07:05:40
Trachemys scripta elegans,Oklahoma,36.226954,-95.902523,1953.0,2019-04-05T20:56
Trachemys scripta elegans,Texas,29.806641,-95.765534,858.0,2019-04-16T23:53
Trachemys scripta elegans,Texas,32.684663,-94.125763,2109.0,2019-04-06T08:52
Trachemys scripta elegans,Alabama,30.703449,-88.082618,29330.0,2019-03-19T12:21
Trachemys scripta elegans,Texas,33.2232,-95.867521,74.0,2019-03-13T17:32
Trachemys scripta elegans,Tennessee,35.091827,-89.861005,,2016-04-08T10:35:27
Trachemys scripta elegans,Tennessee,35.09252,-89.861417,,2016-04-09T10:11:22
Trachemys scripta elegans,Texas,29.821935,-94.664351,207.0,2019-04-16T11:16
Trachemys scripta elegans,Texas,32.847088,-95.991907,15.0,2019-04-19T14:14
Trachemys scripta elegans,Texas,29.59523,-95.258923,6.0,2019-04-24T14:16:17Z
Trachemys scripta elegans,Oklahoma,36.353301,-96.005977,66.0,2019-04-23T15:29:58
Trachemys scripta elegans,Alabama,33.386733,-86.792222,6.0,2019-04-15T12:20:52Z
Trachemys scripta elegans,Texas,32.84684,-95.994582,,2019-04-20T10:41
Trachemys scripta elegans,Texas,32.848738,-95.995062,,2019-04-20T10:53
Trachemys scripta elegans,Texas,32.84692,-95.991685,,2019-04-19T14:16
Trachemys scripta elegans,Louisiana,30.007697,-92.911237,5.0,2019-04-23T11:48:46
Trachemys scripta elegans,Texas,29.571667,-94.387228,20.0,2019-04-16T15:43
Trachemys scripta elegans,Louisiana,30.097653,-93.493554,30726.0,2019-04-23T10:11:16Z
Trachemys scripta elegans,Texas,29.57203,-94.387773,14.0,2019-04-16T12:14
Trachemys scripta elegans,Texas,29.433131,-94.681385,93.0,2019-04-13T11:13:57
Trachemys scripta elegans,Texas,29.823714,-95.623457,3230.0,2019-04-20T01:02
Trachemys scripta elegans,Oklahoma,36.173054,-94.669998,,2019-04-22T11:55:49
Trachemys scripta elegans,Texas,29.574033,-94.389791,14.0,2019-04-16T11:10
Trachemys scripta elegans,Texas,30.299548,-96.051491,79.0,2019-04-22T18:08:25Z
Trachemys scripta elegans,Oklahoma,33.740596,-94.663475,88.0,2019-04-20T12:42:29Z
Trachemys scripta elegans,Arkansas,35.267462,-94.145031,28706.0,2019-04-22T14:35:11
Trachemys scripta elegans,Arkansas,33.321862,-93.22867,8.0,2019-04-21T18:34:17Z
Trachemys scripta elegans,Texas,32.634921,-94.054004,29066.0,2019-04-21T14:12
Trachemys scripta elegans,Georgia,33.936842,-84.441659,19.0,2019-04-21T10:58
Trachemys scripta elegans,Texas,31.37424,-94.727791,400.0,2019-04-21
Trachemys scripta elegans,Texas,29.603586,-94.552916,,2019-04-13T10:52
Trachemys scripta elegans,Texas,32.30952,-96.140992,18.0,2019-04-19T16:30:55
Trachemys scripta elegans,Arkansas,36.386164,-94.573785,461.0,2017-05-07T10:08
Trachemys scripta elegans,Alabama,32.595221,-85.482863,11.0,2019-04-20T10:45
Trachemys scripta elegans,Texas,32.291775,-94.878167,6.0,2019-04-20T16:28:54Z
Trachemys scripta elegans,Texas,29.765189,-95.45205,77.0,2018-08-09T10:55:29Z
Trachemys scripta elegans,Texas,29.806641,-95.765534,858.0,2019-04-12T21:02
Trachemys scripta elegans,Arkansas,34.92,-92.429444,,2018-04-27T16:54
Trachemys scripta elegans,Texas,29.510279,-95.110832,,2019-03-22T13:43:44
Trachemys scripta elegans,Texas,31.374179,-94.727702,400.0,2019-04-19
Trachemys scripta elegans,North Carolina,35.758911,-81.357148,193.0,2019-04-18T18:18
Trachemys scripta elegans,North Carolina,35.524502,-82.981233,24.0,2019-04-18T16:20:57
Trachemys scripta elegans,North Carolina,35.524219,-82.97867,24.0,2019-04-18T16:18:46
Trachemys scripta elegans,Texas,29.983307,-95.861342,3.0,2019-04-06T10:40:22
Trachemys scripta elegans,Texas,29.983133,-95.861242,6.0,2019-04-06T10:28:11
Trachemys scripta elegans,Texas,29.982616,-95.861179,6.0,2019-04-06T11:26:17
Trachemys scripta elegans,Louisiana,30.35025,-90.039001,,2019-04-06T14:46
Trachemys scripta elegans,Texas,33.441909,-96.000687,28957.0,2019-04-18T16:05:36
Trachemys scripta elegans,Louisiana,30.052421,-92.652313,5.0,2019-04-17T16:15:47
Trachemys scripta elegans,Texas,29.820312,-95.612305,8.0,2019-04-17T14:14Z
Trachemys scripta elegans,Texas,32.682418,-94.176742,170.0,2019-04-06T08:44
Trachemys scripta elegans,Texas,29.69017,-93.980938,5.0,2019-04-16T08:21:47
Trachemys scripta elegans,Texas,30.600571,-96.323672,4.0,2019-04-16T11:56
Trachemys scripta elegans,Texas,29.662584,-95.486988,15.0,2019-04-16
Trachemys scripta elegans,Texas,29.764495,-95.449463,15.0,2019-04-15T12:17
Trachemys scripta elegans,Texas,29.602257,-94.555902,22.0,2019-04-14T12:35:37
Trachemys scripta elegans,Texas,29.802787,-95.696664,198.0,2019-04-13T03:45
Trachemys scripta elegans,Oklahoma,35.435687,-94.991057,,2019-04-14T11:28
Trachemys scripta elegans,Louisiana,31.063487,-93.104972,1953.0,2018-04-20T13:34
Trachemys scripta elegans,Texas,30.60151,-96.36022,8.0,2019-04-14T12:26
Trachemys scripta elegans,Texas,30.22598,-95.440462,200.0,2019-04-14T15:13:04
Trachemys scripta elegans,Tennessee,35.138273,-89.621497,15.0,2019-04-06T14:11
Trachemys scripta elegans,Texas,30.603057,-96.360114,22.0,2019-04-13T18:30:08
Trachemys scripta elegans,Texas,30.603035,-96.36017,27.0,2019-04-13T18:34:27
Trachemys scripta elegans,Texas,29.724066,-95.34075,5.0,2019-04-13T14:18:14
Trachemys scripta elegans,Louisiana,30.126053,-93.030211,5.0,2019-04-13T14:37:58Z
Trachemys scripta elegans,Louisiana,29.946305,-93.084647,2001.0,2019-04-13T15:04:22Z
Trachemys scripta elegans,Texas,29.724076,-95.340915,24.0,2019-04-13T12:30:37Z
Trachemys scripta elegans,Oklahoma,36.795919,-95.935539,3460.0,2019-04-12T21:03
Trachemys scripta elegans,Arkansas,35.636785,-91.311363,6.0,2019-04-12T18:13:40
Trachemys scripta elegans,Texas,29.806641,-95.765534,858.0,2019-04-03T21:51
Trachemys scripta elegans,Oklahoma,36.223495,-95.90271,,2019-04-06T13:43:23Z
Trachemys scripta elegans,Louisiana,30.102045,-92.018892,5.0,2019-04-11T11:42:47
Trachemys scripta elegans,Texas,29.543705,-95.313588,78.0,2019-04-09T10:29
Trachemys scripta elegans,Texas,29.724242,-95.340837,5.0,2019-04-08T10:11:25Z
Trachemys scripta elegans,Arkansas,33.321755,-93.22908,24.0,2019-02-01T13:51:35Z
Trachemys scripta elegans,Texas,29.932079,-95.926944,17.0,2019-04-09T14:47:53
Trachemys scripta elegans,Texas,29.766255,-95.452658,10.0,2019-04-09T08:51:35
Trachemys scripta elegans,Louisiana,29.761253,-93.600075,5.0,2019-04-08T14:48:14
Trachemys scripta elegans,Texas,29.702875,-95.578592,10.0,2019-03-29T18:56:52
Trachemys scripta elegans,Texas,29.98313,-95.8583,32.0,2019-04-06T12:19:27Z
Trachemys scripta elegans,Illinois,37.605225,-89.455334,122.0,2019-04-07T12:21
Trachemys scripta elegans,Illinois,37.759869,-89.448175,61.0,2019-04-07T10:33
Trachemys scripta elegans,Illinois,37.762189,-89.449024,31.0,2019-04-07T10:45
Trachemys scripta elegans,Illinois,37.61669,-89.453345,122.0,2019-04-07T12:16
Trachemys scripta elegans,Illinois,37.607537,-89.455029,61.0,2019-04-07T12:21
Trachemys scripta elegans,Illinois,37.721498,-89.575631,61.0,2019-04-07T11:35
Trachemys scripta elegans,Texas,29.983316,-95.861016,98.0,2019-04-06T10:20:40Z
Trachemys scripta elegans,Mississippi,30.397905,-88.790119,33.0,2019-04-07T14:18
Trachemys scripta elegans,Texas,29.595737,-94.533405,3000.0,2019-04-05T12:29
Trachemys scripta elegans,Texas,29.982288,-95.86124,2.0,2019-04-06T11:18:23
Trachemys scripta elegans,Texas,29.595737,-94.533405,3000.0,2019-04-05T11:38
Trachemys scripta elegans,Texas,29.984347,-95.861145,5.0,2019-04-06T10:24:59
Trachemys scripta elegans,Texas,29.984358,-95.861153,4.0,2019-04-06T10:21:33
Trachemys scripta elegans,Oklahoma,36.217128,-95.898671,367.0,2019-04-06T22:06
Trachemys scripta elegans,Texas,30.023503,-95.294152,19.0,2019-04-06
Trachemys scripta elegans,Louisiana,30.399155,-89.694489,,2019-04-06
Trachemys scripta elegans,Texas,29.56274,-95.119923,8.0,2019-04-06T13:33
Trachemys scripta elegans,Texas,29.984342,-95.86113,12.0,2019-04-06T10:21:07
Trachemys scripta elegans,Tennessee,36.201839,-88.891591,1642.0,2019-04-06T13:20:42Z
Trachemys scripta elegans,Florida,30.442183,-84.214692,8.0,2019-04-06T11:30:40
Trachemys scripta elegans,Texas,32.315836,-95.252613,5.0,2019-04-06T10:14:08Z
Trachemys scripta elegans,Illinois,37.722769,-89.57815,31.0,2019-04-05T15:12
Trachemys scripta elegans,Texas,29.753212,-94.376521,5.0,2019-04-05T19:00
Trachemys scripta elegans,Louisiana,29.608575,-90.787486,21.0,2019-04-05T20:20:39Z
Trachemys scripta elegans,Texas,29.573397,-94.389542,,2019-04-05T14:30
Trachemys scripta elegans,Texas,31.374313,-94.727758,400.0,2019-04-05
Trachemys scripta elegans,Arkansas,36.468509,-90.48563,122.0,2017-10-14T13:31
Trachemys scripta elegans,Illinois,37.585177,-89.44079,31.0,2019-03-28T11:17
Trachemys scripta elegans,Oklahoma,36.22507,-95.901627,244.0,2019-04-03T00:40
Trachemys scripta elegans,Texas,29.91094,-95.924294,,2019-04-03T13:47:42
Trachemys scripta elegans,Oklahoma,36.215259,-95.901375,704.0,2019-04-01T20:27
Trachemys scripta elegans,Oklahoma,36.225807,-95.897552,,2019-04-01T13:40
Trachemys scripta elegans,Texas,30.619159,-96.308528,30.0,2019-04-01T14:19
Trachemys scripta elegans,Louisiana,32.5797,-92.043182,,2019-04-01T08:53:20
Trachemys scripta elegans,Alabama,34.767153,-86.471286,28790.0,2019-03-29T13:19:11
Trachemys scripta elegans,Alabama,34.709117,-86.632692,6.0,2019-02-28T10:32:55
Trachemys scripta elegans,Alabama,34.707496,-86.634037,,2019-03-02
Trachemys scripta elegans,Texas,29.573042,-94.390905,2.0,2019-03-30T11:00
Trachemys scripta elegans,Tennessee,35.140814,-89.866198,8.0,2019-03-22T16:37
Trachemys scripta elegans,Arkansas,36.261436,-94.231246,31.0,2019-03-26T15:43
Trachemys scripta elegans,Texas,29.806641,-95.765534,858.0,2019-03-13T01:18
Trachemys scripta elegans,Louisiana,29.903048,-93.561026,40917.0,2019-03-01T16:03
Trachemys scripta elegans,Mississippi,31.42599,-91.453135,197.0,2018-02-22T12:03
Trachemys scripta elegans,Mississippi,31.490771,-88.993266,239.0,2018-05-06T10:43
Trachemys scripta elegans,Florida,30.223991,-81.385498,37.0,2019-03-28T16:53:22
Trachemys scripta elegans,Texas,31.374203,-94.727748,400.0,2019-03-28
Trachemys scripta elegans,Texas,30.619334,-96.311318,31.0,2019-03-27
Trachemys scripta elegans,Louisiana,30.213196,-92.018181,5.0,2019-03-26T12:44:53
Trachemys scripta elegans,Texas,30.09176,-95.41149,8.0,2019-03-21T15:08
Trachemys scripta elegans,Louisiana,30.314252,-93.205772,29382.0,2019-03-20
Trachemys scripta elegans,Texas,29.378146,-95.585686,22.0,2019-03-23
Trachemys scripta elegans,Texas,29.58639,-95.147224,,2019-03-24
Trachemys scripta elegans,Texas,31.275628,-94.417267,5.0,2019-03-23T11:58:39
Trachemys scripta elegans,Texas,29.50304,-95.500869,15.0,2019-03-22
Trachemys scripta elegans,Texas,32.082569,-95.895447,,2019-03-23
Trachemys scripta elegans,Texas,29.503568,-95.501174,8.0,2019-03-22
Trachemys scripta elegans,Texas,29.771301,-95.568989,200.0,2019-03-22
Trachemys scripta elegans,Texas,29.771301,-95.568989,200.0,2019-03-22
Trachemys scripta elegans,Texas,30.864426,-94.174493,244.0,2019-03-17
Trachemys scripta elegans,North Carolina,35.63302,-82.55793,,2018-09-07T08:28
Trachemys scripta elegans,North Carolina,35.63212,-82.559874,1248.0,2018-09-08T14:08:28
Trachemys scripta elegans,North Carolina,35.533076,-82.886669,28677.0,2018-05-22T16:23
Trachemys scripta elegans,Texas,29.37751,-95.61193,,2019-03-20
Trachemys scripta elegans,Louisiana,30.387938,-91.205772,5.0,2019-03-20T17:37:35
Trachemys scripta elegans,Texas,29.925029,-95.501877,29433.0,2019-03-19
Trachemys scripta elegans,Texas,29.8927,-95.23422,1077016.0,2019-03-19T17:53:04Z
Trachemys scripta elegans,Arkansas,35.508666,-93.316229,,2019-03-16T17:56:42
Trachemys scripta elegans,Oklahoma,36.222556,-95.92414,263.0,2019-03-18
Trachemys scripta elegans,Tennessee,35.147417,-89.989225,244.0,2019-03-19T13:24:19
Trachemys scripta elegans,Tennessee,35.909803,-87.705271,100.0,2019-03-16T12:02
Trachemys scripta elegans,Tennessee,35.885529,-87.666309,200.0,2019-03-16T11:28
Trachemys scripta elegans,Louisiana,31.179821,-92.415866,24.0,2019-03-18T15:42:17
Trachemys scripta elegans,Texas,29.374061,-95.615492,2.0,2019-03-11
Trachemys scripta elegans,Texas,29.374894,-95.602716,4.0,2019-03-11T12:46
Trachemys scripta elegans,Texas,29.374197,-95.613876,4.0,2019-03-11
Trachemys scripta elegans,Texas,29.373971,-95.616485,2.0,2019-03-11
Trachemys scripta elegans,Alabama,34.707421,-86.634011,27.0,2019-03-05
Trachemys scripta elegans,Texas,29.62396,-96.142712,4.0,2019-03-11
Trachemys scripta elegans,Texas,29.905816,-95.795296,155.0,2019-03-16T05:35
Trachemys scripta elegans,Louisiana,30.733759,-90.232674,,2019-03-17
Trachemys scripta elegans,Texas,29.504418,-95.500686,31.0,2019-03-14
Trachemys scripta elegans,Texas,29.504476,-95.502902,15.0,2019-03-14
Trachemys scripta elegans,Louisiana,30.347893,-90.057695,8.0,2019-03-16
Trachemys scripta elegans,Texas,32.225707,-95.494183,5.0,2019-03-17T16:37:21
Trachemys scripta elegans,Texas,32.309966,-96.141162,31.0,2019-03-16T14:31:25
Trachemys scripta elegans,Texas,33.789889,-95.544628,8.0,2019-03-13T17:37
Trachemys scripta elegans,Louisiana,32.441416,-93.382325,194.0,2019-03-16T14:41
Trachemys scripta elegans,Texas,32.3096,-96.140557,212.0,2019-03-16T18:56:48
Trachemys scripta elegans,Louisiana,30.387972,-91.205728,5.0,2019-03-16T17:26:28
Trachemys scripta elegans,Texas,31.374222,-94.727769,400.0,2019-03-16
Trachemys scripta elegans,Texas,30.602541,-96.306171,,2019-03-16
Trachemys scripta elegans,Illinois,37.250421,-88.844538,244.0,2019-03-14T12:34
Trachemys scripta elegans,Texas,30.591848,-96.33587,,2019-03-14T12:53
Trachemys scripta elegans,Texas,30.603086,-96.360103,,2019-03-14
Trachemys scripta elegans,Texas,30.591878,-96.336048,,2019-03-14
Trachemys scripta elegans,Texas,29.930191,-95.937927,,2019-03-12T15:15:50
Trachemys scripta elegans,Tennessee,36.562013,-82.224036,43.0,2019-03-13T14:08
Trachemys scripta elegans,Louisiana,30.516503,-92.32819,29356.0,2019-03-13T18:41:03
Trachemys scripta elegans,Texas,32.692298,-94.177475,,2019-03-10T14:41
Trachemys scripta elegans,Texas,32.692232,-94.177588,,2019-03-10T14:39
Trachemys scripta elegans,Texas,32.692227,-94.17747,,2019-03-10T14:42
Trachemys scripta elegans,Louisiana,31.289293,-92.493067,30.0,2019-03-12T14:43:13
Trachemys scripta elegans,Louisiana,31.29117,-92.49445,75.0,2019-03-12T14:39:15
Trachemys scripta elegans,Mississippi,32.146626,-89.25032,,2019-03-12T12:44:39
Trachemys scripta elegans,Illinois,37.288438,-89.11826,61.0,2019-03-12T10:58
Trachemys scripta elegans,Arkansas,35.283598,-94.128175,122.0,2019-03-11T15:17
Trachemys scripta elegans,Texas,29.74281,-95.775587,185.0,2019-03-09T00:04
Trachemys scripta elegans,Arkansas,35.28358,-94.128089,122.0,2019-03-11T14:53
Trachemys scripta elegans,Texas,29.745641,-95.774169,200.0,2019-03-09T04:35
Trachemys scripta elegans,Louisiana,30.465613,-92.274755,178.0,2019-03-10T17:00:18
Trachemys scripta elegans,Louisiana,30.465723,-92.274895,24.0,2019-03-10T16:59:32
Trachemys scripta elegans,Arkansas,35.502972,-93.316047,,2019-03-10T14:44:51
Trachemys scripta elegans,Louisiana,30.387953,-91.205758,5.0,2019-03-10T15:15:28
Trachemys scripta elegans,Tennessee,36.345198,-86.658155,28563.0,2019-03-10T10:03
Trachemys scripta elegans,Texas,29.612056,-94.533438,5.0,2019-03-10T13:44:30
Trachemys scripta elegans,Texas,29.493141,-95.532285,2.0,2019-03-09T15:26
Trachemys scripta elegans,Texas,29.49485,-95.535744,31.0,2019-03-09T14:42
Trachemys scripta elegans,Texas,29.498766,-95.534311,8.0,2019-03-09T15:03
Trachemys scripta elegans,Illinois,37.262131,-88.850795,61.0,2019-03-09T17:41
Trachemys scripta elegans,Texas,29.59578,-95.072582,8.0,2019-03-09T14:07
Trachemys scripta elegans,Texas,29.493107,-95.532278,4.0,2019-03-09T15:26
Trachemys scripta elegans,Texas,29.494957,-95.536321,31.0,2019-03-09T15:23
Trachemys scripta elegans,Texas,29.493074,-95.532286,2.0,2019-03-09T15:26
Trachemys scripta elegans,Texas,29.494205,-95.534625,31.0,2019-03-09T14:51
Trachemys scripta elegans,Texas,29.496171,-95.5372,31.0,2019-03-09T14:54
Trachemys scripta elegans,Texas,29.493522,-95.533768,8.0,2019-03-09T14:40
Trachemys scripta elegans,Louisiana,30.294219,-93.259414,8.0,2019-03-09T10:11
Trachemys scripta elegans,Texas,29.84828,-95.601612,,2019-03-09T14:08:27
Trachemys scripta elegans,Texas,30.366375,-94.780394,263.0,2019-03-09T13:02
Trachemys scripta elegans,Georgia,33.783931,-84.376416,6.0,2019-03-09T13:53:11
Trachemys scripta elegans,Mississippi,30.364386,-88.573914,,2019-03-09T09:41:36
Trachemys scripta elegans,Texas,29.764081,-95.453283,15.0,2019-03-08T14:15
Trachemys scripta elegans,Mississippi,31.646931,-91.210388,31.0,2019-03-08T17:02
Trachemys scripta elegans,Texas,30.081781,-95.377697,,2019-03-08T17:09
Trachemys scripta elegans,Texas,30.620468,-95.535421,,2019-03-08T12:40
Trachemys scripta elegans,Texas,30.614146,-95.53474,,2019-03-08T12:14
Trachemys scripta elegans,Texas,29.806641,-95.765534,858.0,2019-03-02T06:08
Trachemys scripta elegans,Texas,30.619316,-96.308335,1852.0,2019-03-07T12:51
Trachemys scripta elegans,Louisiana,29.85847,-92.140114,231.0,2019-02-27T10:21
Trachemys scripta elegans,Alabama,34.721252,-86.642614,341.0,2019-02-07T13:45:49
Trachemys scripta elegans,Texas,29.526928,-95.170263,10.0,2018-10-03T18:06:46
Trachemys scripta elegans,Texas,31.562545,-94.69397,7000.0,2019-02-13T16:13:55
Trachemys scripta elegans,Louisiana,29.801424,-90.819781,979.0,2019-02-24
Trachemys scripta elegans,Texas,29.806641,-95.765534,858.0,2019-02-21T04:05
Trachemys scripta elegans,Mississippi,31.3413,-89.27706,244.0,2019-03-01T15:26
Trachemys scripta elegans,Texas,30.742693,-96.088477,299.0,2019-02-15T11:59
Trachemys scripta elegans,Texas,30.614314,-96.332286,15.0,2019-02-18T14:53
Trachemys scripta elegans,Tennessee,35.945854,-83.937119,263.0,2019-01-05T14:03:19
Trachemys scripta elegans,Texas,30.029407,-95.301256,16.0,2019-02-24T12:51:02
Trachemys scripta elegans,Alabama,34.708375,-86.631811,1875.0,2019-02-28T10:32:48
Trachemys scripta elegans,Texas,29.717273,-95.392889,15.0,2019-02-27T17:13
Trachemys scripta elegans,Mississippi,31.288758,-89.392462,29252.0,2019-02-27T15:33
Trachemys scripta elegans,Illinois,37.393499,-88.975858,,2019-02-26
Trachemys scripta elegans,Louisiana,30.186321,-93.245741,17.0,2019-02-26T12:22:52
Trachemys scripta elegans,Texas,29.808759,-95.793248,205.0,2019-02-24T00:59
Trachemys scripta elegans,Tennessee,35.137536,-89.824268,8.0,2019-02-24T11:29
Trachemys scripta elegans,Texas,29.373695,-95.626732,2.0,2019-02-24T12:47
Trachemys scripta elegans,Texas,29.372668,-95.627658,2.0,2019-02-24T12:41
Trachemys scripta elegans,Texas,29.373778,-95.623021,2.0,2019-02-24T13:04
Trachemys scripta elegans,Texas,29.372857,-95.627599,2.0,2019-02-24T12:43
Trachemys scripta elegans,Texas,29.376359,-95.603058,2.0,2019-02-24T11:40
Trachemys scripta elegans,Texas,29.376998,-95.603258,2.0,2019-02-24T10:26
Trachemys scripta elegans,Texas,29.376006,-95.603056,4.0,2019-02-24T11:39
Trachemys scripta elegans,Texas,29.375411,-95.602886,2.0,2019-02-24T11:27
Trachemys scripta elegans,Texas,29.375234,-95.602798,2.0,2019-02-24T11:25
Trachemys scripta elegans,Texas,29.374276,-95.604227,4.0,2019-02-24T10:36
Trachemys scripta elegans,Texas,29.370604,-95.627251,259.0,2019-02-24T12:09
Trachemys scripta elegans,Louisiana,30.424297,-91.162872,28.0,2019-02-24T17:43
Trachemys scripta elegans,Texas,29.494696,-95.546166,61.0,2019-02-24T19:57
Trachemys scripta elegans,Texas,29.49406,-95.545237,122.0,2019-02-24T19:57
Trachemys scripta elegans,Texas,29.381376,-95.590002,2789.0,2019-02-24T10:18:17
Trachemys scripta elegans,Texas,29.398573,-95.251846,5.0,2019-02-24T08:47:39
Trachemys scripta elegans,Texas,28.982982,-96.006309,770.0,2019-02-22T11:29
Trachemys scripta elegans,Louisiana,30.350071,-90.038773,,2019-02-22T15:04:33
Trachemys scripta elegans,Texas,30.606787,-96.352486,,2019-02-15T09:56:48
Trachemys scripta elegans,Mississippi,31.416378,-89.257012,5.0,2019-02-20T13:47:28
Trachemys scripta elegans,Texas,29.502405,-95.502686,5.0,2019-02-20T15:23:16
Trachemys scripta elegans,Texas,29.762441,-95.450089,10.0,2019-02-17T16:55
Trachemys scripta elegans,Texas,30.039832,-95.412715,45.0,2019-02-16T10:43:39
Trachemys scripta elegans,Texas,30.589926,-96.32852,24.0,2019-02-15T10:57:17
Trachemys scripta elegans,Texas,29.987786,-95.56991,199.0,2019-02-12T01:33
Trachemys scripta elegans,Texas,29.987461,-95.5694,199.0,2019-02-12T01:10
Trachemys scripta elegans,Texas,29.806641,-95.765534,858.0,2019-02-05T02:14
Trachemys scripta elegans,Texas,29.697215,-93.945546,31.0,2019-02-11T13:58
Trachemys scripta elegans,Texas,31.374231,-94.727683,400.0,2019-02-12
Trachemys scripta elegans,Texas,29.59401,-95.073574,91.0,2019-02-10T16:03
Trachemys scripta elegans,Texas,29.771389,-95.569168,,2019-02-10T15:31:34
Trachemys scripta elegans,Texas,33.009794,-94.701313,31.0,2019-02-03T11:16
Trachemys scripta elegans,Tennessee,35.089947,-89.680922,15.0,2019-02-03T14:22
Trachemys scripta elegans,Texas,29.806641,-95.765534,858.0,2019-02-01T04:34
Trachemys scripta elegans,Arkansas,35.30223,-94.27732,10.0,2019-02-04T12:33:08
Trachemys scripta elegans,Texas,28.982194,-96.013659,15.0,2019-02-03T10:29
Trachemys scripta elegans,Texas,31.624327,-94.64503,8.0,2019-02-06T08:22:44
Trachemys scripta elegans,Louisiana,30.478991,-91.056693,172.0,2019-02-04T15:26
Trachemys scripta elegans,Oklahoma,36.224826,-95.900034,392.0,2019-02-03T12:03
Trachemys scripta elegans,Texas,29.375073,-95.595087,8.0,2019-02-03T18:20
Trachemys scripta elegans,South Carolina,34.048665,-81.186735,22.0,2019-02-02T15:09:16
Trachemys scripta elegans,Mississippi,30.39183,-88.791161,488.0,2019-02-02T13:32
Trachemys scripta elegans,Mississippi,30.397905,-88.790167,,2019-02-02T13:32
Trachemys scripta elegans,Mississippi,30.397905,-88.790167,,2019-02-02T13:33
Trachemys scripta elegans,Louisiana,30.410254,-90.081523,41.0,2019-02-02T16:13
Trachemys scripta elegans,Texas,29.806641,-95.765534,858.0,2017-12-13T01:16
Trachemys scripta elegans,Texas,29.806641,-95.765534,858.0,2017-12-03T22:50
Trachemys scripta elegans,Texas,29.806641,-95.765534,858.0,2017-11-02T02:09
Trachemys scripta elegans,Texas,29.265611,-94.870394,,2019-01-25T13:13
Trachemys scripta elegans,Texas,29.374067,-95.617906,556.0,2019-01-25T11:05
Trachemys scripta elegans,Texas,29.806641,-95.765534,858.0,2017-10-02T00:51
Trachemys scripta elegans,Arkansas,34.600379,-90.613717,205.0,2018-03-23T16:49
Trachemys scripta elegans,Texas,29.806641,-95.765534,858.0,2017-09-23T02:38
Trachemys scripta elegans,Texas,29.544868,-95.313435,32.0,2019-01-24T16:05
Trachemys scripta elegans,Texas,29.504374,-95.506845,31.0,2019-01-25T15:00
Trachemys scripta elegans,Texas,29.806641,-95.765534,858.0,2017-09-09T21:52
Trachemys scripta elegans,Tennessee,35.336067,-90.063432,4760.0,2018-03-22T12:11
Trachemys scripta elegans,Texas,29.370627,-95.627218,196.0,2017-11-23T11:51
Trachemys scripta elegans,Texas,29.374023,-95.616488,130.0,2015-05-10T12:17
Trachemys scripta elegans,Texas,29.806641,-95.765534,858.0,2017-08-08T01:22
Trachemys scripta elegans,Texas,29.806641,-95.765534,858.0,2017-07-24T03:02
Trachemys scripta elegans,Texas,29.806641,-95.765534,858.0,2017-07-18T00:42
Trachemys scripta elegans,Texas,29.392127,-95.719622,28.0,2019-01-12T12:02
Trachemys scripta elegans,Texas,29.523903,-95.802012,22.0,2019-01-12T10:51
Trachemys scripta elegans,Texas,29.806641,-95.765534,858.0,2017-07-10T00:23
Trachemys scripta elegans,Texas,29.503213,-95.501568,15.0,2019-01-20T19:01
Trachemys scripta elegans,Texas,29.504361,-95.507447,15.0,2019-01-20
Trachemys scripta elegans,Illinois,37.35804,-88.917351,61.0,2017-09-09T12:06
Trachemys scripta elegans,Illinois,37.673779,-89.448208,61.0,2017-08-18T08:43
Trachemys scripta elegans,Texas,29.806641,-95.765534,858.0,2017-06-26T02:36
Trachemys scripta elegans,Texas,29.806641,-95.765534,858.0,2017-06-20T00:32
Trachemys scripta elegans,Texas,30.028747,-95.299829,44.0,2018-12-23T15:55:03
Trachemys scripta elegans,Texas,30.0295,-95.301488,44.0,2018-12-23T15:48:31
Trachemys scripta elegans,Texas,29.738501,-95.765284,4.0,2019-01-17T16:13:57
Trachemys scripta elegans,Texas,31.374201,-94.727804,400.0,2019-01-17
Trachemys scripta elegans,Texas,29.806641,-95.765534,858.0,2017-05-27T00:06
Trachemys scripta elegans,Texas,30.620498,-95.530406,14.0,2019-01-11T13:45
Trachemys scripta elegans,Texas,29.806641,-95.765534,858.0,2017-05-18T02:53
Trachemys scripta elegans,Texas,29.37178,-95.985568,1525.0,2019-01-12T15:26:24
Trachemys scripta elegans,Texas,29.823714,-95.623457,3230.0,2019-01-13T01:03
Trachemys scripta elegans,Texas,29.823714,-95.623457,3230.0,2019-01-12T23:41
Trachemys scripta elegans,Illinois,37.565236,-89.410779,28388.0,2017-09-29T14:03
Trachemys scripta elegans,Texas,29.806641,-95.765534,858.0,2017-05-03T02:29
Trachemys scripta elegans,Texas,29.766886,-95.45048,15.0,2019-01-13T15:09
Trachemys scripta elegans,Texas,29.392056,-94.889275,,2019-01-13T11:51
Trachemys scripta elegans,Texas,29.806641,-95.765534,858.0,2019-01-01T02:40
Trachemys scripta elegans,Texas,29.762398,-95.450065,12.0,2019-01-12T14:20:29
Trachemys scripta elegans,Texas,29.806641,-95.765534,858.0,2017-04-13T23:53
Trachemys scripta elegans,Texas,29.806641,-95.765534,858.0,2017-04-04T21:57
Trachemys scripta elegans,Texas,29.806641,-95.765534,858.0,2017-03-13T21:57
Trachemys scripta elegans,Texas,32.272616,-95.323124,6.0,2015-05-25T10:52:57
Trachemys scripta elegans,Texas,29.806641,-95.765534,858.0,2017-03-24T00:18
Trachemys scripta elegans,Texas,29.806641,-95.765534,858.0,2017-03-09T21:35
Trachemys scripta elegans,Tennessee,36.058697,-86.906245,183.0,2019-01-08T13:21:53
Trachemys scripta elegans,Texas,29.806641,-95.765534,858.0,2017-03-01T23:49
Trachemys scripta elegans,Tennessee,36.060722,-86.905388,5.0,2019-01-08T11:47:59
Trachemys scripta elegans,Texas,29.806641,-95.765534,858.0,2017-02-10T01:20
Trachemys scripta elegans,Texas,30.035582,-95.38579,32.0,2019-01-06
Trachemys scripta elegans,Florida,30.403919,-84.642011,,2019-01-07T13:32
Trachemys scripta elegans,Texas,29.806641,-95.765534,858.0,2017-01-31T01:11
Trachemys scripta elegans,Texas,29.50439,-95.505119,8.0,2019-01-06T20:51
Trachemys scripta elegans,Texas,29.781392,-95.374202,,2019-01-06T10:30
Trachemys scripta elegans,Texas,29.502457,-95.502566,5.0,2019-01-06T16:42:22
Trachemys scripta elegans,Texas,29.806641,-95.765534,858.0,2017-01-16T01:54
Trachemys scripta elegans,Louisiana,31.565444,-91.425949,1924.0,2017-02-19T10:25
Trachemys scripta elegans,Louisiana,32.443398,-93.663105,,2019-01-05T14:49
Trachemys scripta elegans,Texas,29.763925,-95.455191,190.0,2019-01-05T16:05
Trachemys scripta elegans,Texas,29.806641,-95.765534,858.0,2017-01-08T23:37
Trachemys scripta elegans,Texas,29.422137,-94.891188,,2019-01-04T16:04
Trachemys scripta elegans,Texas,29.806641,-95.765534,858.0,2018-12-28T21:15
Trachemys scripta elegans,North Carolina,35.800454,-81.411718,,2015-07-24T14:27
Trachemys scripta elegans,Texas,33.176621,-95.77016,433.0,2018-11-06T13:21
Trachemys scripta elegans,Texas,29.602206,-94.555515,30.0,2019-01-01T12:17
Trachemys scripta elegans,Texas,29.370627,-95.627218,196.0,2019-01-01T13:39
Trachemys scripta elegans,Texas,29.374547,-95.613377,7.0,2018-12-17T14:59
Trachemys scripta elegans,Texas,29.376713,-95.603081,,2019-01-01T11:56
Trachemys scripta elegans,Texas,29.377375,-95.605988,,2019-01-01T10:43
Trachemys scripta elegans,Texas,29.377655,-95.59449,,2019-01-01T13:31
Trachemys scripta elegans,Texas,29.373077,-95.627234,7.0,2018-12-17T13:02
Trachemys scripta elegans,Texas,29.371335,-95.625907,14.0,2018-12-17T12:04
Trachemys scripta elegans,Texas,29.371249,-95.625894,7.0,2018-12-17T12:02
Trachemys scripta elegans,North Carolina,35.901774,-81.525078,,2018-08-22T12:14
Trachemys scripta elegans,North Carolina,36.13635,-81.182785,,2018-06-27T09:42
Trachemys scripta elegans,North Carolina,35.901774,-81.525078,,2018-04-13T12:24
Trachemys scripta elegans,Texas,29.85539,-94.847671,225.0,2018-12-29T15:11
Trachemys scripta elegans,Texas,29.76179,-95.618209,192.0,2018-12-27T13:36
Trachemys scripta elegans,Texas,29.806641,-95.765534,858.0,2016-11-24T16:47
Trachemys scripta elegans,Texas,29.76179,-95.618209,192.0,2018-12-27T13:33
Trachemys scripta elegans,Texas,29.761734,-95.618155,192.0,2018-12-21T16:57
Trachemys scripta elegans,Texas,29.806641,-95.765534,858.0,2018-12-22T01:19
Trachemys scripta elegans,Texas,29.806641,-95.765534,858.0,2016-10-25T23:18
Trachemys scripta elegans,Tennessee,36.191016,-86.693019,53.0,2015-08-24
Trachemys scripta elegans,Texas,29.607712,-94.554483,8.0,2018-12-27T15:00
Trachemys scripta elegans,Texas,31.374325,-94.727681,400.0,2018-12-27
Trachemys scripta elegans,Texas,29.806641,-95.765534,858.0,2016-09-30T19:04
Trachemys scripta elegans,Texas,29.06125,-95.242178,29.0,2018-12-25T14:00
Trachemys scripta elegans,Texas,29.802787,-95.696664,198.0,2018-12-17T15:26
Trachemys scripta elegans,Texas,30.622074,-95.53648,46.0,2018-12-15T13:10:13
Trachemys scripta elegans,Texas,29.806641,-95.765534,858.0,2018-12-16T13:26
Trachemys scripta elegans,Georgia,33.233894,-83.944428,289.0,2018-10-31T15:06
Trachemys scripta elegans,Mississippi,31.42599,-91.453135,197.0,2018-12-22T14:47
Trachemys scripta elegans,Texas,32.356393,-95.999936,31.0,2018-11-17T11:49
Trachemys scripta elegans,Illinois,37.38647,-88.904834,61.0,2018-12-19T14:17
Trachemys scripta elegans,Texas,29.808759,-95.793248,205.0,2018-12-11T19:01
Trachemys scripta elegans,Texas,30.038041,-95.376947,10.0,2015-10-26T10:51
Trachemys scripta elegans,Texas,29.371312,-95.722059,5202.0,2018-12-15T11:45
Trachemys scripta elegans,Texas,29.806641,-95.765534,858.0,2016-06-03T02:10
Trachemys scripta elegans,Texas,29.717428,-95.393288,20.0,2018-12-15T16:13
Trachemys scripta elegans,Texas,29.717428,-95.393288,20.0,2018-12-15T17:07
Trachemys scripta elegans,Texas,31.444169,-94.692841,2208.0,2018-12-15
Trachemys scripta elegans,Texas,29.806641,-95.765534,858.0,2016-05-21T00:26
Trachemys scripta elegans,Texas,29.806641,-95.765534,858.0,2018-12-06T05:07
Trachemys scripta elegans,Mississippi,30.493584,-88.616103,29356.0,2018-06-24T09:31
Trachemys scripta elegans,Mississippi,33.711572,-90.940535,52.0,2017-04-12T11:19
Trachemys scripta elegans,Texas,29.806641,-95.765534,858.0,2016-05-04T01:47
Trachemys scripta elegans,Texas,29.806641,-95.765534,858.0,2016-04-28T23:34
Trachemys scripta elegans,Texas,29.770778,-95.568202,230.0,2018-12-11T13:49
Trachemys scripta elegans,Texas,29.806641,-95.765534,858.0,2016-04-18T04:28
Trachemys scripta elegans,Texas,32.475608,-95.29135,,2018-12-10T12:42
Trachemys scripta elegans,Texas,29.76241,-95.450217,15.0,2018-12-10T12:39
Trachemys scripta elegans,Texas,29.806641,-95.765534,858.0,2016-04-01T22:14
Trachemys scripta elegans,Texas,29.806641,-95.765534,858.0,2016-03-16T03:22
Trachemys scripta elegans,Texas,29.806641,-95.765534,858.0,2016-03-03T23:45
Trachemys scripta elegans,Texas,29.806641,-95.765534,858.0,2016-02-16T00:58
Trachemys scripta elegans,Oklahoma,36.143701,-95.993264,2367.0,2018-12-07T10:44:02
Trachemys scripta elegans,Texas,29.806641,-95.765534,858.0,2016-02-03T04:36
Trachemys scripta elegans,Texas,29.806641,-95.765534,858.0,2018-11-29T01:51
Trachemys scripta elegans,Texas,29.804471,-95.819789,184.0,2018-12-01T22:33
Trachemys scripta elegans,Texas,29.806641,-95.765534,858.0,2018-11-25T00:56
Trachemys scripta elegans,Texas,29.806641,-95.765534,858.0,2018-10-30T01:43
Trachemys scripta elegans,Texas,29.806641,-95.765534,858.0,2018-11-08T02:34
Trachemys scripta elegans,Texas,31.373721,-94.72796,400.0,2018-12-01
Trachemys scripta elegans,Texas,29.806641,-95.765534,858.0,2018-10-17T22:29
Trachemys scripta elegans,Texas,29.806641,-95.765534,858.0,2018-10-10T20:06
Trachemys scripta elegans,Texas,29.806641,-95.765534,858.0,2018-09-28T22:47
Trachemys scripta elegans,Texas,29.386765,-94.882389,1618.0,2018-09-29T13:46:05
Trachemys scripta elegans,Texas,29.806641,-95.765534,858.0,2018-09-19T22:49
Trachemys scripta elegans,Texas,29.806641,-95.765534,858.0,2018-08-29T01:41
Trachemys scripta elegans,Texas,29.905816,-95.795296,155.0,2018-11-24T03:29
Trachemys scripta elegans,Texas,29.823714,-95.623457,3230.0,2018-11-21T01:18
Trachemys scripta elegans,Louisiana,30.44018,-92.380738,29356.0,2018-11-25T13:49:21
Trachemys scripta elegans,Texas,28.98356,-96.012085,236.0,2018-11-24T14:04
Trachemys scripta elegans,Texas,30.049128,-95.162018,,2018-11-22T17:54
Trachemys scripta elegans,Texas,31.356948,-94.726484,200.0,2018-11-25
Trachemys scripta elegans,Texas,29.806641,-95.765534,858.0,2015-12-22T02:32
Trachemys scripta elegans,Illinois,37.321111,-88.917081,105.0,2018-11-24
Trachemys scripta elegans,Texas,29.7714,-95.56945,,2018-11-24T12:54:59
Trachemys scripta elegans,Texas,29.806641,-95.765534,858.0,2018-07-09T23:00
Trachemys scripta elegans,Louisiana,29.951163,-93.084703,,2018-11-23T11:21
Trachemys scripta elegans,Texas,29.806641,-95.765534,858.0,2018-06-14T20:36
Trachemys scripta elegans,Texas,32.44264,-96.229977,4992.0,2018-01-23T16:27
Trachemys scripta elegans,Texas,29.806641,-95.765534,858.0,2018-06-05T19:21
Trachemys scripta elegans,Louisiana,31.308997,-92.749737,19.0,2018-11-22T12:57:27
Trachemys scripta elegans,Texas,29.806641,-95.765534,858.0,2018-05-16T22:02
Trachemys scripta elegans,Texas,29.806641,-95.765534,858.0,2018-05-09T20:23
Trachemys scripta elegans,Texas,29.806641,-95.765534,858.0,2018-05-05T02:03
Trachemys scripta elegans,Texas,29.806641,-95.765534,858.0,2018-04-25T23:08
Trachemys scripta elegans,Louisiana,30.488454,-92.269619,29356.0,2018-11-20T14:23:51
Trachemys scripta elegans,Texas,31.443729,-94.695759,1750.0,2018-11-20
Trachemys scripta elegans,Texas,29.721555,-95.713771,343.0,2018-11-17T09:36
Trachemys scripta elegans,Texas,29.806641,-95.765534,858.0,2018-04-16T04:30
Trachemys scripta elegans,Texas,29.806641,-95.765534,858.0,2018-04-12T01:50
Trachemys scripta elegans,Texas,29.806641,-95.765534,858.0,2018-04-03T23:19
Trachemys scripta elegans,Texas,29.806641,-95.765534,858.0,2015-11-17T02:37
Trachemys scripta elegans,Mississippi,33.445544,-88.820089,,2018-11-11T13:08
Trachemys scripta elegans,Tennessee,35.46591,-89.884309,31.0,2018-11-17T13:26
Trachemys scripta elegans,Louisiana,30.379794,-90.650572,2.0,2018-11-03T15:15
Trachemys scripta elegans,Texas,29.806641,-95.765534,858.0,2015-10-22T17:33
Trachemys scripta elegans,Texas,29.806641,-95.765534,858.0,2018-03-27T01:40
Trachemys scripta elegans,Texas,29.806641,-95.765534,858.0,2018-03-19T23:37
Trachemys scripta elegans,Texas,29.806641,-95.765534,858.0,2018-03-14T22:17
Trachemys scripta elegans,Louisiana,32.447024,-93.671832,8.0,2018-11-15T14:28
Trachemys scripta elegans,Texas,31.444169,-94.692841,1703.0,2018-11-16
Trachemys scripta elegans,Texas,29.806641,-95.765534,858.0,2018-02-24T00:53
Trachemys scripta elegans,Texas,29.806641,-95.765534,858.0,2018-02-13T23:43
Trachemys scripta elegans,Texas,30.714905,-95.5519,5.0,2018-11-02T14:46:25
Trachemys scripta elegans,Texas,29.806641,-95.765534,858.0,2018-02-08T00:56
Trachemys scripta elegans,Texas,29.806641,-95.765534,858.0,2018-02-03T23:49
Trachemys scripta elegans,Texas,29.806641,-95.765534,858.0,2018-01-28T22:19
Trachemys scripta elegans,Texas,29.806641,-95.765534,858.0,2018-01-16T20:37
Trachemys scripta elegans,Texas,31.441293,-94.696875,2060.0,2018-11-13T22:03:14
Trachemys scripta elegans,Texas,29.806641,-95.765534,858.0,2018-01-04T00:18
Trachemys scripta elegans,Texas,29.806641,-95.765534,858.0,2017-12-31T22:59
Trachemys scripta elegans,Texas,29.806641,-95.765534,858.0,2017-12-20T21:15
Trachemys scripta elegans,Oklahoma,36.073377,-95.978199,122.0,2018-11-13T20:50:29
Trachemys scripta elegans,Oklahoma,36.053149,-95.968184,26618.0,2018-11-13T17:04:01
Trachemys scripta elegans,Florida,29.645474,-82.347347,61.0,2018-11-13T10:17
Trachemys scripta elegans,Florida,29.647358,-82.344535,22.0,2018-11-06T13:34
Trachemys scripta elegans,Louisiana,32.428508,-92.00364,3.0,2018-09-18T11:06
Trachemys scripta elegans,Texas,29.823714,-95.623457,3230.0,2018-11-03T23:57
Trachemys scripta elegans,Texas,29.60262,-94.447542,,2018-10-26T20:53
Trachemys scripta elegans,Texas,29.808759,-95.793248,205.0,2018-10-20T00:16
Trachemys scripta elegans,Texas,29.60262,-94.447542,,2018-10-11T21:46
Trachemys scripta elegans,Texas,29.717167,-96.0595,198.0,2018-11-08T14:25
Trachemys scripta elegans,Texas,29.808759,-95.793248,205.0,2018-07-28T20:34
Trachemys scripta elegans,Texas,29.808759,-95.793248,205.0,2018-07-21T19:32
Trachemys scripta elegans,Texas,29.823714,-95.623457,3230.0,2018-05-19T02:37
Trachemys scripta elegans,Texas,29.823714,-95.623457,3230.0,2018-05-12T01:38
Trachemys scripta elegans,Texas,29.823714,-95.623457,3230.0,2018-04-21T02:16
Trachemys scripta elegans,Texas,29.802787,-95.696664,198.0,2018-04-15T00:52
Trachemys scripta elegans,Texas,29.802787,-95.696664,198.0,2018-04-08T00:20
Trachemys scripta elegans,Texas,32.22115,-95.767889,199.0,2018-11-03T12:30
Trachemys scripta elegans,Texas,32.22115,-95.767889,199.0,2018-11-03T12:31
Trachemys scripta elegans,Texas,32.22115,-95.767889,199.0,2018-11-03T13:24
Trachemys scripta elegans,Texas,32.336314,-96.117148,271.0,2018-10-20T14:33
Trachemys scripta elegans,Texas,29.808759,-95.793248,205.0,2018-03-17T01:19
Trachemys scripta elegans,Texas,29.901401,-95.816507,279.0,2018-02-23T22:37
Trachemys scripta elegans,Illinois,37.637034,-89.344284,977.0,2015-03-16T11:35
Trachemys scripta elegans,Texas,31.044906,-94.180887,5.0,2018-11-03T12:43:43
Trachemys scripta elegans,Texas,30.4598,-94.2922,,2018-10-13T11:24:07
Trachemys scripta elegans,Texas,30.714985,-95.552219,5.0,2018-11-02T16:46:06
Trachemys scripta elegans,Louisiana,29.945585,-90.126896,29433.0,2018-11-02T12:50:13
Trachemys scripta elegans,Texas,30.714846,-95.551924,10.0,2018-11-02T15:19:57
Trachemys scripta elegans,Texas,30.714922,-95.552229,10.0,2018-11-02T13:27:39
Trachemys scripta elegans,Texas,30.71493,-95.552003,5.0,2018-11-02T13:13:09
Trachemys scripta elegans,Texas,30.714797,-95.552025,5.0,2018-11-02T13:10:27
Trachemys scripta elegans,Texas,30.71485,-95.552038,5.0,2018-11-02T13:13:39
Trachemys scripta elegans,Texas,30.714905,-95.552224,5.0,2018-11-02T16:45:53
Trachemys scripta elegans,Texas,30.714808,-95.552178,6.0,2018-11-02T11:13:01
Trachemys scripta elegans,Texas,30.714977,-95.552301,5.0,2018-11-02T10:09:59
Trachemys scripta elegans,Texas,29.808759,-95.793248,205.0,2017-09-30T00:37
Trachemys scripta elegans,Texas,29.802787,-95.696664,198.0,2017-07-30T23:37
Trachemys scripta elegans,Texas,29.823714,-95.623457,3230.0,2017-07-22T23:02
Trachemys scripta elegans,Texas,30.714901,-95.552075,5.0,2018-11-01T14:40:44
Trachemys scripta elegans,Texas,30.714813,-95.551947,16.0,2018-11-01T13:45:52
Trachemys scripta elegans,Texas,30.715585,-95.551969,279.0,2018-11-01T13:23
Trachemys scripta elegans,Texas,30.715585,-95.551969,271.0,2018-11-01T13:23
Trachemys scripta elegans,Texas,30.714818,-95.551979,8.0,2018-11-01T13:10:50
Trachemys scripta elegans,Texas,30.714762,-95.551924,16.0,2018-11-01T12:56:43
Trachemys scripta elegans,Texas,30.71487,-95.552038,12.0,2018-11-01T12:17:09
Trachemys scripta elegans,Texas,30.738252,-95.563513,7813.0,2018-11-01T10:49
Trachemys scripta elegans,Texas,29.804471,-95.819789,184.0,2017-05-20T22:42
Trachemys scripta elegans,Texas,29.802787,-95.696664,198.0,2017-05-13T19:37
Trachemys scripta elegans,Texas,30.714672,-95.552276,10.0,2018-10-31T10:44:04
Trachemys scripta elegans,Texas,31.374183,-94.727656,400.0,2018-10-31
Trachemys scripta elegans,Texas,29.823714,-95.623457,3230.0,2017-05-06T01:16
Trachemys scripta elegans,Texas,29.823714,-95.623457,3230.0,2017-03-04T22:34
Trachemys scripta elegans,Texas,30.71473,-95.552222,10.0,2018-10-30T13:53:32
Trachemys scripta elegans,Texas,30.714795,-95.552008,5.0,2018-10-30T13:44:49
Trachemys scripta elegans,Texas,30.714623,-95.552075,9.0,2018-10-30T12:40:06
Trachemys scripta elegans,Texas,33.272584,-95.897043,15.0,2018-10-22T10:43
Trachemys scripta elegans,Texas,29.877,-93.922,,2018-05-31T09:07
Trachemys scripta elegans,Texas,29.808759,-95.793248,205.0,2017-02-18T01:38
Trachemys scripta elegans,Texas,29.370627,-95.627218,196.0,2017-02-01T00:36
Trachemys scripta elegans,Texas,29.804471,-95.819789,184.0,2017-01-14T22:49
Trachemys scripta elegans,Kentucky,37.914432,-85.669221,2.0,2018-10-29T12:29
Trachemys scripta elegans,Texas,32.76889,-94.978279,,2018-10-28T12:33
Trachemys scripta elegans,Texas,29.823714,-95.623457,3230.0,2016-10-29T22:19
Trachemys scripta elegans,Louisiana,31.559467,-91.556116,85.0,2018-10-27T10:53
Trachemys scripta elegans,Texas,29.802787,-95.696664,198.0,2016-10-15T02:22
Trachemys scripta elegans,Texas,29.823714,-95.623457,3230.0,2016-09-03T20:42
Trachemys scripta elegans,Illinois,37.677552,-89.457636,122.0,2018-04-19T21:46
Trachemys scripta elegans,Missouri,36.647866,-91.777811,15.0,2017-06-24T13:15
Trachemys scripta elegans,Texas,31.4408,-94.694386,1815.0,2018-10-26
Trachemys scripta elegans,Texas,29.901401,-95.816507,279.0,2016-07-04T20:51
Trachemys scripta elegans,Texas,29.804471,-95.819789,184.0,2016-05-14T00:54
Trachemys scripta elegans,Texas,29.808759,-95.793248,205.0,2016-04-30T23:05
Trachemys scripta elegans,Texas,29.823714,-95.623457,3230.0,2016-04-16T22:00
Trachemys scripta elegans,Texas,29.804471,-95.819789,184.0,2016-03-21T00:37
Trachemys scripta elegans,Texas,29.823714,-95.623457,3230.0,2016-03-14T22:18
Trachemys scripta elegans,Texas,29.766777,-95.450555,5.0,2018-10-21T18:25
Trachemys scripta elegans,Texas,29.370627,-95.627218,196.0,2015-12-05T22:00
Trachemys scripta elegans,Texas,30.701953,-95.747154,1.0,2018-10-19T16:10
Trachemys scripta elegans,Tennessee,36.008968,-87.028074,250.0,2018-09-08T09:41
Trachemys scripta elegans,Mississippi,32.548783,-90.880925,61.0,2018-10-14T19:55
Trachemys scripta elegans,Mississippi,34.112885,-90.135815,,2018-10-17T11:35
Trachemys scripta elegans,Alabama,34.709295,-86.632879,278.0,2018-09-15
Trachemys scripta elegans,Texas,29.992407,-95.632263,,2018-10-13T16:35:46
Trachemys scripta elegans,Texas,29.991655,-95.631599,,2018-10-13T16:28:29
Trachemys scripta elegans,Texas,29.623073,-94.455684,8398.0,2018-04-30T07:29
Trachemys scripta elegans,Texas,29.781254,-95.624494,402.0,2018-10-12T14:56
Trachemys scripta elegans,Texas,31.374311,-94.727387,400.0,2018-10-12
Trachemys scripta elegans,Louisiana,32.440353,-93.668658,,2018-10-11T15:30
Trachemys scripta elegans,Texas,31.374394,-94.727602,400.0,2018-10-10
Trachemys scripta elegans,Texas,32.480351,-95.296498,14.0,2018-10-08T10:46
Trachemys scripta elegans,Texas,31.653385,-95.688429,4.0,2018-10-05T13:24
Trachemys scripta elegans,Louisiana,32.09153,-92.062641,2224.0,2018-10-06T14:27
Trachemys scripta elegans,Louisiana,32.09153,-92.062641,2224.0,2018-10-06T14:22
Trachemys scripta elegans,Texas,31.37307,-94.725395,12.0,2018-10-06T15:10:53
Trachemys scripta elegans,Louisiana,32.321777,-91.368847,5402.0,2018-09-09T12:41
Trachemys scripta elegans,Texas,30.100393,-95.416486,6.0,2018-09-27T11:30
Trachemys scripta elegans,Oklahoma,33.72912,-94.676901,15.0,2018-05-26T10:15
Trachemys scripta elegans,Texas,29.901401,-95.816507,279.0,2016-10-08T05:40
Trachemys scripta elegans,Texas,31.623555,-94.643692,8.0,2018-10-03T15:56:29
Trachemys scripta elegans,Texas,31.374234,-94.727766,400.0,2018-10-02
Trachemys scripta elegans,Texas,29.806641,-95.765534,858.0,2018-01-08T06:51
Trachemys scripta elegans,Texas,30.081923,-95.377974,198.0,2018-09-25T00:34
Trachemys scripta elegans,Louisiana,32.440418,-93.66868,,2018-09-29T09:19
Trachemys scripta elegans,Louisiana,31.559356,-91.556589,197.0,2018-09-29T12:31
Trachemys scripta elegans,Texas,29.591713,-95.257344,679.0,2018-08-23T10:14
Trachemys scripta elegans,Louisiana,32.434502,-92.013319,4750.0,2018-09-25T10:46
Trachemys scripta elegans,Texas,30.714082,-95.55169,65.0,2018-09-25T15:17:08
Trachemys scripta elegans,Arkansas,35.344842,-94.296073,147.0,2017-11-28T12:03
Trachemys scripta elegans,Tennessee,36.056321,-86.798188,49.0,2017-04-08T16:11
Trachemys scripta elegans,Texas,31.322222,-93.702778,,2018-03-30T05:42
Trachemys scripta elegans,Louisiana,30.213528,-92.017552,10.0,2018-09-25T09:04:05
Trachemys scripta elegans,Louisiana,30.213392,-92.017486,5.0,2018-09-25T09:06:23
Trachemys scripta elegans,Texas,30.591868,-96.335761,,2018-09-24
Trachemys scripta elegans,Texas,31.374165,-94.727763,400.0,2018-09-24
Trachemys scripta elegans,Texas,32.475726,-95.29675,18.0,2018-09-23T13:55
Trachemys scripta elegans,Texas,32.476513,-95.297978,11.0,2018-09-23T14:06
Trachemys scripta elegans,Louisiana,31.555754,-91.612765,197.0,2018-09-23T12:31
Trachemys scripta elegans,Texas,29.803745,-95.820354,200.0,2018-04-28T21:37
Trachemys scripta elegans,Texas,29.703775,-93.932898,191.0,2018-09-21T10:44
Trachemys scripta elegans,Oklahoma,35.982708,-95.786321,192.0,2017-02-13T05:27
Trachemys scripta elegans,Texas,29.524573,-95.807433,198.0,2017-10-17T21:48
Trachemys scripta elegans,Texas,29.605644,-95.235454,1953.0,2018-09-15T13:25
Trachemys scripta elegans,Texas,29.597286,-95.183269,1953.0,2018-09-15T13:25
Trachemys scripta elegans,Texas,29.600868,-95.220348,1953.0,2018-09-15T13:25
Trachemys scripta elegans,Texas,31.374907,-94.727707,400.0,2018-09-18
Trachemys scripta elegans,Texas,29.823714,-95.623457,3230.0,2018-09-15T20:43
Trachemys scripta elegans,Louisiana,30.284267,-89.920484,2.0,2018-09-15T12:07
Trachemys scripta elegans,Texas,30.714887,-95.552035,12.0,2018-09-16T16:23:40
Trachemys scripta elegans,Alabama,34.709355,-86.632942,5.0,2018-09-15T16:56:05
Trachemys scripta elegans,North Carolina,35.633416,-82.558194,17.0,2018-09-10T11:31:46
Trachemys scripta elegans,Texas,29.808759,-95.793248,205.0,2017-06-03T23:32
Trachemys scripta elegans,Georgia,34.157836,-84.067669,121.0,2018-09-14T15:50
Trachemys scripta elegans,Alabama,32.034185,-86.237849,31.0,2018-07-26T07:57
Trachemys scripta elegans,Louisiana,29.77312,-93.032653,,2015-04-19T15:44:33
Trachemys scripta elegans,Louisiana,30.430778,-91.16922,,2015-05-05T10:03:31
Trachemys scripta elegans,Texas,29.217613,-94.934444,143.0,2018-05-02T20:28
Trachemys scripta elegans,Louisiana,29.73565,-90.120942,5.0,2018-09-12T10:27:15
Trachemys scripta elegans,Texas,31.37515,-94.7284,300.0,2018-09-11T20:50:11
Trachemys scripta elegans,Texas,29.802787,-95.696664,198.0,2017-04-15T21:53
Trachemys scripta elegans,Florida,29.645844,-82.347161,10.0,2018-09-11T17:09
Trachemys scripta elegans,Texas,29.981233,-95.842637,609.0,2016-07-17T02:18
Trachemys scripta elegans,Texas,29.762412,-95.450118,10.0,2018-09-09T12:56
Trachemys scripta elegans,Texas,29.754806,-95.035692,202.0,2015-11-21T20:28
Trachemys scripta elegans,Texas,30.241495,-95.956821,198.0,2018-09-08T10:43
Trachemys scripta elegans,Texas,29.370627,-95.627218,196.0,2018-05-18T10:03
Trachemys scripta elegans,Texas,29.360282,-95.074518,29508.0,2018-09-07T10:55:27
Trachemys scripta elegans,Texas,30.714768,-95.552062,9.0,2018-09-06T12:15:44
Trachemys scripta elegans,Texas,30.714853,-95.552075,6.0,2018-09-05T12:57:56
Trachemys scripta elegans,Texas,29.823714,-95.623457,3230.0,2017-05-07T20:11
Trachemys scripta elegans,Mississippi,31.42599,-91.453135,197.0,2017-11-29T13:58
Trachemys scripta elegans,Mississippi,31.42599,-91.453135,197.0,2017-11-29T13:48
Trachemys scripta elegans,Mississippi,31.42599,-91.453135,197.0,2018-01-26T15:34
Trachemys scripta elegans,Texas,32.316918,-96.138504,98.0,2018-09-02T18:04:21
Trachemys scripta elegans,Texas,29.715437,-95.389223,198.0,2017-10-19T16:30
Trachemys scripta elegans,Texas,32.482153,-95.29552,,2018-09-02T12:16
Trachemys scripta elegans,Louisiana,32.894627,-92.051865,,2018-09-02T09:27:32
Trachemys scripta elegans,Tennessee,35.628421,-89.842545,2.0,2018-08-26T13:28
Trachemys scripta elegans,Texas,32.310051,-96.141112,18.0,2018-08-31T22:38:50
Trachemys scripta elegans,Texas,31.357498,-94.726312,200.0,2018-08-30
Trachemys scripta elegans,Texas,31.374125,-94.727911,400.0,2018-08-29
Trachemys scripta elegans,Texas,30.714861,-95.551999,6.0,2018-08-28T12:17:01
Trachemys scripta elegans,Louisiana,30.788072,-91.376848,2512.0,2018-03-10T13:25
Trachemys scripta elegans,Mississippi,31.354946,-91.446342,15.0,2018-08-25T18:28
Trachemys scripta elegans,Louisiana,30.001816,-90.092959,1621.0,2016-07-18
Trachemys scripta elegans,Texas,30.603196,-96.360256,,2018-08-23
Trachemys scripta elegans,Alabama,32.40176,-86.226508,8.0,2018-08-23T13:01:11
Trachemys scripta elegans,Texas,29.773579,-95.452417,30.0,2018-08-22T18:31
Trachemys scripta elegans,Louisiana,29.98473,-90.097765,153.0,2018-08-14T13:42
Trachemys scripta elegans,Arkansas,35.914113,-90.136225,61.0,2018-08-18T13:12
Trachemys scripta elegans,Texas,29.933498,-95.895398,244.0,2018-08-19T11:11
Trachemys scripta elegans,Texas,29.870112,-95.171883,1702.0,2016-12-11T11:48
Trachemys scripta elegans,Texas,28.982315,-96.014414,122.0,2018-08-10T11:15
Trachemys scripta elegans,Texas,28.982315,-96.014328,244.0,2018-08-10T11:13
Trachemys scripta elegans,Texas,28.979553,-96.013625,122.0,2018-08-10T11:15
Trachemys scripta elegans,Texas,28.980738,-96.011791,122.0,2018-08-10T11:12
Trachemys scripta elegans,Texas,29.374338,-95.611468,8.0,2018-08-14T12:55
Trachemys scripta elegans,Texas,28.98235,-96.01393,2.0,2018-08-14T10:56
Trachemys scripta elegans,Mississippi,31.361025,-91.416636,2.0,2018-08-13T11:30
Trachemys scripta elegans,Texas,31.374124,-94.727938,400.0,2018-08-13
Trachemys scripta elegans,Texas,29.607029,-94.555998,22.0,2018-08-11T14:57:42
Trachemys scripta elegans,Louisiana,30.301081,-93.263168,1052.0,2016-12-13T12:04:28
Trachemys scripta elegans,South Carolina,34.689656,-82.837039,4.0,2018-08-06
Trachemys scripta elegans,Louisiana,32.507742,-92.168653,196.0,2018-08-04T12:50
Trachemys scripta elegans,Louisiana,30.284211,-89.92052,,2018-08-02T13:06
Trachemys scripta elegans,Tennessee,35.493816,-89.26189,750.0,2017-08-05T12:39
Trachemys scripta elegans,Illinois,37.311924,-89.01902,191.0,2018-05-09T10:36
Trachemys scripta elegans,Illinois,37.311924,-89.01902,191.0,2018-05-09T10:36
Trachemys scripta elegans,Texas,31.374161,-94.727944,400.0,2018-08-02
Trachemys scripta elegans,Louisiana,30.237453,-93.229263,,2018-06-20T09:26:18
Trachemys scripta elegans,Arkansas,33.690431,-93.113503,24.0,2018-07-31T18:46
Trachemys scripta elegans,Texas,29.93208,-95.905722,61.0,2018-07-29T10:38
Trachemys scripta elegans,Florida,29.271716,-81.089046,29508.0,2018-07-31T17:46:15
Trachemys scripta elegans,Texas,31.374151,-94.727788,400.0,2018-07-31
Trachemys scripta elegans,Texas,31.372414,-94.728834,28.0,2018-07-30
Trachemys scripta elegans,Texas,29.671869,-96.269373,31.0,2018-07-28T09:11
Trachemys scripta elegans,Texas,29.40817,-94.890575,,2018-07-29T11:49
Trachemys scripta elegans,Louisiana,30.485769,-92.273298,94.0,2018-07-27T13:30:20
Trachemys scripta elegans,Louisiana,31.289338,-92.493222,109.0,2018-07-24T12:41:54
Trachemys scripta elegans,Louisiana,32.939503,-92.018922,,2018-06-14T14:47
Trachemys scripta elegans,Louisiana,31.930775,-93.304122,,2018-07-18T15:11
Trachemys scripta elegans,Texas,30.243222,-96.277454,,2018-07-14T13:06
Trachemys scripta elegans,Texas,29.986576,-95.570315,31.0,2018-07-15T20:29
Trachemys scripta elegans,Texas,29.7694,-95.567204,40.0,2018-07-14T13:59
Trachemys scripta elegans,Texas,28.981898,-96.010223,8.0,2016-12-21T14:32
Trachemys scripta elegans,Texas,32.476092,-95.293164,61.0,2017-11-24T11:13
Trachemys scripta elegans,Texas,29.374043,-95.625088,,2018-07-03T07:47
Trachemys scripta elegans,Texas,29.76702,-95.450406,15.0,2018-07-09T08:22
Trachemys scripta elegans,Louisiana,29.757692,-93.603818,,2018-04-29T10:43
Trachemys scripta elegans,Georgia,33.933437,-85.355645,5.0,2018-07-06T11:31:23
Trachemys scripta elegans,Texas,30.748335,-94.071872,8.0,2018-07-04T18:20
Trachemys scripta elegans,Texas,29.374256,-95.602745,2.0,2018-07-02T13:33
Trachemys scripta elegans,Texas,29.374235,-95.603995,2.0,2018-07-02T13:35
Trachemys scripta elegans,Texas,29.821691,-95.635599,78.0,2018-07-01T14:49
Trachemys scripta elegans,Texas,32.524667,-94.736069,,2018-07-01T11:31
Trachemys scripta elegans,Louisiana,32.621418,-92.242165,,2018-06-29T10:55:46
Trachemys scripta elegans,Arkansas,36.105644,-94.190521,,2018-06-29T09:47:46
Trachemys scripta elegans,Texas,30.601269,-96.360088,33.0,2018-06-28T22:54:13
Trachemys scripta elegans,Texas,31.37515,-94.7284,,2018-06-27
Trachemys scripta elegans,Louisiana,31.937857,-93.27774,,2018-06-27T16:18:37
Trachemys scripta elegans,Texas,29.586903,-95.678957,2.0,2018-05-23T15:42
Trachemys scripta elegans,Louisiana,32.232151,-93.489479,,2018-06-24T10:12:51
Trachemys scripta elegans,Florida,29.011661,-81.788231,29533.0,2017-10-21T10:00
Trachemys scripta elegans,Mississippi,33.714301,-90.936537,35.0,2018-05-08T11:47
Trachemys scripta elegans,Mississippi,34.098005,-90.133025,,2018-06-11T10:32
Trachemys scripta elegans,Texas,31.335182,-94.709907,197.0,2018-06-20
Trachemys scripta elegans,Texas,30.257747,-95.636718,1.0,2018-06-15T10:22
Trachemys scripta elegans,Texas,30.235206,-95.628905,2.0,2018-06-15T11:03
Trachemys scripta elegans,Texas,29.059974,-95.268235,199.0,2015-07-04T19:20
Trachemys scripta elegans,Mississippi,34.427406,-89.694679,,2018-06-17T15:10:58
Trachemys scripta elegans,Texas,29.986845,-95.567334,99.0,2018-06-17T16:53
Trachemys scripta elegans,Texas,29.609098,-94.553585,857.0,2018-06-16T09:50
Trachemys scripta elegans,Texas,29.40849,-94.89239,,2018-06-17T08:52
Trachemys scripta elegans,Texas,29.408222,-94.89052,,2018-06-17T08:48
Trachemys scripta elegans,Texas,29.965333,-95.620297,29.0,2018-06-16T13:28
Trachemys scripta elegans,Texas,31.334943,-94.709767,200.0,2018-06-16
Trachemys scripta elegans,Tennessee,35.982047,-83.997838,31.0,2018-05-29T14:17
Trachemys scripta elegans,Tennessee,36.555748,-87.14416,192.0,2018-05-26T16:25
Trachemys scripta elegans,Texas,30.697514,-95.606074,,2018-04-03T12:52
Trachemys scripta elegans,Missouri,36.644826,-91.777824,,2018-05-25T15:42
Trachemys scripta elegans,Mississippi,31.113126,-89.33838,44028.0,2018-06-12T10:05:31
Trachemys scripta elegans,Louisiana,32.605087,-92.051811,,2018-06-07T08:34:55
Trachemys scripta elegans,Texas,29.371057,-95.623034,198.0,2018-05-15T19:40
Trachemys scripta elegans,North Carolina,35.633335,-82.558175,,2018-05-22T17:14
Trachemys scripta elegans,Texas,30.275298,-96.319923,2095.0,2018-04-24T18:29:09
Trachemys scripta elegans,Texas,31.542663,-95.873673,6359.0,2018-06-09T10:24:19
Trachemys scripta elegans,Texas,29.561591,-95.077268,4477.0,2018-06-07T01:43
Trachemys scripta elegans,Louisiana,32.444471,-93.699095,1376.0,2018-06-06T17:56:52
Trachemys scripta elegans,North Carolina,35.63333,-82.55598,,2018-06-02T13:01
Trachemys scripta elegans,Texas,29.760882,-95.40181,65.0,2018-06-03T16:49
Trachemys scripta elegans,Texas,29.372201,-95.628076,37.0,2018-05-26T10:57:33
Trachemys scripta elegans,Texas,30.714821,-95.552055,31.0,2018-06-03T01:46
Trachemys scripta elegans,Texas,31.37418,-94.727997,400.0,2018-06-03
Trachemys scripta elegans,Texas,29.967495,-95.611138,123.0,2018-06-02T18:57:47
Trachemys scripta elegans,Louisiana,31.480898,-91.637215,39749.0,2018-06-02T14:37
Trachemys scripta elegans,Texas,30.298043,-95.67641,3.0,2018-05-22T09:49
Trachemys scripta elegans,Texas,29.645728,-94.544517,,2018-05-24T15:36:39
Trachemys scripta elegans,Alabama,31.126565,-86.752738,1857.0,2017-06-26T14:10
Trachemys scripta elegans,Texas,31.374099,-94.727957,400.0,2018-05-31
Trachemys scripta elegans,Texas,32.358415,-95.992817,,2018-05-28T08:33
Trachemys scripta elegans,Texas,31.444169,-94.692841,1703.0,2018-05-29
Trachemys scripta elegans,Illinois,37.3943,-88.975823,4.0,2017-08-28T15:18
Trachemys scripta elegans,Louisiana,29.944723,-93.075998,,2018-05-28T09:05
Trachemys scripta elegans,Texas,31.374119,-94.727979,400.0,2018-04-02
Trachemys scripta elegans,Texas,30.300978,-95.804081,43.0,2018-05-24T13:30:14
Trachemys scripta elegans,Texas,31.444169,-94.692841,1703.0,2018-05-24
Trachemys scripta elegans,Louisiana,29.973698,-93.089229,2.0,2018-05-13T08:47
Trachemys scripta elegans,Texas,31.374237,-94.727839,400.0,2018-05-23
Trachemys scripta elegans,Texas,33.260899,-96.295555,,2018-05-21T11:52:53
Trachemys scripta elegans,Texas,29.386755,-95.010055,,2018-05-22T17:05
Trachemys scripta elegans,Texas,29.370956,-95.626705,2.0,2018-05-21T12:42
Trachemys scripta elegans,Texas,29.897026,-95.815586,126.0,2018-05-21T09:00:15
Trachemys scripta elegans,Oklahoma,33.716252,-94.642257,,2018-05-20T07:32
Trachemys scripta elegans,Louisiana,32.282955,-92.019615,,2018-05-18T08:55:47
Trachemys scripta elegans,Louisiana,32.530289,-92.187549,,2018-05-20T07:44:21
Trachemys scripta elegans,Louisiana,32.154583,-91.958809,,2018-05-18T10:48:04
Trachemys scripta elegans,Texas,29.5749,-94.390216,2.0,2018-05-08T12:59
Trachemys scripta elegans,Texas,29.574463,-94.389909,2.0,2018-05-08T11:21
Trachemys scripta elegans,Texas,29.611521,-94.555635,122.0,2018-05-15T10:22
Trachemys scripta elegans,Tennessee,35.251157,-90.057614,108.0,2018-05-12
Trachemys scripta elegans,Louisiana,30.429397,-91.168189,5.0,2018-05-14T14:22:07
Trachemys scripta elegans,Texas,29.507778,-95.1325,,2018-05-13T11:17:46
Trachemys scripta elegans,Louisiana,31.289274,-92.49312,67.0,2018-05-12T12:09:32
Trachemys scripta elegans,Florida,30.263517,-81.714958,30.0,2018-05-10T09:32:02
Trachemys scripta elegans,Texas,31.374378,-94.726229,8.0,2018-05-10T13:52
Trachemys scripta elegans,Louisiana,30.34553,-90.022591,,2018-05-09T15:05:39
Trachemys scripta elegans,Louisiana,30.350077,-90.038795,,2018-05-08T15:47:53
Trachemys scripta elegans,Georgia,33.865067,-84.380325,65.0,2018-05-07T11:59:32
Trachemys scripta elegans,Mississippi,31.39282,-89.282267,29252.0,2018-04-26T16:49
Trachemys scripta elegans,Texas,31.374164,-94.727839,400.0,2018-05-06
Trachemys scripta elegans,Texas,33.6798,-95.0598,20.0,2018-05-05T11:49
Trachemys scripta elegans,Texas,31.444169,-94.692841,1703.0,2018-05-05
Trachemys scripta elegans,North Carolina,35.422731,-82.490342,28677.0,2018-04-28T13:22
Trachemys scripta elegans,Louisiana,32.902977,-92.738647,,2018-04-28T15:51:51
Trachemys scripta elegans,Texas,31.374202,-94.727808,400.0,2018-04-27
Trachemys scripta elegans,Louisiana,30.31486,-91.03838,1831.0,2018-04-17T11:02
Trachemys scripta elegans,Louisiana,30.369394,-91.104898,,2018-03-26T17:28:25
Trachemys scripta elegans,Louisiana,30.564627,-91.164233,688.0,2018-03-20T14:28:36
Trachemys scripta elegans,Texas,29.408165,-94.89032,5.0,2017-04-15T19:18:31
Trachemys scripta elegans,Texas,29.765225,-95.452006,198.0,2018-04-30T12:18
Trachemys scripta elegans,Texas,29.765225,-95.452006,198.0,2018-04-30T12:31
Trachemys scripta elegans,Texas,29.765225,-95.452006,198.0,2018-04-30T12:32
Trachemys scripta elegans,Texas,29.765225,-95.452006,198.0,2018-04-30T12:17
Trachemys scripta elegans,Texas,29.765225,-95.452006,198.0,2018-04-30T12:17
Trachemys scripta elegans,Texas,29.765225,-95.452006,198.0,2018-04-30T12:17
Trachemys scripta elegans,Texas,31.374127,-94.727849,400.0,2018-05-03
Trachemys scripta elegans,Louisiana,31.309776,-92.721909,,2018-05-01T11:00:04
Trachemys scripta elegans,Texas,29.60682,-94.555721,122.0,2018-04-27T17:56
Trachemys scripta elegans,Texas,29.59362,-95.074922,198.0,2018-04-29
Trachemys scripta elegans,Texas,29.764045,-95.453255,4.0,2018-04-30T14:51
Trachemys scripta elegans,Texas,30.55873,-96.206278,57.0,2018-04-28
Trachemys scripta elegans,Texas,29.59362,-95.074922,198.0,2018-04-29
Trachemys scripta elegans,Texas,29.386868,-95.010031,98.0,2018-04-30T18:04
Trachemys scripta elegans,Texas,32.689575,-94.124047,2024.0,2018-04-29T09:46
Trachemys scripta elegans,Texas,29.594867,-94.526367,488.0,2018-04-27T19:26
Trachemys scripta elegans,Louisiana,29.973745,-93.089145,1.0,2018-04-29T12:32
Trachemys scripta elegans,Texas,29.21755,-94.93363,,2018-04-29T10:32
Trachemys scripta elegans,Louisiana,29.942997,-93.078624,414.0,2018-04-29T10:08
Trachemys scripta elegans,Louisiana,29.973977,-93.089634,233.0,2018-04-29T12:36
Trachemys scripta elegans,Louisiana,29.973977,-93.089634,233.0,2018-04-29T12:34
Trachemys scripta elegans,Texas,29.439311,-95.224872,,2018-04-29T12:49
Trachemys scripta elegans,Louisiana,30.216712,-92.96605,5.0,2018-04-29T17:24:21
Trachemys scripta elegans,Texas,29.764503,-95.449508,10.0,2018-04-29T11:18:50
Trachemys scripta elegans,Texas,29.909444,-95.670278,,2018-04-29T13:36
Trachemys scripta elegans,Texas,29.594444,-95.06028,,2018-04-28T11:43:49
Trachemys scripta elegans,Texas,29.370627,-95.627218,198.0,2018-04-28T10:45
Trachemys scripta elegans,Oklahoma,36.22353,-95.902818,,2018-04-28T14:14
Trachemys scripta elegans,Texas,29.598294,-95.0747,12.0,2018-04-28T11:43:51
Trachemys scripta elegans,Louisiana,31.282104,-92.500131,25.0,2018-04-28T10:53:58
Trachemys scripta elegans,Texas,29.595368,-95.072842,8.0,2018-04-27T13:05
Trachemys scripta elegans,Texas,31.374018,-94.727914,400.0,2018-04-28
Trachemys scripta elegans,Texas,29.763552,-95.383408,198.0,2018-04-27T17:36
Trachemys scripta elegans,Louisiana,31.281646,-92.501409,72.0,2018-04-27T18:14:18
Trachemys scripta elegans,Texas,29.765225,-95.452006,198.0,2018-04-27T22:09
Trachemys scripta elegans,Texas,30.203247,-95.541108,6.0,2018-04-27T15:15:28
Trachemys scripta elegans,Texas,29.525241,-95.800846,198.0,2018-04-27T09:21
Trachemys scripta elegans,Texas,29.771454,-95.569946,175.0,2018-04-27T11:31
Trachemys scripta elegans,Texas,29.761766,-95.450026,10.0,2018-04-27T11:27:32
Trachemys scripta elegans,Texas,30.300797,-95.804345,24.0,2018-04-26T14:40:51
Trachemys scripta elegans,Texas,31.444169,-94.692841,1703.0,2018-04-26
Trachemys scripta elegans,Texas,29.60564,-94.556245,,2018-04-24T16:56
Trachemys scripta elegans,Oklahoma,36.22579,-95.89792,,2018-04-24T15:14
Trachemys scripta elegans,Texas,29.369825,-95.628692,5.0,2018-04-23T13:10:37
Trachemys scripta elegans,Texas,31.378845,-94.728504,250.0,2018-04-24
Trachemys scripta elegans,Texas,29.217613,-94.934444,143.0,2018-04-22T13:49
Trachemys scripta elegans,Texas,29.217613,-94.934444,143.0,2018-04-22T13:44
Trachemys scripta elegans,Texas,29.761787,-95.450135,7.0,2018-04-22T11:40:39
Trachemys scripta elegans,Texas,31.374219,-94.727892,400.0,2018-04-21
Trachemys scripta elegans,Louisiana,30.406505,-91.181953,172.0,2016-04-11T18:37:14
Trachemys scripta elegans,Texas,29.763653,-95.456763,,2016-08-29T08:26
Trachemys scripta elegans,Mississippi,34.10208,-90.138008,,2018-04-17T13:19
Trachemys scripta elegans,Louisiana,30.562294,-91.164106,2752.0,2018-04-18T18:07:12
Trachemys scripta elegans,Florida,29.647499,-82.344654,2.0,2018-04-03T14:16
Trachemys scripta elegans,Florida,29.647431,-82.344684,2.0,2018-04-03T14:15
Trachemys scripta elegans,Texas,31.374091,-94.727967,400.0,2018-04-18
Trachemys scripta elegans,Texas,29.762198,-95.449991,31.0,2018-03-12T10:28
Trachemys scripta elegans,Texas,29.724167,-95.34111,,2018-04-17T10:59:20
Trachemys scripta elegans,Louisiana,32.680331,-92.223524,8.0,2018-04-17T13:12
Trachemys scripta elegans,Florida,29.217545,-82.055382,221.0,2018-04-16T15:35
Trachemys scripta elegans,Texas,31.374085,-94.727764,400.0,2018-04-16
Trachemys scripta elegans,Texas,29.572493,-94.38938,,2018-04-13T13:28
Trachemys scripta elegans,Louisiana,30.336224,-90.044411,,2018-04-15T14:22:04
Trachemys scripta elegans,Texas,31.374366,-94.727785,400.0,2018-04-14
Trachemys scripta elegans,Oklahoma,36.736307,-95.945112,8442.0,2018-04-13
Trachemys scripta elegans,Texas,30.582159,-94.379006,194.0,2018-04-11T17:54
Trachemys scripta elegans,Texas,29.93178,-95.92927,64.0,2018-04-12T16:20
Trachemys scripta elegans,Texas,31.374338,-94.727849,400.0,2018-04-13
Trachemys scripta elegans,Mississippi,34.104777,-90.130015,,2018-04-12T11:20
Trachemys scripta elegans,Texas,33.444622,-94.075311,4.0,2018-03-10T11:29
Trachemys scripta elegans,Florida,30.374119,-81.795532,22.0,2015-11-26
Trachemys scripta elegans,Texas,29.856919,-95.162609,198.0,2018-04-12T14:37
Trachemys scripta elegans,Texas,29.763311,-95.455994,899.0,2018-04-11T17:18:57
Trachemys scripta elegans,Texas,31.374082,-94.72786,400.0,2018-04-11
Trachemys scripta elegans,Alabama,34.707496,-86.634037,885.0,2018-04-09T14:20
Trachemys scripta elegans,Oklahoma,36.225615,-95.898017,,2018-04-10T15:08
Trachemys scripta elegans,Texas,31.374182,-94.727903,400.0,2018-04-10
Trachemys scripta elegans,Texas,30.602095,-96.360096,171.0,2018-04-09T18:40:12
Trachemys scripta elegans,Alabama,34.605925,-86.983342,10868.0,2018-04-05T17:52
Trachemys scripta elegans,Texas,30.195289,-95.483916,161.0,2016-04-28T11:30:11
Trachemys scripta elegans,Alabama,34.710278,-86.632225,,2018-04-01T16:48:39
Trachemys scripta elegans,Texas,30.111,-95.501,,2018-04-07
Trachemys scripta elegans,Louisiana,30.369394,-91.104898,,2018-03-26T17:28:25
Trachemys scripta elegans,Texas,31.374118,-94.727882,400.0,2018-04-06
Trachemys scripta elegans,Arkansas,34.029097,-93.751941,2.0,2015-06-05T11:08
Trachemys scripta elegans,Arkansas,33.528383,-93.916371,2.0,2015-06-05T09:56
Trachemys scripta elegans,Arkansas,34.53481,-93.557159,2.0,2015-06-05T12:27
Trachemys scripta elegans,Alabama,33.466344,-86.784317,3.0,2018-04-05T12:40:41
Trachemys scripta elegans,Texas,31.374182,-94.727914,400.0,2018-04-05
Trachemys scripta elegans,Oklahoma,36.222244,-95.896036,107.0,2018-04-04
Trachemys scripta elegans,Texas,29.771454,-95.569946,175.0,2018-04-04T08:24
Trachemys scripta elegans,Mississippi,34.111868,-90.144728,,2018-03-27T12:15
Trachemys scripta elegans,Oklahoma,36.222529,-95.893736,1533.0,2018-04-03T08:38:41
Trachemys scripta elegans,Texas,29.724605,-95.340782,9.0,2018-04-02T15:42:32
Trachemys scripta elegans,Texas,29.203722,-95.497623,,2018-03-30T11:19
Trachemys scripta elegans,Texas,30.603518,-96.305305,,2018-04-01T13:31:21
Trachemys scripta elegans,Texas,30.083712,-95.693848,5.0,2018-04-01T11:50:09
Trachemys scripta elegans,Florida,30.269213,-86.886414,29382.0,2018-03-29T23:11:11
Trachemys scripta elegans,North Carolina,35.633739,-82.557946,17.0,2018-03-30T12:00:48
Trachemys scripta elegans,North Carolina,35.634587,-82.562541,453.0,2018-03-31T11:31
Trachemys scripta elegans,Texas,29.90852,-95.811768,1953.0,2018-03-31T10:42
Trachemys scripta elegans,Texas,29.899815,-95.813227,445.0,2018-03-31T10:35
Trachemys scripta elegans,Texas,29.621283,-95.825592,,2018-03-29T12:03:06
Trachemys scripta elegans,Texas,30.622829,-95.536713,,2018-03-03T11:50:25
Trachemys scripta elegans,Texas,31.374137,-94.727892,400.0,2018-03-29
Trachemys scripta elegans,Texas,30.638018,-95.729075,8.0,2018-03-18T13:24
Trachemys scripta elegans,Texas,29.585777,-95.005018,28.0,2018-02-28
Trachemys scripta elegans,Alabama,34.707496,-86.634037,885.0,2018-03-17T12:30
Trachemys scripta elegans,Texas,30.746459,-95.473664,,2018-03-26T22:18:37
Trachemys scripta elegans,Texas,28.982568,-96.014371,32.0,2018-03-22T10:44
Trachemys scripta elegans,Texas,29.586217,-95.155075,5.0,2018-03-11T17:11:57
Trachemys scripta elegans,Louisiana,32.698318,-92.017532,,2018-03-25T17:00:04
Trachemys scripta elegans,Texas,31.623947,-94.64338,10.0,2018-03-25T19:31:33
Trachemys scripta elegans,Tennessee,35.193062,-89.766445,2.0,2018-03-18T12:24
Trachemys scripta elegans,Texas,28.982822,-96.009323,2.0,2018-03-25T08:33
Trachemys scripta elegans,Texas,29.21728,-94.934612,,2018-03-25T13:01
Trachemys scripta elegans,Texas,29.375229,-95.594717,2.0,2018-03-24T15:27
Trachemys scripta elegans,Texas,29.596741,-95.089866,,2018-03-18T10:55
Trachemys scripta elegans,Texas,29.596819,-95.090131,,2018-03-09T22:11
Trachemys scripta elegans,Texas,29.928318,-96.02768,199.0,2018-03-23T09:40
Trachemys scripta elegans,Texas,31.374228,-94.728042,400.0,2018-03-22
Trachemys scripta elegans,Louisiana,30.273775,-92.869492,1313.0,2018-03-19T14:22
Trachemys scripta elegans,Oklahoma,35.679587,-95.983258,38659.0,2015-04-02
Trachemys scripta elegans,Texas,29.771257,-95.569674,,2018-03-14T15:09Z
Trachemys scripta elegans,Texas,29.77122,-95.569388,,2018-03-14T14:49Z
Trachemys scripta elegans,Texas,31.374096,-94.72782,400.0,2018-03-19
Trachemys scripta elegans,Texas,33.051608,-95.09395,,2018-03-16T11:03
Trachemys scripta elegans,Texas,33.055687,-95.09352,,2018-03-16T10:02
Trachemys scripta elegans,Texas,33.05195,-95.093738,,2018-03-16T11:01
Trachemys scripta elegans,Texas,33.05157,-95.093943,,2018-03-16T11:03
Trachemys scripta elegans,Texas,33.050083,-95.091093,,2018-03-16T10:50
Trachemys scripta elegans,Texas,33.055613,-95.093493,,2018-03-16T10:06
Trachemys scripta elegans,Texas,33.055683,-95.093493,,2018-03-16T10:02
Trachemys scripta elegans,Texas,33.055683,-95.093493,,2018-03-16T10:02
Trachemys scripta elegans,Texas,33.055612,-95.093387,,2018-03-16T10:04
Trachemys scripta elegans,Texas,33.055683,-95.093493,,2018-03-16T10:02
Trachemys scripta elegans,Texas,33.055683,-95.093493,,2018-03-16T10:02
Trachemys scripta elegans,Texas,33.055683,-95.09346,,2018-03-16T10:03
Trachemys scripta elegans,Texas,33.055683,-95.093493,,2018-03-16T10:02
Trachemys scripta elegans,Texas,33.055563,-95.093395,,2018-03-16T10:04
Trachemys scripta elegans,Oklahoma,35.601939,-95.948161,4.0,2016-04-30T03:19
Trachemys scripta elegans,Oklahoma,35.602013,-95.948292,2.0,2016-04-30T03:40
Trachemys scripta elegans,Texas,30.084174,-95.694921,10.0,2018-03-18T13:18:41
Trachemys scripta elegans,Texas,29.765225,-95.452006,198.0,2018-03-16T13:09
Trachemys scripta elegans,Texas,29.216392,-94.935375,,2018-03-17T09:27
Trachemys scripta elegans,Texas,33.05185,-95.093974,31.0,2018-03-15T10:37
Trachemys scripta elegans,Texas,29.59536,-95.072745,13.0,2018-03-15T10:46:04
Trachemys scripta elegans,Texas,30.603453,-96.359973,28.0,2018-03-14
Trachemys scripta elegans,Texas,31.37515,-94.7284,400.0,2018-03-11
Trachemys scripta elegans,Louisiana,30.506611,-92.260205,2746.0,2018-03-10T17:02:14
Trachemys scripta elegans,Louisiana,30.494585,-92.29525,1525.0,2018-03-10T17:04:04
Trachemys scripta elegans,Texas,29.763987,-95.453325,6.0,2018-03-10T13:41:31
Trachemys scripta elegans,Mississippi,31.369459,-89.015872,29252.0,2018-03-09T13:32
Trachemys scripta elegans,Texas,30.626389,-95.536667,,2018-03-09T15:22:35
Trachemys scripta elegans,Texas,31.374036,-94.727667,400.0,2018-03-08
Trachemys scripta elegans,Louisiana,31.745943,-93.092839,146.0,2018-03-08T11:32:52
Trachemys scripta elegans,Texas,30.424298,-93.772941,201.0,2018-03-07T11:40
Trachemys scripta elegans,Texas,31.374073,-94.727967,400.0,2018-03-07
Trachemys scripta elegans,Texas,33.675858,-96.113185,,2018-03-03T14:33
Trachemys scripta elegans,Texas,31.358084,-94.727106,330.0,2018-03-06
Trachemys scripta elegans,Texas,31.374292,-94.727924,400.0,2018-03-05
Trachemys scripta elegans,Louisiana,29.944962,-93.08116,,2018-03-04T13:29
Trachemys scripta elegans,Texas,29.37527,-95.594833,5.0,2018-03-04T12:39:59
Trachemys scripta elegans,Louisiana,31.744735,-93.092562,346.0,2018-03-04T16:07:37
Trachemys scripta elegans,Texas,29.594007,-95.073085,5.0,2018-03-03T10:20:57
Trachemys scripta elegans,Tennessee,36.063144,-86.809752,170.0,2018-03-02T09:16
Trachemys scripta elegans,Texas,31.374173,-94.727796,400.0,2018-03-02
Trachemys scripta elegans,Louisiana,31.290058,-92.498534,626.0,2018-02-24T13:10:21
Trachemys scripta elegans,Louisiana,31.288717,-92.494205,749.0,2018-02-24T13:17:50
Trachemys scripta elegans,Texas,29.77153,-95.56956,4.0,2017-03-22T11:59
Trachemys scripta elegans,Louisiana,31.281921,-92.500848,113.0,2018-02-23T19:01
Trachemys scripta elegans,Louisiana,31.240737,-92.515199,36161.0,2018-02-23T18:30:50
Trachemys scripta elegans,Louisiana,31.290962,-92.496668,28.0,2018-01-28T12:38:25
Trachemys scripta elegans,Texas,31.374265,-94.727871,400.0,2018-02-23
Trachemys scripta elegans,Illinois,37.386373,-88.904339,31.0,2018-02-20T16:53
Trachemys scripta elegans,Texas,31.374184,-94.727722,400.0,2018-02-19
Trachemys scripta elegans,Louisiana,31.290836,-92.493271,,2017-11-05T09:52
Trachemys scripta elegans,Louisiana,32.439158,-93.662353,,2018-02-18T14:40
Trachemys scripta elegans,Louisiana,30.030656,-89.961826,198.0,2018-02-18T12:39
Trachemys scripta elegans,Texas,29.751859,-95.778379,526.0,2018-02-18T09:25
Trachemys scripta elegans,Mississippi,31.305157,-89.318054,31.0,2017-03-21T16:46
Trachemys scripta elegans,Mississippi,31.244618,-89.241815,61.0,2017-03-23T18:17
Trachemys scripta elegans,Louisiana,29.977039,-90.123291,121.0,2018-02-17T10:19
Trachemys scripta elegans,Texas,29.61563,-95.516606,501.0,2018-02-16T12:18
Trachemys scripta elegans,Texas,29.671365,-95.299077,268.0,2018-02-14T14:25
Trachemys scripta elegans,Texas,30.007246,-94.140746,15.0,2018-02-09T12:36
Trachemys scripta elegans,Texas,30.0072,-94.141009,61.0,2018-02-09T12:13
Trachemys scripta elegans,Texas,30.007246,-94.141368,15.0,2018-02-09T12:34
Trachemys scripta elegans,Texas,31.444169,-94.692841,1703.0,2018-03-01
Trachemys scripta elegans,Texas,31.952962,-94.392427,5.0,2018-03-01T13:42:58
Trachemys scripta elegans,Mississippi,34.766994,-90.135024,4.0,2018-02-25T12:45
Trachemys scripta elegans,Texas,30.825722,-94.014594,10.0,2018-02-28T13:00
Trachemys scripta elegans,Texas,31.374182,-94.727785,400.0,2018-02-28
Trachemys scripta elegans,North Carolina,35.633674,-82.557992,26.0,2018-02-23T11:12:01
Trachemys scripta elegans,Texas,31.373553,-94.729153,31.0,2018-02-08T15:53
Trachemys scripta elegans,Louisiana,30.399387,-91.128179,4.0,2018-02-08T15:34
Trachemys scripta elegans,Texas,31.374265,-94.727871,400.0,2018-02-08
Trachemys scripta elegans,Texas,31.37515,-94.7284,400.0,2018-01-30
Trachemys scripta elegans,Texas,30.621976,-96.349324,9.0,2018-01-29T14:35:20
Trachemys scripta elegans,Texas,29.730918,-95.781856,246.0,2018-01-28T14:50
Trachemys scripta elegans,Illinois,37.387072,-88.905187,122.0,2018-01-27T14:46
Trachemys scripta elegans,Texas,31.374173,-94.727871,400.0,2018-01-28
Trachemys scripta elegans,Texas,31.374219,-94.727806,400.0,2018-01-25
Trachemys scripta elegans,Arkansas,35.260226,-91.589713,112.0,2017-03-27T11:31
Trachemys scripta elegans,Texas,31.374256,-94.727785,400.0,2018-01-24
Trachemys scripta elegans,Louisiana,30.259058,-91.985935,154.0,2018-01-22T18:20
Trachemys scripta elegans,Texas,31.459876,-93.757911,198.0,2018-01-12T13:05
Trachemys scripta elegans,Louisiana,30.259021,-91.985441,128.0,2018-01-11T13:02
Trachemys scripta elegans,Texas,32.219143,-95.763954,727.0,2018-01-06T12:54:43
Trachemys scripta elegans,Louisiana,30.349614,-91.224737,516.0,2017-12-30
Trachemys scripta elegans,Louisiana,30.76809,-90.144606,4.0,2017-12-24T15:01
Trachemys scripta elegans,Arkansas,35.343696,-90.212743,5064.0,2017-12-22T14:18
Trachemys scripta elegans,Texas,29.376311,-95.603714,1909.0,2017-12-17T15:10
Trachemys scripta elegans,Texas,29.664058,-94.424312,4.0,2017-12-18T15:38
Trachemys scripta elegans,Texas,31.374118,-94.727753,400.0,2017-12-22
Trachemys scripta elegans,Louisiana,29.926889,-90.12575,20.0,2016-12-01T14:04
Trachemys scripta elegans,Louisiana,29.984389,-90.099444,20.0,2016-12-07T14:01
Trachemys scripta elegans,Louisiana,29.984389,-90.099444,20.0,2016-12-07T13:11
Trachemys scripta elegans,Louisiana,29.984389,-90.099444,20.0,2016-12-07T14:04
Trachemys scripta elegans,Texas,29.371392,-95.62607,5.0,2017-12-17T11:47:14
Trachemys scripta elegans,Texas,31.374219,-94.727534,400.0,2017-12-17
Trachemys scripta elegans,Texas,29.765205,-95.452062,198.0,2017-11-27T13:33
Trachemys scripta elegans,Texas,31.358084,-94.727106,330.0,2017-12-10
Trachemys scripta elegans,Texas,31.374237,-94.727609,400.0,2017-12-10
Trachemys scripta elegans,Texas,30.579248,-94.383098,95.0,2017-12-04T10:15
Trachemys scripta elegans,Texas,30.613608,-96.331355,34.0,2017-12-06T10:30:14
Trachemys scripta elegans,Texas,31.374329,-94.727671,400.0,2017-12-04
Trachemys scripta elegans,Texas,31.374192,-94.727897,400.0,2017-12-03
Trachemys scripta elegans,Texas,33.021283,-95.696609,8.0,2015-06-04T17:11
Trachemys scripta elegans,Texas,33.019447,-95.700025,2.0,2015-06-04
Trachemys scripta elegans,Texas,33.0904,-96.057171,2.0,2015-06-04
Trachemys scripta elegans,Kentucky,36.945997,-86.513487,1.0,2016-09-07T17:21:46
Trachemys scripta elegans,Georgia,33.915153,-84.326735,,2017-12-02T09:47
Trachemys scripta elegans,Texas,29.381427,-95.042896,123806.0,2017-11-28T13:07
Trachemys scripta elegans,Texas,33.051287,-95.094012,,2017-11-18T14:39
Trachemys scripta elegans,Texas,33.0517,-95.093868,,2017-11-18T14:41
Trachemys scripta elegans,Texas,33.051673,-95.09392,,2017-11-18T14:42
Trachemys scripta elegans,Texas,33.051287,-95.094012,,2017-11-18T14:39
Trachemys scripta elegans,Texas,31.374274,-94.727972,400.0,2017-11-25
Trachemys scripta elegans,Arkansas,35.344842,-94.296073,147.0,2017-11-20T14:13
Trachemys scripta elegans,Louisiana,30.461673,-91.185633,,2017-11-19T10:37
Trachemys scripta elegans,Louisiana,29.86889,-93.454941,2.0,2017-11-20T13:28
Trachemys scripta elegans,Texas,31.374045,-94.727843,400.0,2017-11-18
Trachemys scripta elegans,Louisiana,30.008909,-92.906399,1000.0,2017-10-30
Trachemys scripta elegans,Arkansas,34.764432,-92.057077,2.0,2015-06-05T18:39
Trachemys scripta elegans,Arkansas,33.64915,-93.661242,2.0,2015-06-05T10:09
Trachemys scripta elegans,Arkansas,34.780658,-91.469262,2.0,2015-06-05T19:32
Trachemys scripta elegans,Arkansas,34.030751,-93.749988,2.0,2015-06-05T11:08
Trachemys scripta elegans,Arkansas,34.764116,-92.038212,2.0,2015-06-05T18:48
Trachemys scripta elegans,Texas,31.374182,-94.727639,400.0,2017-11-14
Trachemys scripta elegans,Florida,29.645829,-82.347285,14.0,2017-11-03
Trachemys scripta elegans,Arkansas,35.344842,-94.296073,147.0,2017-11-13T14:42
Trachemys scripta elegans,Texas,30.917975,-94.007558,8.0,2017-11-13T13:34
Trachemys scripta elegans,Louisiana,30.000032,-90.095706,2614.0,2017-10-23
Trachemys scripta elegans,Texas,30.69928,-96.051675,5.0,2017-11-12T06:50:23
Trachemys scripta elegans,Texas,31.05379,-96.324235,22.0,2017-11-12T11:57:52
Trachemys scripta elegans,Louisiana,30.784318,-92.269106,122.0,2017-11-10T14:55
Trachemys scripta elegans,Louisiana,30.784613,-92.269278,122.0,2017-11-10T14:54
Trachemys scripta elegans,Arkansas,35.766151,-90.703928,2.0,2017-10-28T11:58
Trachemys scripta elegans,Illinois,37.715797,-89.053572,8.0,2016-11-30T15:17
Trachemys scripta elegans,Texas,31.444169,-94.692841,1703.0,2017-11-10
Trachemys scripta elegans,Texas,29.371454,-95.641346,198.0,2017-11-07T17:10
Trachemys scripta elegans,Texas,29.829195,-95.594938,398.0,2017-11-06T16:03:54
Trachemys scripta elegans,Texas,31.37515,-94.7284,400.0,2017-11-05
Trachemys scripta elegans,Louisiana,29.9737,-93.089167,,2017-11-04T12:48
Trachemys scripta elegans,Louisiana,30.1863,-93.24591,13.0,2017-11-03T08:44
Trachemys scripta elegans,Louisiana,29.951379,-93.083263,2.0,2017-11-04T11:05
Trachemys scripta elegans,Texas,30.083066,-95.695937,19.0,2017-10-06T14:13:17
Trachemys scripta elegans,Texas,30.125876,-95.551303,516.0,2017-10-17T02:30
Trachemys scripta elegans,Texas,31.374146,-94.728004,400.0,2017-11-03
Trachemys scripta elegans,Texas,32.692706,-94.178796,55.0,2017-10-28T12:43
Trachemys scripta elegans,Texas,31.3741,-94.727768,400.0,2017-10-29
Trachemys scripta elegans,Florida,29.645229,-82.350904,258.0,2016-04-12T15:38:54
Trachemys scripta elegans,Texas,31.357168,-94.726377,250.0,2017-10-25
Trachemys scripta elegans,Texas,31.374192,-94.727796,400.0,2017-10-24
Trachemys scripta elegans,Texas,31.255438,-94.74959,29252.0,2017-10-23
Trachemys scripta elegans,Texas,31.373926,-94.727828,400.0,2017-10-22
Trachemys scripta elegans,Louisiana,30.00349,-90.09551,160.0,2017-10-21T08:38:55
Trachemys scripta elegans,Texas,29.717186,-96.059495,823.0,2017-10-20T11:44
Trachemys scripta elegans,Louisiana,32.446916,-93.67211,8.0,2017-10-18T15:54
Trachemys scripta elegans,Texas,32.692368,-94.18033,8.0,2017-10-18T13:11
Trachemys scripta elegans,Louisiana,32.419066,-93.727884,122.0,2016-04-22T08:47
Trachemys scripta elegans,Texas,32.577506,-94.961566,12.0,2017-10-14T10:58
Trachemys scripta elegans,Texas,29.591708,-95.255263,,2017-09-26T16:24
Trachemys scripta elegans,Texas,31.374036,-94.727881,400.0,2017-10-12
Trachemys scripta elegans,Illinois,37.351738,-88.918709,,2017-10-11T11:56:14
Trachemys scripta elegans,Arkansas,34.838464,-92.490211,,2017-04-29T09:19
Trachemys scripta elegans,Texas,31.37515,-94.7284,500.0,2017-10-09
Trachemys scripta elegans,Missouri,37.01849,-90.13078,191.0,2017-10-07T13:19
Trachemys scripta elegans,Texas,29.773,-94.682696,1887.0,2017-09-30T15:47
Trachemys scripta elegans,Texas,32.060993,-94.144253,29133.0,2015-06-06
Trachemys scripta elegans,Texas,31.373922,-94.727831,400.0,2017-10-04
Trachemys scripta elegans,Texas,29.761673,-95.449749,170.0,2017-10-01T09:24:37
Trachemys scripta elegans,Texas,29.765205,-95.452062,198.0,2017-09-30T17:05
Trachemys scripta elegans,Texas,29.571598,-95.014088,2.0,2017-09-26T08:59
Trachemys scripta elegans,Texas,29.607738,-95.595119,4414.0,2017-09-26T04:10
Trachemys scripta elegans,Texas,29.590816,-95.589766,449.0,2017-09-26T09:45
Trachemys scripta elegans,Texas,30.613539,-96.331336,51.0,2017-09-17T10:00:28
Trachemys scripta elegans,Texas,31.374073,-94.72749,400.0,2017-09-16
Trachemys scripta elegans,Arkansas,36.045733,-90.665059,31.0,2017-09-09T13:00
Trachemys scripta elegans,Illinois,37.394335,-88.975675,31.0,2017-09-08T14:52
Trachemys scripta elegans,Texas,29.765205,-95.452062,198.0,2017-09-10T18:17
Trachemys scripta elegans,Texas,29.731429,-95.328843,4.0,2017-09-07T09:54:39
Trachemys scripta elegans,Texas,31.94954,-96.236774,23.0,2017-09-02T08:43
Trachemys scripta elegans,Texas,31.37515,-94.7284,400.0,2017-09-03
Trachemys scripta elegans,Texas,31.356343,-94.726698,300.0,2017-09-02
Trachemys scripta elegans,Texas,31.374243,-94.727831,400.0,2017-09-02
Trachemys scripta elegans,Texas,29.556788,-95.091858,,2017-08-30T09:59:43
Trachemys scripta elegans,Texas,30.084084,-95.694888,10.0,2017-08-30T12:21:36
Trachemys scripta elegans,Kentucky,36.952272,-85.01947,8256.0,2017-08-26T18:19:43
Trachemys scripta elegans,Texas,31.374078,-94.727627,400.0,2017-08-26
Trachemys scripta elegans,Illinois,37.361854,-88.919735,422.0,2017-05-10
Trachemys scripta elegans,Texas,31.5276,-95.881923,50.0,2017-07-20T10:58:06
Trachemys scripta elegans,Louisiana,29.954924,-90.109825,15625.0,2015-04-15T13:35
Trachemys scripta elegans,Louisiana,29.79165,-90.131417,,2015-06-25T08:29:26
Trachemys scripta elegans,North Carolina,35.633676,-82.558012,8.0,2017-08-19T09:57:22
Trachemys scripta elegans,Texas,31.373321,-94.728251,250.0,2017-08-20
Trachemys scripta elegans,Texas,29.720847,-95.806145,,2017-08-20T09:28:40
Trachemys scripta elegans,Texas,29.771826,-95.569324,175.0,2015-01-29T17:31
Trachemys scripta elegans,Louisiana,30.65587,-93.210037,10.0,2017-08-16T13:12:04
Trachemys scripta elegans,Texas,29.378585,-95.600882,925.0,2017-08-14
Trachemys scripta elegans,Texas,29.169307,-95.624447,28.0,2017-08-14
Trachemys scripta elegans,Texas,29.376545,-95.603135,4.0,2017-08-14T17:27
Trachemys scripta elegans,Texas,28.981523,-96.013974,2.0,2017-08-14T13:04
Trachemys scripta elegans,Texas,29.169096,-95.620218,2.0,2017-08-14T14:46
Trachemys scripta elegans,Texas,31.373849,-94.727734,400.0,2017-08-12
Trachemys scripta elegans,Louisiana,30.395628,-91.116193,8.0,2017-08-12T09:57
Trachemys scripta elegans,Louisiana,29.988295,-90.080618,10.0,2017-08-07T14:49:13
Trachemys scripta elegans,Louisiana,30.349333,-90.02126,16511.0,2017-07-22T16:21:07
Trachemys scripta elegans,Texas,31.359148,-95.176283,3700.0,2017-06-11T13:06:56
Trachemys scripta elegans,Texas,31.374554,-94.727573,400.0,2017-01-02
Trachemys scripta elegans,Texas,30.156611,-95.519883,,2016-11-25T12:15:37
Trachemys scripta elegans,Texas,30.156639,-95.519683,,2016-11-25T12:14:36
Trachemys scripta elegans,Texas,31.374182,-94.727264,400.0,2017-08-09
Trachemys scripta elegans,Texas,32.578326,-94.963621,15.0,2017-08-05T10:09
Trachemys scripta elegans,Texas,32.577454,-94.961607,4.0,2017-08-05T09:44
Trachemys scripta elegans,Texas,28.98285,-96.009822,2.0,2017-08-09T12:54
Trachemys scripta elegans,Texas,29.367807,-95.621058,2.0,2017-08-09T09:43
Trachemys scripta elegans,Texas,29.374284,-95.604304,4.0,2017-08-09T10:03
Trachemys scripta elegans,Arkansas,34.021097,-91.347885,194.0,2017-08-06T11:09
Trachemys scripta elegans,Texas,28.982671,-96.01368,2.0,2017-08-08T10:45
Trachemys scripta elegans,Texas,29.170138,-95.620299,2.0,2017-08-08T16:38
Trachemys scripta elegans,Texas,31.374261,-94.727552,400.0,2017-08-08
Trachemys scripta elegans,Louisiana,29.92985,-90.124139,1000.0,2017-06-10T10:21:42
Trachemys scripta elegans,Texas,31.374188,-94.727681,400.0,2017-08-05T09:00
Trachemys scripta elegans,Texas,30.277383,-95.358483,,2017-08-02T09:04:19
Trachemys scripta elegans,Texas,31.397067,-95.986402,29252.0,2017-06-02T23:20:09
Trachemys scripta elegans,Texas,32.476094,-95.298688,28.0,2016-03-04
Trachemys scripta elegans,Texas,31.374268,-94.727452,400.0,2017-07-27T08:00
Trachemys scripta elegans,Texas,29.88725,-94.034644,,2017-07-26T16:29:44
Trachemys scripta elegans,Texas,29.508043,-95.132705,48.0,2017-07-25T13:09
Trachemys scripta elegans,Texas,29.537571,-95.184106,1.0,2017-07-25T16:13
Trachemys scripta elegans,Texas,32.502711,-94.721147,,2017-06-25T18:56
Trachemys scripta elegans,Texas,32.708864,-94.081705,52.0,2017-07-15T19:18
Trachemys scripta elegans,Tennessee,35.111633,-89.912968,15.0,2017-07-15T10:08
Trachemys scripta elegans,Texas,29.589398,-95.591826,193.0,2017-07-05T20:32
Trachemys scripta elegans,Louisiana,30.031127,-89.96093,198.0,2017-07-10T08:36
Trachemys scripta elegans,Texas,30.625431,-95.536938,122.0,2017-07-06T13:59
Trachemys scripta elegans,Texas,32.691231,-94.149076,977.0,2017-07-02T13:56
Trachemys scripta elegans,Tennessee,36.561932,-82.22396,28.0,2017-07-06T13:25
Trachemys scripta elegans,Texas,29.575135,-94.527507,977.0,2016-04-10T10:26:24
Trachemys scripta elegans,Texas,30.309444,-95.684998,,2017-07-05T12:44:51
Trachemys scripta elegans,Louisiana,30.413743,-91.539116,3000.0,2016-02-18T11:57
Trachemys scripta elegans,Louisiana,29.699675,-91.182125,105.0,2016-02-13T12:07
Trachemys scripta elegans,Louisiana,29.699675,-91.182125,105.0,2016-02-13T09:00
Trachemys scripta elegans,Louisiana,30.490285,-91.34249,1327.0,2017-06-30T13:01:36
Trachemys scripta elegans,Texas,30.556912,-96.200508,,2017-07-01T08:06:10
Trachemys scripta elegans,Texas,30.566845,-96.166321,4.0,2017-06-30T12:08
Trachemys scripta elegans,Oklahoma,33.73645,-94.652503,,2017-05-08T09:09
Trachemys scripta elegans,Louisiana,29.823582,-90.140138,,2016-03-06T18:04:50
Trachemys scripta elegans,Illinois,37.605906,-89.161765,5.0,2017-06-26T17:00:45
Trachemys scripta elegans,Texas,32.502711,-94.721147,,2017-06-25T18:56
Trachemys scripta elegans,Texas,30.008277,-94.141846,61.0,2017-06-23T14:46
Trachemys scripta elegans,Missouri,37.492425,-94.250128,10.0,2017-06-23T09:15:54
Trachemys scripta elegans,Texas,29.896183,-95.924012,,2017-06-20T08:04
Trachemys scripta elegans,Texas,31.94914,-96.236554,15.0,2017-06-17T07:17
Trachemys scripta elegans,Texas,29.438337,-94.36264,29483.0,2017-06-07T02:32
Trachemys scripta elegans,Missouri,37.043043,-90.100937,2806.0,2015-06-06T19:09
Trachemys scripta elegans,Arkansas,33.449051,-91.966393,,2017-06-08T09:47:04
Trachemys scripta elegans,Mississippi,34.833884,-90.362742,31.0,2017-02-11T12:21
Trachemys scripta elegans,Arkansas,34.710164,-90.696894,,2017-06-03T13:31
Trachemys scripta elegans,Texas,31.320321,-95.967735,29252.0,2017-06-05T09:44:14
Trachemys scripta elegans,Arkansas,34.3677,-91.120161,,2017-06-03T09:40
Trachemys scripta elegans,Texas,30.864363,-94.181156,455.0,2017-06-03T10:29
Trachemys scripta elegans,Texas,29.625524,-95.683,103.0,2016-12-28T14:21
Trachemys scripta elegans,Texas,29.386622,-95.011314,,2017-06-03T10:47:26
Trachemys scripta elegans,Texas,29.842928,-95.595933,,2017-05-25T15:27:41
Trachemys scripta elegans,Georgia,33.784855,-84.374017,,2017-04-01T10:45:58
Trachemys scripta elegans,Texas,29.76257,-95.365988,,2017-02-04T17:09:33
Trachemys scripta elegans,Texas,32.663888,-94.126275,,2017-05-31T09:12
Trachemys scripta elegans,Texas,29.771495,-95.569542,,2017-05-31T11:50:26
Trachemys scripta elegans,Texas,29.930128,-95.923713,,2017-05-30T11:05:25
Trachemys scripta elegans,Texas,29.763435,-95.45174,198.0,2017-05-30T16:22
Trachemys scripta elegans,Louisiana,30.333427,-90.007725,110.0,2017-05-31T11:00:38
Trachemys scripta elegans,Oklahoma,36.293233,-95.653442,,2017-05-30T11:20:23
Trachemys scripta elegans,Arkansas,34.086411,-91.430969,406.0,2017-05-29T09:12
Trachemys scripta elegans,Texas,31.187603,-94.775471,250.0,2017-05-27T10:30
Trachemys scripta elegans,Texas,29.896348,-95.893236,5.0,2017-05-28T10:19:22
Trachemys scripta elegans,Texas,29.895391,-95.891038,5.0,2017-05-28T09:50:59
Trachemys scripta elegans,Texas,29.894883,-95.890996,5.0,2017-05-28T10:03:36
Trachemys scripta elegans,Missouri,37.392577,-93.894942,300.0,2017-05-27T09:04
Trachemys scripta elegans,North Carolina,35.634587,-82.562541,649.0,2017-05-17
Trachemys scripta elegans,North Carolina,35.634587,-82.562541,649.0,2017-05-11
Trachemys scripta elegans,Alabama,33.284465,-86.842426,229.0,2017-05-06T17:14
Trachemys scripta elegans,Texas,31.356417,-94.726892,100.0,2017-05-25T11:15
Trachemys scripta elegans,Texas,32.549611,-94.734536,,2017-05-24T16:10
Trachemys scripta elegans,Arkansas,34.769198,-91.915158,10.0,2017-05-23T20:05:07
Trachemys scripta elegans,Texas,30.096278,-95.401117,,2017-05-19T17:19:42
Trachemys scripta elegans,Arkansas,34.895532,-94.058641,7.0,2017-05-22T20:28:33
Trachemys scripta elegans,Arkansas,35.010634,-91.900387,9.0,2017-05-21T17:06:15
Trachemys scripta elegans,Louisiana,30.030782,-89.962437,26.0,2017-05-20T11:16:03
Trachemys scripta elegans,Texas,29.920078,-95.086796,6.0,2017-05-20T11:34:37
Trachemys scripta elegans,Texas,29.597569,-95.627875,5.0,2017-05-19T10:25:39
Trachemys scripta elegans,Texas,31.335928,-94.709404,198.0,2017-05-19
Trachemys scripta elegans,Arkansas,34.456498,-91.48778,6.0,2017-05-18
Trachemys scripta elegans,Louisiana,30.369024,-91.179314,488.0,2017-05-13T07:48
Trachemys scripta elegans,North Carolina,35.634587,-82.562541,649.0,2017-05-06
Trachemys scripta elegans,Illinois,37.81971,-89.015436,8.0,2017-05-06T11:28:49
Trachemys scripta elegans,Texas,31.356527,-94.726677,200.0,2017-05-14
Trachemys scripta elegans,Texas,31.374023,-94.727455,450.0,2017-05-14
Trachemys scripta elegans,Texas,29.217613,-94.934444,143.0,2017-05-13T16:49
Trachemys scripta elegans,Texas,30.075989,-94.800739,2064.0,2017-04-25T17:09:09
Trachemys scripta elegans,Louisiana,30.348031,-91.226008,44.0,2017-05-13T12:13:44
Trachemys scripta elegans,Louisiana,29.932617,-90.123,,2017-05-12T16:22:11
Trachemys scripta elegans,Texas,29.625922,-94.456544,61.0,2017-05-09T12:26
Trachemys scripta elegans,Texas,29.677912,-94.406204,977.0,2017-05-09T10:36
Trachemys scripta elegans,Arkansas,34.587997,-94.085541,7683.0,2017-05-08T11:16
Trachemys scripta elegans,Texas,29.57732,-94.535272,363.0,2017-04-23T13:11
Trachemys scripta elegans,Arkansas,34.239184,-91.991301,224.0,2017-05-08T14:04
Trachemys scripta elegans,Arkansas,34.239184,-91.991301,,2017-05-08
Trachemys scripta elegans,Arkansas,34.239184,-91.991301,,2017-05-08
Trachemys scripta elegans,Louisiana,32.5297,-92.071432,14.0,2017-04-12
Trachemys scripta elegans,Texas,29.573756,-94.389124,115.0,2017-04-22
Trachemys scripta elegans,Texas,32.486724,-95.391152,2.0,2017-05-07T15:27
Trachemys scripta elegans,Texas,33.314358,-96.242447,,2017-05-05T14:48:51
Trachemys scripta elegans,Louisiana,30.695777,-90.951719,4.0,2017-05-07T15:13:37
Trachemys scripta elegans,Texas,30.602959,-96.360413,,2017-05-07T12:05:29
Trachemys scripta elegans,Texas,30.603033,-96.360036,30.0,2017-05-06T16:53
Trachemys scripta elegans,Texas,30.603033,-96.360036,30.0,2017-05-06T16:41
Trachemys scripta elegans,Texas,30.603033,-96.360036,30.0,2017-05-06T16:52
Trachemys scripta elegans,Texas,30.603033,-96.360036,30.0,2017-05-06T16:45
Trachemys scripta elegans,Alabama,33.284465,-86.842426,229.0,2017-05-06T17:16
Trachemys scripta elegans,Alabama,33.284465,-86.842426,229.0,2017-05-06T17:18
Trachemys scripta elegans,Missouri,37.124515,-93.241496,423.0,2017-05-06
Trachemys scripta elegans,Texas,29.371454,-95.641346,198.0,2017-05-06T16:12
Trachemys scripta elegans,Louisiana,30.428889,-91.168485,22.0,2017-05-06T17:23:40
Trachemys scripta elegans,Texas,29.218216,-94.933505,31.0,2017-05-01T02:24
Trachemys scripta elegans,Texas,29.217788,-94.933492,35.0,2017-05-01T01:02
Trachemys scripta elegans,Illinois,37.115462,-89.22806,28447.0,2017-04-15T23:15:59
Trachemys scripta elegans,North Carolina,35.527882,-82.959581,4633.0,2015-05-23
Trachemys scripta elegans,South Carolina,32.659357,-81.358609,1049318.0,2015-05-23
Trachemys scripta elegans,Texas,31.35816,-94.72542,150.0,2015-04-16
Trachemys scripta elegans,Texas,29.24332,-94.887567,,2017-05-03T10:23:08
Trachemys scripta elegans,Louisiana,32.529738,-92.071473,,2017-04-25T17:40
Trachemys scripta elegans,Texas,30.614058,-96.331872,4.0,2017-04-29T09:23
Trachemys scripta elegans,Texas,31.186331,-94.774911,50.0,2017-05-02
Trachemys scripta elegans,Texas,29.217944,-94.933709,15.0,2017-04-30T16:39
Trachemys scripta elegans,Arkansas,34.456611,-91.488242,3.0,2017-04-30
Trachemys scripta elegans,North Carolina,35.819795,-81.18422,176111.0,2017-04-30T08:43
Trachemys scripta elegans,Texas,30.137831,-95.575142,,2017-04-28T11:35:39
Trachemys scripta elegans,Arkansas,34.034488,-93.69934,28874.0,2017-04-27T17:56
Trachemys scripta elegans,Texas,29.770555,-95.569443,,2017-04-26T13:23:48
Trachemys scripta elegans,Texas,32.517638,-96.208222,,2017-04-22T11:13:44
Trachemys scripta elegans,Texas,29.0425,-95.419722,,2017-04-24T13:09
Trachemys scripta elegans,Louisiana,29.919599,-90.131042,95.0,2017-04-24T08:55
Trachemys scripta elegans,Louisiana,30.281962,-89.922409,61.0,2017-04-23T08:50
Trachemys scripta elegans,Louisiana,30.281962,-89.922409,61.0,2017-04-23T09:36
Trachemys scripta elegans,Arkansas,36.104642,-94.193162,,2017-04-23T18:19:25
Trachemys scripta elegans,Texas,31.374481,-94.72737,450.0,2017-04-23
Trachemys scripta elegans,Illinois,37.129453,-89.356492,,2017-04-15T08:05
Trachemys scripta elegans,Alabama,33.286241,-86.842791,229.0,2017-04-16T22:43
Trachemys scripta elegans,Louisiana,30.28295,-89.920253,4.0,2017-04-04T13:12
Trachemys scripta elegans,Texas,31.335928,-94.709404,198.0,2017-04-19
Trachemys scripta elegans,Texas,31.335928,-94.709404,198.0,2017-04-20
Trachemys scripta elegans,Texas,29.722237,-95.339172,,2017-04-19T16:51:50
Trachemys scripta elegans,Texas,30.51702,-95.614307,,2017-04-16T14:40
Trachemys scripta elegans,Texas,29.98825,-95.5708,199.0,2017-04-18T17:38
Trachemys scripta elegans,Texas,29.374071,-95.617109,5.0,2017-04-19T14:16:04
Trachemys scripta elegans,Texas,29.76059,-95.37263,,2017-04-18T12:31
Trachemys scripta elegans,Texas,29.371996,-95.634674,199.0,2017-04-18T03:32
Trachemys scripta elegans,Texas,29.765216,-95.452073,31.0,2017-04-18
Trachemys scripta elegans,Texas,29.764912,-95.452055,,2017-04-18T15:27:55
Trachemys scripta elegans,Texas,29.764063,-95.4532,,2017-04-18T15:33:50
Trachemys scripta elegans,Texas,29.763402,-95.376372,100.0,2017-04-18T15:48
Trachemys scripta elegans,Texas,29.703992,-95.446046,198.0,2017-04-18T12:49
Trachemys scripta elegans,Oklahoma,36.224636,-95.896573,13.0,2017-04-15
Trachemys scripta elegans,Texas,30.026504,-95.294938,31.0,2017-04-15T14:22
Trachemys scripta elegans,Texas,29.473397,-95.248622,15.0,2017-04-17T18:57
Trachemys scripta elegans,Texas,29.723945,-95.340781,80.0,2017-04-17T17:27
Trachemys scripta elegans,Texas,29.37398,-95.62082,,2017-04-17T12:52:32
Trachemys scripta elegans,Texas,31.335928,-94.709404,198.0,2017-04-17
Trachemys scripta elegans,Texas,29.720893,-95.341752,20.0,2017-04-17T11:55:42
Trachemys scripta elegans,Texas,29.720595,-95.342359,65.0,2017-04-13T09:03:50
Trachemys scripta elegans,Oklahoma,33.736686,-94.660535,5999.0,2017-04-14T11:59:58
Trachemys scripta elegans,Oklahoma,36.2258,-95.897772,,2017-04-16T11:53
Trachemys scripta elegans,Texas,29.631437,-95.664563,315.0,2017-04-16T14:39
Trachemys scripta elegans,Texas,29.888273,-95.678704,200.0,2017-04-16T08:47
Trachemys scripta elegans,Oklahoma,33.72425,-94.642196,31.0,2017-04-15T16:26
Trachemys scripta elegans,Texas,29.554508,-95.668005,,2017-04-16T14:55:51
Trachemys scripta elegans,Texas,29.407967,-94.890473,,2017-04-16T08:44
Trachemys scripta elegans,Texas,29.717848,-95.391734,10.0,2017-04-16T07:59:49
Trachemys scripta elegans,Oklahoma,33.732018,-94.642242,,2017-04-14T11:59:22
Trachemys scripta elegans,Texas,29.970274,-95.572804,197.0,2017-04-15T12:17
Trachemys scripta elegans,Texas,29.970274,-95.572804,197.0,2017-04-15T12:09
Trachemys scripta elegans,Texas,29.771657,-95.569353,10.0,2017-04-15T11:50:39
Trachemys scripta elegans,Texas,29.567147,-94.507141,1953.0,2017-04-14T11:05
Trachemys scripta elegans,Texas,29.858024,-95.164061,5.0,2017-04-15T13:43:02
Trachemys scripta elegans,Texas,29.526735,-95.79973,15.0,2017-04-15T08:55
Trachemys scripta elegans,Texas,29.525944,-95.799399,61.0,2017-04-15T08:55
Trachemys scripta elegans,Texas,29.717372,-95.391586,195.0,2017-04-15T12:55
Trachemys scripta elegans,Illinois,37.579425,-89.451225,,2017-04-15T10:53:52
Trachemys scripta elegans,Illinois,37.579425,-89.451225,,2017-04-15T10:53:52
Trachemys scripta elegans,Oklahoma,36.226105,-95.897928,,2017-04-15T09:33
Trachemys scripta elegans,Texas,29.65153,-95.443378,10.0,2017-02-23T16:41:35
Trachemys scripta elegans,Texas,29.522897,-95.801818,19.0,2017-04-15T11:23:52
Trachemys scripta elegans,Texas,29.765222,-95.451914,104.0,2017-04-15T12:53:33
Trachemys scripta elegans,Texas,29.764871,-95.452131,4.0,2017-04-15T12:51:15
Trachemys scripta elegans,Texas,29.764013,-95.453287,,2017-04-15T10:54:23
Trachemys scripta elegans,Texas,29.829878,-94.742971,362.0,2017-04-14T09:30:35
Trachemys scripta elegans,Texas,29.693471,-95.603637,8.0,2017-04-14T07:02
Trachemys scripta elegans,Texas,29.764025,-95.453318,2.0,2017-04-14T10:48
Trachemys scripta elegans,Texas,29.762459,-95.450013,3.0,2016-10-09T11:44:13
Trachemys scripta elegans,Texas,29.592144,-94.555893,61.0,2016-08-23T09:32
Trachemys scripta elegans,Florida,29.64589,-82.347115,5.0,2016-03-01T15:25:21
Trachemys scripta elegans,North Carolina,35.63359,-82.557224,,2016-05-04
Trachemys scripta elegans,Tennessee,35.146358,-89.83889,,2016-04-24
Trachemys scripta elegans,Texas,31.335914,-94.709413,198.0,2016-01-25
Trachemys scripta elegans,Texas,29.804203,-94.879769,5.0,2015-07-20T18:03:29
Trachemys scripta elegans,Texas,29.407963,-94.717653,5.0,2015-06-06T17:45:47
Trachemys scripta elegans,Texas,32.827697,-95.686958,,2017-04-13T14:48:14
Trachemys scripta elegans,South Carolina,34.930656,-82.441265,,2017-04-10T15:37
Trachemys scripta elegans,South Carolina,34.930486,-82.441192,61.0,2017-04-10T15:36
Trachemys scripta elegans,South Carolina,34.93075,-82.441345,,2017-04-10T15:37
Trachemys scripta elegans,South Carolina,34.930504,-82.44117,31.0,2017-04-10T15:36
Trachemys scripta elegans,Texas,29.112361,-95.717842,,2017-04-13T10:27:24
Trachemys scripta elegans,Texas,29.721009,-95.342445,65.0,2017-04-13T09:04:25
Trachemys scripta elegans,Oklahoma,36.747311,-95.980818,19693.0,2017-04-07
Trachemys scripta elegans,Texas,30.025975,-95.294342,5.0,2017-04-07T09:49:44
Trachemys scripta elegans,Texas,32.275495,-94.564238,,2017-04-06T15:50:59
Trachemys scripta elegans,Texas,31.35638,-94.726613,220.0,2017-04-06
Trachemys scripta elegans,Texas,31.456405,-94.710551,200.0,2017-04-06
Trachemys scripta elegans,Texas,30.098136,-95.606456,38.0,2017-04-05T12:51:29
Trachemys scripta elegans,Texas,29.473429,-95.25051,4.0,2017-04-04T17:48
Trachemys scripta elegans,Oklahoma,36.747311,-95.980818,19693.0,2017-04-03
Trachemys scripta elegans,Oklahoma,36.21345,-95.905045,192.0,2017-04-03T22:42
Trachemys scripta elegans,Texas,31.335928,-94.709404,198.0,2017-04-03
Trachemys scripta elegans,Texas,30.202745,-95.541712,,2017-04-03T17:43:31
Trachemys scripta elegans,Louisiana,30.784185,-92.269363,912.0,2017-04-01
Trachemys scripta elegans,Texas,29.857567,-95.161645,,2017-04-01T11:30
Trachemys scripta elegans,Oklahoma,36.2212,-95.893434,5096.0,2017-04-02
Trachemys scripta elegans,Oklahoma,36.226032,-95.898018,,2017-04-01T07:51
Trachemys scripta elegans,Texas,29.752067,-95.296274,1032.0,2017-04-02T14:28:01
Trachemys scripta elegans,Texas,31.373913,-94.727595,450.0,2017-04-01
Trachemys scripta elegans,Texas,31.356563,-94.72672,200.0,2017-03-19
Trachemys scripta elegans,Texas,31.37515,-94.7284,400.0,2016-10-23
Trachemys scripta elegans,Texas,30.849899,-94.2276,,2016-05-08T11:15:21
Trachemys scripta elegans,Texas,30.997936,-93.666816,31.0,2017-03-28T10:32
Trachemys scripta elegans,North Carolina,35.633604,-82.55805,26.0,2017-03-26T11:26:09
Trachemys scripta elegans,Arkansas,34.357479,-91.121094,,2017-03-21
Trachemys scripta elegans,Arkansas,34.357479,-91.121094,,2017-03-21
Trachemys scripta elegans,Arkansas,34.357479,-91.121094,,2017-03-21
Trachemys scripta elegans,Arkansas,34.357479,-91.121094,,2017-03-21
Trachemys scripta elegans,Texas,30.557113,-96.200677,25.0,2017-03-16T09:54
Trachemys scripta elegans,Texas,30.699076,-96.05153,22.0,2017-03-16T07:51
Trachemys scripta elegans,Texas,29.614209,-94.550468,4.0,2017-03-18T07:41:36
Trachemys scripta elegans,Texas,31.356582,-94.726698,200.0,2017-03-15
Trachemys scripta elegans,Alabama,33.284465,-86.842426,229.0,2016-06-15T16:40
Trachemys scripta elegans,Alabama,33.284476,-86.842461,61.0,2016-06-15T16:45
Trachemys scripta elegans,Texas,29.939441,-95.712461,31.0,2017-03-13T15:43
Trachemys scripta elegans,Texas,31.335928,-94.709404,198.0,2017-03-08
Trachemys scripta elegans,Texas,29.857017,-95.163376,18.0,2017-03-07T12:28
Trachemys scripta elegans,Texas,29.857599,-95.162973,18.0,2017-03-07T12:30
Trachemys scripta elegans,Texas,30.560598,-96.21367,61.0,2017-03-03T16:53
Trachemys scripta elegans,Louisiana,30.226887,-89.665132,600.0,2015-04-09T11:22
Trachemys scripta elegans,Texas,30.332198,-96.158906,31.0,2017-02-27T16:06
Trachemys scripta elegans,Illinois,37.386884,-88.905262,52.0,2017-02-22
Trachemys scripta elegans,Texas,29.533929,-95.089824,2.0,2017-02-15T04:37
Trachemys scripta elegans,Arkansas,35.508894,-93.316433,66.0,2017-02-11T12:36:53
Trachemys scripta elegans,Texas,29.930233,-95.924392,,2016-11-11T17:29
Trachemys scripta elegans,Texas,29.574185,-94.389945,8.0,2017-02-11T15:00
Trachemys scripta elegans,Texas,30.714685,-95.552258,61.0,2017-02-11T01:46
Trachemys scripta elegans,Texas,29.970274,-95.572804,4.0,2017-01-31T11:43
Trachemys scripta elegans,Texas,30.618712,-96.310653,145.0,2017-02-05T14:41:38
Trachemys scripta elegans,Texas,29.739489,-94.632693,8.0,2017-02-01T15:17
Trachemys scripta elegans,Texas,29.676133,-94.416829,2.0,2017-02-01T13:30
Trachemys scripta elegans,Texas,29.677613,-94.615143,15.0,2017-02-01T14:33
Trachemys scripta elegans,Texas,29.822074,-94.667276,2.0,2017-02-01T15:38
Trachemys scripta elegans,Texas,29.19392,-94.952484,100.0,2017-01-30
Trachemys scripta elegans,Tennessee,36.572553,-82.234898,29.0,2017-01-25T15:00
Trachemys scripta elegans,Texas,30.56676,-96.166388,25.0,2017-01-26T12:57
Trachemys scripta elegans,Texas,30.699091,-96.051702,10.0,2017-01-26T13:59
Trachemys scripta elegans,Texas,29.585688,-95.005732,8.0,2017-01-24T02:44
Trachemys scripta elegans,Texas,29.771545,-95.56952,,2017-01-23T10:13:27
Trachemys scripta elegans,Texas,31.356598,-94.726717,200.0,2017-01-20
Trachemys scripta elegans,Texas,31.374499,-94.727445,400.0,2017-01-20
Trachemys scripta elegans,Illinois,37.386799,-88.905101,105.0,2017-01-17
Trachemys scripta elegans,Texas,29.556567,-96.260729,10.0,2017-01-16T17:14:34
Trachemys scripta elegans,Texas,31.374563,-94.727402,400.0,2017-01-15
Trachemys scripta elegans,Texas,30.266629,-95.676541,229.0,2016-04-12
Trachemys scripta elegans,Louisiana,30.408956,-91.17404,5.0,2017-01-12T14:21:37
Trachemys scripta elegans,Texas,29.762392,-95.378403,,2017-01-11T14:45:26
Trachemys scripta elegans,Texas,29.717564,-95.393171,,2017-01-09T09:04
Trachemys scripta elegans,Texas,29.703722,-95.563347,,2017-01-02T13:38
Trachemys scripta elegans,Florida,30.442364,-84.214628,5.0,2017-01-04T12:07:50
Trachemys scripta elegans,Texas,29.593388,-95.086315,2.0,2016-03-14T10:02
Trachemys scripta elegans,Louisiana,30.144634,-93.294888,15.0,2016-12-30T13:39
Trachemys scripta elegans,Texas,30.005193,-95.513667,15.0,2016-12-14T09:41
Trachemys scripta elegans,Texas,30.070457,-95.738769,61.0,2016-12-29T12:03
Trachemys scripta elegans,Louisiana,30.351994,-90.033948,7.0,2016-12-28T14:28:38
Trachemys scripta elegans,Texas,33.542228,-96.144093,72.0,2016-12-26T13:24
Trachemys scripta elegans,Texas,31.356472,-94.726698,100.0,2016-12-25
Trachemys scripta elegans,Texas,31.374774,-94.727563,400.0,2016-12-25
Trachemys scripta elegans,Texas,29.568587,-95.117955,,2016-12-25T08:52
Trachemys scripta elegans,Texas,29.599804,-94.418209,3261.0,2016-12-24T14:39
Trachemys scripta elegans,Texas,31.207445,-94.150828,,2015-11-04T08:33:55
Trachemys scripta elegans,Louisiana,29.944917,-93.074593,31.0,2016-12-17T11:11
Trachemys scripta elegans,Texas,29.764447,-95.453833,,2016-12-13T15:09:29
Trachemys scripta elegans,Texas,29.718826,-95.392104,,2016-12-12T09:44
Trachemys scripta elegans,Texas,31.37515,-94.7284,400.0,2016-12-07
Trachemys scripta elegans,Texas,32.73744,-94.118672,15.0,2016-10-02T11:15
Trachemys scripta elegans,Texas,31.37575,-94.72808,400.0,2016-11-26
Trachemys scripta elegans,Texas,29.377025,-95.603212,,2016-11-26T13:38
Trachemys scripta elegans,Texas,29.376507,-95.602963,,2016-11-26T13:35
Trachemys scripta elegans,Texas,30.026321,-95.294546,8.0,2016-10-15T15:17
Trachemys scripta elegans,Texas,30.026321,-95.294546,8.0,2016-10-15T15:17
Trachemys scripta elegans,Texas,30.026321,-95.294546,8.0,2016-10-15T14:40
Trachemys scripta elegans,Texas,31.37515,-94.7284,400.0,2016-11-24
Trachemys scripta elegans,Texas,29.716773,-95.212208,4.0,2016-11-16T10:13
Trachemys scripta elegans,Texas,32.384628,-95.166022,,2016-11-17T12:46:46
Trachemys scripta elegans,Texas,29.716684,-95.39248,,2016-11-14T14:49
Trachemys scripta elegans,Texas,30.869631,-94.176157,61.0,2016-11-14T12:58
Trachemys scripta elegans,Texas,29.742805,-95.69683,1507.0,2016-10-29T00:10
Trachemys scripta elegans,Texas,31.373373,-94.729419,100.0,2016-10-28
Trachemys scripta elegans,Texas,32.210804,-95.844309,27.0,2016-10-28T15:53:23
Trachemys scripta elegans,Texas,31.491426,-94.748207,56.0,2016-08-04T18:13:47
Trachemys scripta elegans,Texas,31.624404,-94.644721,49.0,2016-03-17T17:27:09
Trachemys scripta elegans,Illinois,37.516646,-89.230618,1438.0,2016-10-16T12:09:40
Trachemys scripta elegans,Illinois,37.512003,-89.261254,5.0,2016-10-16T12:12:11
Trachemys scripta elegans,Illinois,37.512094,-89.261472,5.0,2016-10-16T12:14:50
Trachemys scripta elegans,Texas,31.37515,-94.7284,400.0,2016-10-16
Trachemys scripta elegans,Texas,28.983611,-96.012,,2016-10-09
Trachemys scripta elegans,Texas,28.983554,-96.012064,,2016-10-09
Trachemys scripta elegans,Texas,28.983538,-96.012011,,2016-10-09
Trachemys scripta elegans,Texas,28.98194,-96.01391,58.0,2016-10-14T18:00
Trachemys scripta elegans,Missouri,37.783746,-90.523088,28359.0,2015-05-28T10:16
Trachemys scripta elegans,Texas,29.764032,-95.453362,5.0,2016-10-08T09:17:08
Trachemys scripta elegans,Illinois,37.295884,-89.496202,2571.0,2016-09-26
Trachemys scripta elegans,Texas,29.509607,-95.520014,,2016-05-11T08:20
Trachemys scripta elegans,Florida,29.647213,-82.344735,,2016-05-18T13:42:46
Trachemys scripta elegans,Texas,29.771342,-95.569478,5.0,2016-05-21T14:33:05
Trachemys scripta elegans,Texas,29.647911,-94.530218,29458.0,2016-04-24
Trachemys scripta elegans,Texas,29.112179,-95.717678,5.0,2016-04-24T18:51:50
Trachemys scripta elegans,Arkansas,34.298564,-91.354724,,2015-05-04T17:09
Trachemys scripta elegans,Texas,29.880748,-95.486276,5.0,2016-03-31T13:39:27
Trachemys scripta elegans,Texas,29.97831,-95.858543,,2016-04-02T16:58:30
Trachemys scripta elegans,Texas,30.702817,-96.323555,,2016-03-26T13:17:26
Trachemys scripta elegans,Texas,30.462859,-94.145452,2752.0,2016-03-22T10:30:59
Trachemys scripta elegans,Texas,30.103631,-95.385217,,2016-03-18T12:25:24
Trachemys scripta elegans,Texas,31.28505,-94.729866,29252.0,2016-02-26
Trachemys scripta elegans,Texas,31.373519,-94.728442,200.0,2015-12-26
Trachemys scripta elegans,Texas,29.712094,-95.748992,29458.0,2015-06-05T20:12:40
Trachemys scripta elegans,Illinois,37.327171,-88.933146,52.0,2015-05-06
Trachemys scripta elegans,Texas,31.37503,-94.72754,200.0,2015-03-23
Trachemys scripta elegans,Arkansas,35.505736,-93.313963,13.0,2015-03-22
Trachemys scripta elegans,Texas,31.37375,-94.72847,200.0,2015-03-16
Trachemys scripta elegans,Texas,31.37462,-94.72573,200.0,2015-01-18
Trachemys scripta elegans,South Carolina,34.671315,-82.824581,4.0,2015-03-09T13:58
Trachemys scripta elegans,Texas,29.36487,-95.039803,,2016-09-28T16:14
Trachemys scripta elegans,Texas,31.358084,-94.727106,200.0,2016-09-25
Trachemys scripta elegans,Texas,29.886489,-95.398166,10.0,2016-09-24T11:21:40
Trachemys scripta elegans,Louisiana,30.350977,-90.036377,7.0,2016-02-20
Trachemys scripta elegans,Arkansas,36.043703,-90.663943,302.0,2016-07-18
Trachemys scripta elegans,Texas,31.375589,-94.727863,400.0,2016-09-12
Trachemys scripta elegans,Texas,31.335914,-94.709413,198.0,2016-09-11
Trachemys scripta elegans,Illinois,37.672785,-89.466428,8.0,2016-09-12T13:55
Trachemys scripta elegans,Louisiana,30.350971,-90.036377,4.0,2016-09-03T10:51
Trachemys scripta elegans,Tennessee,35.147718,-89.991197,,2016-04-09T15:39:10
Trachemys scripta elegans,Texas,29.505904,-95.135598,1770.0,2016-08-18T13:47:20
Trachemys scripta elegans,Texas,31.335914,-94.709413,198.0,2016-08-22
Trachemys scripta elegans,Texas,31.37515,-94.7284,400.0,2016-08-22
Trachemys scripta elegans,Texas,31.37515,-94.7284,400.0,2016-08-21
Trachemys scripta elegans,Arkansas,34.084061,-91.421656,,2016-08-11
Trachemys scripta elegans,Texas,29.555901,-95.039529,726.0,2016-08-18T13:59:16
Trachemys scripta elegans,Texas,29.638504,-95.542681,29458.0,2016-06-22T10:13:11
Trachemys scripta elegans,North Carolina,35.51365,-82.369607,28677.0,2016-07-02T19:55
Trachemys scripta elegans,Texas,30.051386,-95.161551,5.0,2015-11-26T13:20:57
Trachemys scripta elegans,Illinois,37.712609,-89.228508,4.0,2016-08-02T14:18
Trachemys scripta elegans,Arkansas,34.543025,-93.613386,365.0,2016-07-27T18:34
Trachemys scripta elegans,Texas,31.356362,-94.726934,200.0,2016-07-30
Trachemys scripta elegans,Texas,28.981724,-96.014258,29.0,2016-07-23T09:30
Trachemys scripta elegans,Arkansas,34.400194,-93.622428,16.0,2016-07-28T13:01
Trachemys scripta elegans,Arkansas,34.648998,-92.063971,437.0,2016-07-27
Trachemys scripta elegans,Arkansas,34.647037,-92.065143,,2016-07-27
Trachemys scripta elegans,Arkansas,34.647037,-92.065143,874.0,2016-07-27
Trachemys scripta elegans,Texas,32.604862,-94.050396,29066.0,2016-07-16T13:16
Trachemys scripta elegans,Louisiana,32.022164,-92.77355,,2016-06-28T11:20
Trachemys scripta elegans,Texas,29.595293,-95.259149,5.0,2016-07-12T13:38:39
Trachemys scripta elegans,Texas,33.009003,-94.698136,,2016-07-10T10:44
Trachemys scripta elegans,Texas,30.236484,-94.168953,5.0,2016-07-07T07:37:23
Trachemys scripta elegans,Texas,32.741338,-94.187826,1074.0,2016-04-30T16:56:31
Trachemys scripta elegans,Texas,29.658298,-96.251007,29458.0,2016-07-03
Trachemys scripta elegans,Texas,31.257958,-95.978292,1997.0,2016-06-16
Trachemys scripta elegans,Texas,32.307959,-95.215391,17.0,2016-06-23
Trachemys scripta elegans,Texas,29.11238,-95.717649,10.0,2016-06-28T09:31:44
Trachemys scripta elegans,Arkansas,34.850142,-92.481918,17.0,2016-06-15
Trachemys scripta elegans,Arkansas,34.944631,-92.39743,271.0,2016-06-23
Trachemys scripta elegans,Arkansas,34.949415,-92.392194,217.0,2016-06-23
Trachemys scripta elegans,Texas,30.877092,-94.065139,,2016-06-22T10:54:24
Trachemys scripta elegans,Louisiana,32.705921,-92.234489,,2016-06-21T15:53:39
Trachemys scripta elegans,Texas,31.37515,-94.7284,400.0,2016-06-05
Trachemys scripta elegans,Texas,31.375168,-94.727885,400.0,2016-05-21
Trachemys scripta elegans,Louisiana,32.618939,-92.015775,,2016-04-23
Trachemys scripta elegans,Louisiana,32.513556,-92.269419,,2016-03-13
Trachemys scripta elegans,Texas,29.880288,-95.486829,5.0,2016-03-31T13:28:57
Trachemys scripta elegans,Louisiana,32.730754,-92.917546,55.0,2016-03-04
Trachemys scripta elegans,Texas,31.38871,-95.15417,250.0,2015-10-19
Trachemys scripta elegans,Texas,29.016483,-95.445615,25.0,2015-07-22T14:46:21
Trachemys scripta elegans,Texas,30.602953,-96.360413,,2015-06-07T20:36:07
Trachemys scripta elegans,Texas,29.662625,-96.326637,,2015-05-16T16:55:09
Trachemys scripta elegans,Texas,29.042592,-95.419855,25.0,2015-04-20T12:46:29
Trachemys scripta elegans,Texas,29.593418,-95.141611,3.0,2015-04-20
Trachemys scripta elegans,Texas,31.37272,-94.72853,,2015-03-06
Trachemys scripta elegans,Texas,29.716977,-93.911046,5.0,2016-06-21T07:40:24
Trachemys scripta elegans,Texas,31.549248,-95.88916,5.0,2016-06-17T20:02:49
Trachemys scripta elegans,Illinois,37.712591,-89.227001,4.0,2016-06-16T19:40
Trachemys scripta elegans,Texas,29.831125,-95.846262,,2016-04-20T15:05:29
Trachemys scripta elegans,Texas,31.524167,-95.883841,5.0,2016-06-08T16:37:20
Trachemys scripta elegans,Texas,30.421792,-94.334983,,2016-06-05T15:26:39
Trachemys scripta elegans,Texas,30.798622,-94.005632,456.0,2016-06-06
Trachemys scripta elegans,Louisiana,31.212052,-93.57466,28.0,2016-06-05
Trachemys scripta elegans,Arkansas,35.513295,-93.324737,,2016-06-01T17:13:04
Trachemys scripta elegans,Texas,29.016322,-95.445313,,2016-05-29T14:24
Trachemys scripta elegans,Arkansas,35.615682,-90.945376,24.0,2015-05-07
Trachemys scripta elegans,Florida,29.647417,-82.344685,,2016-05-18T13:40
Trachemys scripta elegans,Florida,29.647417,-82.344685,,2016-05-18T13:34:24
Trachemys scripta elegans,Florida,29.647405,-82.344764,,2016-05-16T14:08:08
Trachemys scripta elegans,Texas,31.335914,-94.709413,198.0,2016-05-23
Trachemys scripta elegans,Texas,30.01955,-95.607271,9.0,2016-05-18
Trachemys scripta elegans,Texas,29.386567,-95.010409,1.0,2016-05-17T18:18
Trachemys scripta elegans,Florida,29.64589,-82.347115,5.0,2016-03-01T15:27:35
Trachemys scripta elegans,Texas,29.771657,-95.570195,61.0,2016-05-12T10:00:33
Trachemys scripta elegans,Louisiana,32.605753,-92.048342,,2016-05-12
Trachemys scripta elegans,Louisiana,32.606683,-92.054208,,2016-05-12
Trachemys scripta elegans,Alabama,33.601572,-86.655495,27.0,2016-05-10T14:28
Trachemys scripta elegans,Tennessee,35.361858,-90.021583,,2016-05-10T17:09:37
Trachemys scripta elegans,Texas,30.621547,-96.314217,,2016-05-09T15:35:57
Trachemys scripta elegans,Texas,29.412082,-94.889453,,2016-05-08T09:33:06
Trachemys scripta elegans,Texas,31.374664,-94.727812,400.0,2016-05-08
Trachemys scripta elegans,Arkansas,34.625279,-93.543399,13.0,2016-04-25
Trachemys scripta elegans,Texas,29.878369,-94.15736,14.0,2016-05-06
Trachemys scripta elegans,Louisiana,29.90413,-93.520564,,2016-04-14
Trachemys scripta elegans,Tennessee,35.142722,-89.830098,217.0,2016-05-02
Trachemys scripta elegans,Tennessee,35.035284,-89.27825,435.0,2016-05-01
Trachemys scripta elegans,Alabama,32.597277,-85.484378,27.0,2016-04-19T12:28:24
Trachemys scripta elegans,Oklahoma,33.736686,-94.660535,5999.0,2016-04-29T11:37:07
Trachemys scripta elegans,Florida,29.645965,-82.347128,,2016-04-11T14:19:57
Trachemys scripta elegans,Illinois,37.279205,-89.173634,29352.0,2016-04-25T17:42:38
Trachemys scripta elegans,Florida,29.647347,-82.344723,,2016-04-12T13:50:42
Trachemys scripta elegans,Arkansas,34.815511,-92.439658,4.0,2016-02-17
Trachemys scripta elegans,Illinois,37.270557,-89.03389,2752.0,2016-04-25T13:16:10
Trachemys scripta elegans,Arkansas,34.843374,-92.44748,8.0,2016-03-21
Trachemys scripta elegans,Arkansas,34.843143,-92.448956,16.0,2016-03-21
Trachemys scripta elegans,Texas,29.699367,-93.948113,,2016-04-19T09:46:53
Trachemys scripta elegans,Texas,29.821123,-94.665209,86.0,2016-04-23
Trachemys scripta elegans,Texas,30.782085,-95.660199,14.0,2016-04-22T13:46:54
Trachemys scripta elegans,Texas,29.574003,-94.389939,,2016-04-22T15:40
Trachemys scripta elegans,Texas,29.573817,-94.38965,57.0,2016-04-23
Trachemys scripta elegans,Texas,29.771352,-95.569818,,2016-04-25T06:41:56
Trachemys scripta elegans,Texas,29.474097,-94.452255,29483.0,2016-04-24
Trachemys scripta elegans,Arkansas,34.843659,-92.462024,4.0,2016-02-29
Trachemys scripta elegans,Arkansas,34.837667,-92.489569,5.0,2016-02-17
Trachemys scripta elegans,Arkansas,34.836532,-92.489113,3.0,2016-02-17
Trachemys scripta elegans,Texas,29.675503,-94.488583,,2016-04-22T07:42:08
Trachemys scripta elegans,Texas,29.586295,-95.155039,2.0,2016-04-20
Trachemys scripta elegans,Texas,31.37515,-94.7284,400.0,2016-04-19
Trachemys scripta elegans,Louisiana,30.35615,-91.094984,,2016-04-17T10:31
Trachemys scripta elegans,Texas,30.029778,-95.301345,,2016-04-16T08:47:32
Trachemys scripta elegans,Oklahoma,36.747311,-95.980818,8564.0,2016-04-15
Trachemys scripta elegans,Tennessee,35.141675,-89.832979,357.0,2016-04-12T10:54:56
Trachemys scripta elegans,Arkansas,35.513217,-93.324418,13.0,2016-04-09T13:53:15
Trachemys scripta elegans,Tennessee,35.146488,-89.984797,54.0,2016-04-09
Trachemys scripta elegans,Texas,29.741676,-95.514859,688.0,2016-04-10T16:04:14
Trachemys scripta elegans,Oklahoma,36.145625,-95.815546,28592.0,2016-04-09T14:52:40
Trachemys scripta elegans,Texas,29.614439,-94.537753,14.0,2016-04-05T14:35:58
Trachemys scripta elegans,Oklahoma,36.223447,-95.90308,53.0,2016-04-08
Trachemys scripta elegans,Texas,29.982478,-95.861612,,2016-04-02T15:50:16
Trachemys scripta elegans,Oklahoma,36.216226,-95.894919,2099.0,2016-04-07T16:51:33
Trachemys scripta elegans,Texas,30.9294,-94.1376,100.0,2016-04-05
Trachemys scripta elegans,Tennessee,35.135033,-89.801857,357.0,2016-04-02T12:29:27
Trachemys scripta elegans,Illinois,37.271331,-89.033087,8.0,2016-04-01T09:18:23
Trachemys scripta elegans,Illinois,37.566351,-89.441972,210.0,2016-03-26
Trachemys scripta elegans,Illinois,37.555941,-89.4418,210.0,2016-03-26
Trachemys scripta elegans,Arkansas,35.119145,-92.519077,16511.0,2015-09-26T13:27:58
Trachemys scripta elegans,Texas,30.63643,-96.300605,,2016-03-27T16:45:53
Trachemys scripta elegans,Texas,32.629256,-95.463175,3.0,2016-03-26
Trachemys scripta elegans,Texas,30.160583,-95.515256,344.0,2016-03-15T13:35:15
Trachemys scripta elegans,Louisiana,30.41623,-91.194253,,2016-03-15T20:12:43
Trachemys scripta elegans,Texas,30.670524,-96.258783,5.0,2016-03-16T23:52:52
Trachemys scripta elegans,Texas,30.60168,-96.308652,,2016-03-10T14:20:01
Trachemys scripta elegans,Tennessee,35.142064,-89.82203,217.0,2016-02-28
Trachemys scripta elegans,Tennessee,35.142856,-89.820195,54.0,2016-03-17
Trachemys scripta elegans,Texas,30.603537,-96.359639,40.0,2016-03-19T14:12:32
Trachemys scripta elegans,Texas,30.600715,-96.360199,37.0,2016-03-19T13:55:43
Trachemys scripta elegans,North Carolina,35.633738,-82.557878,26.0,2016-03-16T15:10:42
Trachemys scripta elegans,Texas,33.779204,-96.066339,1.0,2016-03-12
Trachemys scripta elegans,Texas,30.603086,-96.360062,1032.0,2016-03-08T16:55:31
Trachemys scripta elegans,Texas,29.910194,-95.672936,230.0,2016-03-10
Trachemys scripta elegans,Texas,31.358084,-94.727106,220.0,2016-03-13
Trachemys scripta elegans,Texas,31.374545,-94.72782,300.0,2016-03-13
Trachemys scripta elegans,Texas,29.58747,-95.010348,2.0,2016-03-11
Trachemys scripta elegans,Texas,30.603079,-96.360054,,2016-03-08T16:55:15
Trachemys scripta elegans,Louisiana,29.931655,-90.12366,,2016-02-27T14:31:07
Trachemys scripta elegans,Texas,30.563494,-94.334074,29356.0,2016-03-06
Trachemys scripta elegans,Louisiana,29.931655,-90.12366,,2016-02-27T14:30:52
Trachemys scripta elegans,Texas,32.692464,-94.180405,111.0,2016-03-02T15:41
Trachemys scripta elegans,Texas,32.48217,-95.295489,3.0,2016-03-04
Trachemys scripta elegans,Texas,30.601779,-96.360275,205.0,2016-03-01T13:55:31
Trachemys scripta elegans,Texas,29.981673,-95.569056,12.0,2016-02-27T16:02:27
Trachemys scripta elegans,Arkansas,35.495102,-93.32739,13.0,2016-02-21T14:26:09
Trachemys scripta elegans,Florida,29.646059,-82.347168,,2016-02-20T12:40:12
Trachemys scripta elegans,Texas,32.054132,-94.131299,28.0,2016-02-12T14:00
Trachemys scripta elegans,Arkansas,35.503129,-93.315618,28.0,2016-02-13T14:12:43
Trachemys scripta elegans,Texas,32.631668,-95.458617,13.0,2016-02-12
Trachemys scripta elegans,Texas,29.38683,-95.011331,,2016-02-10T13:19:06
Trachemys scripta elegans,Texas,31.37515,-94.7284,300.0,2016-02-03
Trachemys scripta elegans,Texas,31.356966,-94.725904,180.0,2016-02-03
Trachemys scripta elegans,Texas,31.357754,-94.725947,250.0,2016-01-03
Trachemys scripta elegans,Texas,31.414484,-93.780563,28.0,2016-01-24
Trachemys scripta elegans,Texas,29.58502,-96.336605,60.0,2016-01-19T10:27:36
Trachemys scripta elegans,Texas,29.979129,-95.845032,71.0,2016-01-17T12:46:48
Trachemys scripta elegans,Texas,32.697454,-94.110947,71.0,2015-05-15T08:41:47
Trachemys scripta elegans,Texas,32.609842,-94.219114,2381.0,2015-04-26T10:51:33
Trachemys scripta elegans,Texas,29.764118,-95.453197,,2016-01-09T10:23:09
Trachemys scripta elegans,Texas,29.764142,-95.453047,5.0,2016-01-07T15:52:39
Trachemys scripta elegans,Texas,32.628797,-95.463086,6.0,2016-01-03
Trachemys scripta elegans,Texas,32.623581,-95.460044,27.0,2016-01-03
Trachemys scripta elegans,Texas,30.730541,-96.023615,3.0,2015-12-07T10:45
Trachemys scripta elegans,Texas,29.217832,-94.93416,,2015-12-06
Trachemys scripta elegans,Texas,29.771647,-95.569187,15.0,2015-11-21T08:41:28
Trachemys scripta elegans,Texas,29.951038,-95.62888,88.0,2015-11-22T14:01:41
Trachemys scripta elegans,Texas,31.389022,-94.098361,,2015-06-20T17:12:07
Trachemys scripta elegans,Texas,31.945469,-95.841114,5.0,2015-09-20T09:51:50
Trachemys scripta elegans,Texas,30.004657,-95.520517,4.0,2015-10-01
Trachemys scripta elegans,Texas,29.590266,-95.670835,9.0,2015-10-04
Trachemys scripta elegans,North Carolina,35.63368,-82.558029,9.0,2015-09-30T14:50:52
Trachemys scripta elegans,Arkansas,35.50823,-93.316125,13.0,2015-09-26T15:57:51
Trachemys scripta elegans,Texas,29.335743,-95.287209,7.0,2015-08-22T13:15
Trachemys scripta elegans,Texas,30.093906,-95.390074,305.0,2015-08-15T10:02:33
Trachemys scripta elegans,Texas,29.771587,-95.569595,,2015-07-10T15:10:10
Trachemys scripta elegans,Texas,29.764049,-95.453184,5.0,2015-06-29T10:00:17
Trachemys scripta elegans,Arkansas,35.513153,-93.324782,3.0,2015-08-23
Trachemys scripta elegans,Texas,31.917065,-95.879294,32.0,2015-08-15
Trachemys scripta elegans,Arkansas,35.513096,-93.324624,3.0,2015-08-15
Trachemys scripta elegans,Arkansas,34.647037,-92.065143,1785.0,2015-08-04
Trachemys scripta elegans,Texas,29.732836,-94.501877,10.0,2015-07-03T20:47:38
Trachemys scripta elegans,Arkansas,36.315806,-94.178495,7.0,2015-05-10T10:26:45
Trachemys scripta elegans,North Carolina,35.633193,-82.558211,13.0,2015-07-10T15:29:45
Trachemys scripta elegans,Oklahoma,33.66864,-94.514608,442.0,2015-07-07
Trachemys scripta elegans,Texas,29.886193,-96.34415,29433.0,2015-07-04T12:28:39
Trachemys scripta elegans,Arkansas,35.513383,-93.31864,3.0,2015-06-28
Trachemys scripta elegans,Texas,29.017738,-95.446508,,2015-06-21
Trachemys scripta elegans,Texas,32.720011,-94.052924,29066.0,2015-04-20T09:51:08
Trachemys scripta elegans,Texas,30.140339,-94.248902,5.0,2015-06-14T08:40:32
Trachemys scripta elegans,Texas,32.692429,-94.178998,27.0,2015-05-30
Trachemys scripta elegans,Louisiana,29.866443,-93.455904,72.0,2015-04-23T17:57:57
Trachemys scripta elegans,Texas,29.71286,-95.635284,29458.0,2015-05-27T14:26:31
Trachemys scripta elegans,Louisiana,29.866443,-93.455904,72.0,2015-04-23T17:59:16
Trachemys scripta elegans,Texas,31.331486,-94.70722,197.0,2015-05-19
Trachemys scripta elegans,North Carolina,35.61003,-82.427577,13.0,2015-05-22T13:17:13
Trachemys scripta elegans,Texas,29.589725,-95.149576,9.0,2015-05-18
Trachemys scripta elegans,Texas,30.0768,-95.861496,29407.0,2015-05-18T12:27:28
Trachemys scripta elegans,Texas,29.373578,-95.641414,922.0,2015-04-05
Trachemys scripta elegans,Louisiana,32.604436,-92.051196,86.0,2015-05-14T12:12:19
Trachemys scripta elegans,Texas,31.372661,-94.727535,365.0,2015-05-07
Trachemys scripta elegans,Texas,29.57377,-94.390965,519.0,2015-04-24T12:54:23
Trachemys scripta elegans,Texas,31.37489,-94.37489,150.0,2015-03-24
Trachemys scripta elegans,Texas,31.14038,-94.05156,15.0,2015-04-24T13:58
Trachemys scripta elegans,Texas,30.636378,-96.3405,,2015-04-30T12:59:26
Trachemys scripta elegans,Texas,29.57377,-94.390965,519.0,2015-04-24T14:12:22
Trachemys scripta elegans,Texas,30.592067,-96.335568,,2015-05-02T09:25:09
Trachemys scripta elegans,Texas,31.335914,-94.709412,198.0,2015-04-27
Trachemys scripta elegans,Texas,31.37318,-94.7284,300.0,2015-04-16
Trachemys scripta elegans,North Carolina,35.633564,-82.558098,6.0,2015-04-13T14:57:33
Trachemys scripta elegans,Texas,30.601428,-96.307013,21.0,2015-04-06
Trachemys scripta elegans,Texas,32.634139,-95.461776,13.0,2015-04-04
Trachemys scripta elegans,Texas,29.918566,-96.023714,76.0,2015-03-27T12:03:24
Trachemys scripta elegans,Texas,31.35816,-94.72542,200.0,2015-03-23
Trachemys scripta elegans,Texas,29.50792,-95.132635,6.0,2015-03-20
Trachemys scripta elegans,North Carolina,35.633618,-82.557989,3.0,2015-03-20T14:49:38
Trachemys scripta elegans,Texas,30.55983,-96.206192,108.0,2015-03-19
Trachemys scripta elegans,Texas,29.755938,-95.645855,15.0,2015-03-14T13:18:31
Trachemys scripta elegans,Texas,29.77143,-95.569512,30.0,2015-03-14T16:11:40
Trachemys scripta elegans,North Carolina,35.633666,-82.558089,6.0,2015-03-12T10:50:25
Trachemys scripta elegans,Texas,31.35793,-94.72593,200.0,2015-03-06
Trachemys scripta elegans,Texas,31.37318,-94.7284,200.0,2015-03-04
Trachemys scripta elegans,Texas,33.594889,-95.936737,122.0,2015-02-21
Trachemys scripta elegans,Texas,30.251875,-94.174375,,2015-01-29T16:21:50
Trachemys scripta elegans,Texas,29.587726,-95.083907,22.0,2015-02-14
Trachemys scripta elegans,Texas,29.379817,-95.611625,,2015-02-08
Trachemys scripta elegans,Texas,31.37444,-94.72631,200.0,2015-02-09
Trachemys scripta elegans,Texas,31.37279,-94.72847,300.0,2015-01-29
Trachemys scripta elegans,Texas,31.3727,-94.72857,200.0,2015-01-26
Trachemys scripta elegans,Texas,31.37138,-94.734016,150.0,2015-01-06
